{"type":"FeatureCollection","features":[{"type":"Feature","id":"relation/18931705","properties":{"name_th":"อำเภอบ้านโป่ง","name_en":"Ban Pong District"},"geometry":{"type":"Polygon","coordinates":[[[99.969978,13.8104643],[99.9697272,13.8105859],[99.969067,13.8108631],[99.9686257,13.8111727],[99.9682422,13.8115321],[99.9678519,13.8117982],[99.9672028,13.8122306],[99.9665323,13.8127098],[99.966201,13.812897],[99.9658644,13.8130068],[99.9655171,13.812996],[99.9648411,13.8127563],[99.964522,13.8125896],[99.9642725,13.8125428],[99.9638554,13.8124963],[99.9635341,13.8124791],[99.9633021,13.8124811],[99.9631163,13.8125074],[99.9629612,13.8125541],[99.9628437,13.8126273],[99.9627456,13.8127897],[99.9626887,13.8130474],[99.9626793,13.8131847],[99.9627059,13.8133211],[99.9627716,13.8135347],[99.9630707,13.8142065],[99.9631498,13.8144286],[99.9632158,13.8146419],[99.9632568,13.8148896],[99.9632568,13.8150691],[99.9632391,13.8153465],[99.9631541,13.8158432],[99.9631058,13.8161208],[99.9630972,13.8163386],[99.9630884,13.816616],[99.9630929,13.8167582],[99.9631369,13.8168777],[99.9632772,13.8170687],[99.9636422,13.8174359],[99.9637804,13.8175909],[99.9638622,13.8177177],[99.9639148,13.8178159],[99.9639341,13.8179154],[99.9639325,13.8180423],[99.9639056,13.8181933],[99.9638646,13.8183043],[99.9637197,13.8186325],[99.963591,13.8188929],[99.9635025,13.8190752],[99.9634032,13.8194659],[99.9633818,13.8196248],[99.9634032,13.8197654],[99.9634703,13.819966],[99.9635025,13.8201275],[99.9635105,13.8205729],[99.9634837,13.8209216],[99.9634008,13.8212943],[99.9631245,13.8218072],[99.9628349,13.8221614],[99.9626203,13.8223228],[99.9623138,13.822552],[99.9615474,13.8230365],[99.9610485,13.8234011],[99.9608554,13.8236303],[99.9608196,13.8237652],[99.9608017,13.8239116],[99.9608582,13.8240525],[99.960968,13.8241616],[99.9611181,13.8242262],[99.9613811,13.8242762],[99.9617861,13.8243885],[99.9619444,13.8244065],[99.9621911,13.8243596],[99.9624003,13.82437],[99.9625479,13.8244354],[99.9629404,13.8246867],[99.9633194,13.8249148],[99.9635206,13.8251003],[99.9636553,13.825292],[99.9637227,13.8254511],[99.9638163,13.8257816],[99.963886,13.8261306],[99.9641489,13.8266515],[99.9642041,13.8267677],[99.9642268,13.8269094],[99.9642012,13.8270521],[99.9640775,13.8273021],[99.9639343,13.8274537],[99.9636929,13.827636],[99.9634569,13.8278079],[99.9633496,13.8279382],[99.9632637,13.8282715],[99.9632691,13.828558],[99.9632476,13.8288341],[99.9631674,13.8290425],[99.9630548,13.8292248],[99.9629314,13.829506],[99.9629046,13.8296884],[99.9629207,13.8299436],[99.9628831,13.830277],[99.962808,13.8304853],[99.9626578,13.8310739],[99.9626471,13.8313917],[99.9626739,13.8316782],[99.9626527,13.831961],[99.9625116,13.8322347],[99.9623628,13.8324386],[99.9622394,13.8325532],[99.9620195,13.8326626],[99.9617083,13.8327616],[99.9614937,13.8328033],[99.9608339,13.8329231],[99.9603028,13.8331106],[99.9597262,13.833452],[99.9592514,13.8338398],[99.9590744,13.834043],[99.9590207,13.8342461],[99.9590583,13.834517],[99.959187,13.8351316],[99.9592085,13.8354858],[99.9591522,13.8356918],[99.9590529,13.8358296],[99.9588062,13.8360692],[99.9585433,13.8362098],[99.9582,13.8362359],[99.9579157,13.8362046],[99.9575938,13.8360952],[99.956934,13.8356785],[99.9565799,13.8354806],[99.9561561,13.8353087],[99.955845,13.8351264],[99.95555,13.834892],[99.9552603,13.8345743],[99.9551906,13.8343607],[99.9550994,13.8340846],[99.9550564,13.8337356],[99.9549813,13.8335012],[99.9548472,13.8332929],[99.954579,13.8329647],[99.954166,13.8326418],[99.9539728,13.8325532],[99.9537529,13.8325324],[99.9533935,13.8325272],[99.9530716,13.8324543],[99.9527658,13.8324074],[99.9525352,13.8324022],[99.9523474,13.8324803],[99.9521328,13.832673],[99.9519826,13.8328554],[99.9518485,13.8330064],[99.9517037,13.8330481],[99.9515159,13.8330168],[99.9513657,13.8328658],[99.9512906,13.8326626],[99.9511833,13.8324543],[99.9510868,13.8322459],[99.9509527,13.8321574],[99.9507864,13.8321209],[99.9505664,13.8321522],[99.9503304,13.8322042],[99.9501641,13.8322459],[99.9499924,13.8322042],[99.9497886,13.8320792],[99.9496759,13.8319334],[99.949574,13.8317042],[99.949456,13.8315011],[99.949279,13.8313292],[99.9490161,13.8310323],[99.9488981,13.8308447],[99.9487479,13.830678],[99.9484207,13.830428],[99.948072,13.8303603],[99.9477018,13.8303759],[99.9467148,13.8303864],[99.9462373,13.8305582],[99.9459638,13.8307406],[99.945658,13.8308343],[99.9454219,13.8307614],[99.9451806,13.8306103],[99.9449552,13.8304124],[99.9445261,13.8301207],[99.9442042,13.8299332],[99.9440916,13.8299384],[99.943995,13.8300374],[99.9437,13.8305218],[99.9435444,13.8307614],[99.9434103,13.8308031],[99.9432601,13.830777],[99.9430992,13.830652],[99.9429543,13.8304853],[99.9427344,13.8302926],[99.9425037,13.8301363],[99.9421604,13.8299592],[99.941978,13.8299071],[99.9418171,13.8299488],[99.9416776,13.8300478],[99.941581,13.830204],[99.9415327,13.830402],[99.9414657,13.830983],[99.9414094,13.8312406],[99.941345,13.8313708],[99.9412323,13.8314698],[99.9410768,13.8315011],[99.9409212,13.8314646],[99.9406208,13.8313448],[99.9404277,13.8311989],[99.9402292,13.8310531],[99.9400522,13.8309541],[99.9398537,13.8308968],[99.9396498,13.8309281],[99.9393602,13.8310323],[99.9390007,13.8312354],[99.9387593,13.831449],[99.9384482,13.8318605],[99.9382497,13.8320636],[99.9379922,13.8321886],[99.9376382,13.8322511],[99.9373592,13.8322772],[99.9371822,13.8323605],[99.9370427,13.8325324],[99.9369247,13.832772],[99.9367101,13.8331575],[99.9365224,13.8333189],[99.9362756,13.8334544],[99.9360503,13.8335429],[99.9357445,13.8337669],[99.9355943,13.8339857],[99.9354656,13.8342878],[99.9352939,13.8348503],[99.9352725,13.8350743],[99.9353529,13.8352879],[99.9354897,13.8354314],[99.9360986,13.8357879],[99.9364473,13.8359494],[99.9372412,13.8364442],[99.9377347,13.8368505],[99.937893,13.8370617],[99.9379627,13.8372701],[99.9379279,13.8375485],[99.9377401,13.837861],[99.9375363,13.8380589],[99.9373109,13.8382777],[99.9371151,13.8385045],[99.9370642,13.8387413],[99.9371554,13.8390642],[99.9373351,13.8391973],[99.9375738,13.8393403],[99.9377803,13.8395358],[99.937901,13.8397622],[99.9379064,13.8399705],[99.9378152,13.8402935],[99.9376006,13.8406633],[99.9372734,13.8410487],[99.9370537,13.8411545],[99.9368305,13.8412316],[99.9365849,13.8412811],[99.9360779,13.8413394],[99.9356748,13.8414081],[99.9354388,13.8414446],[99.934956,13.8416164],[99.9346234,13.8419133],[99.9341835,13.8424759],[99.9339501,13.8427548],[99.9337007,13.842929],[99.9333896,13.8430801],[99.9328156,13.8431947],[99.9318446,13.8433197],[99.9305518,13.8434447],[99.92971,13.8435296],[99.9291532,13.843514],[99.9288489,13.8434355],[99.9285771,13.843325],[99.9275165,13.8427177],[99.9270231,13.8426423],[99.9265997,13.8427253],[99.9259432,13.8429893],[99.9253372,13.8432246],[99.924834,13.8434927],[99.9241467,13.8437212],[99.9233473,13.8441597],[99.9230768,13.8443403],[99.9228468,13.8446129],[99.9226439,13.8447902],[99.9219843,13.8450444],[99.9214292,13.8453353],[99.9209086,13.8454975],[99.9206095,13.8457087],[99.9204424,13.8457276],[99.9199374,13.8455465],[99.919277,13.845192],[99.9185116,13.8450411],[99.9178007,13.8447997],[99.916103,13.8444451],[99.9153416,13.8441924],[99.9138827,13.8433807],[99.9136016,13.8433417],[99.9129902,13.8435324],[99.91266,13.843736],[99.9121936,13.844239],[99.9114635,13.8447478],[99.9110748,13.8450966],[99.9109453,13.8454682],[99.9109924,13.8458455],[99.9111985,13.8463486],[99.9112893,13.8467678],[99.9112467,13.8470055],[99.9111379,13.84713],[99.9101978,13.8472959],[99.9094441,13.8473148],[99.9087095,13.8472033],[99.9081737,13.8469689],[99.9078675,13.8466544],[99.9077321,13.8463114],[99.9076437,13.8453738],[99.9075495,13.8449164],[99.9074612,13.8447677],[99.9067947,13.8445616],[99.9066315,13.8444749],[99.9062774,13.8439632],[99.9061079,13.8437812],[99.9057375,13.8436946],[99.9055099,13.8435342],[99.9052064,13.8431096],[99.9044835,13.8426936],[99.9043541,13.8423817],[99.9044523,13.8422084],[99.9048673,13.8417274],[99.9049896,13.8413922],[99.904943,13.8411055],[99.904776,13.8410452],[99.9042396,13.8411226],[99.9040397,13.8411226],[99.9034861,13.8407593],[99.9028863,13.8406896],[99.9022148,13.8405453],[99.901856,13.840615],[99.9016253,13.8408788],[99.9014579,13.8413371],[99.9013211,13.8414736],[99.9008818,13.8416056],[99.9007118,13.8416566],[99.9004351,13.8416508],[99.9002353,13.8415573],[99.9001146,13.8416317],[99.900184,13.843167],[99.9001266,13.8432928],[99.9000376,13.8433239],[99.8998253,13.8458962],[99.8998783,13.8460706],[99.8999755,13.8468224],[99.8998165,13.8468911],[99.8997399,13.8469854],[99.8996928,13.8473599],[99.8994938,13.8475197],[99.8995374,13.847878],[99.8994325,13.848772],[99.89926,13.8489679],[99.8992056,13.8491976],[99.8993005,13.8495463],[99.8996665,13.8496895],[99.8997402,13.8497783],[99.8997985,13.8498486],[99.899872,13.8499371],[99.8997401,13.8500883],[99.8992358,13.8502461],[99.8990795,13.8504728],[99.8989437,13.8511364],[99.8988998,13.8517012],[99.8984754,13.8520884],[99.8986045,13.8542718],[99.8993229,13.8543991],[99.8995051,13.8545339],[99.8987904,13.8561388],[99.8999692,13.8567692],[99.9016316,13.8577229],[99.9022119,13.8581687],[99.9023586,13.8583521],[99.90255,13.8587522],[99.9027763,13.8608154],[99.9030164,13.8622562],[99.9030662,13.8623221],[99.9033384,13.8623594],[99.903545,13.8637439],[99.903742,13.8656681],[99.903828,13.8661237],[99.9042475,13.8674612],[99.9042813,13.8677544],[99.9042601,13.8679927],[99.9041833,13.8684171],[99.9041763,13.8689949],[99.9042255,13.8693833],[99.904374,13.8699035],[99.9045911,13.8711039],[99.9048632,13.8721826],[99.9049902,13.8724444],[99.9052466,13.8727782],[99.9053354,13.8731],[99.9053319,13.8740194],[99.9051792,13.8758385],[99.9060248,13.8779165],[99.9064825,13.8786331],[99.9066495,13.8790234],[99.9066921,13.8792488],[99.9072734,13.8791408],[99.9087351,13.8788424],[99.910128,13.8783429],[99.9117141,13.8807203],[99.9122507,13.880856],[99.9123633,13.882504],[99.9123735,13.8828288],[99.9123181,13.8830033],[99.9120984,13.8834502],[99.9115609,13.8852781],[99.9115396,13.8854279],[99.9108118,13.8879562],[99.9106908,13.8883506],[99.9106055,13.8887674],[99.9104898,13.8898121],[99.9106254,13.8902932],[99.9108789,13.8910218],[99.9108978,13.8911799],[99.9108899,13.8916651],[99.9109819,13.8919486],[99.9115986,13.8930159],[99.9129208,13.8947876],[99.9134036,13.8951613],[99.9140713,13.8958135],[99.9143661,13.8959335],[99.915191,13.8960502],[99.9155273,13.8962653],[99.9160204,13.8967787],[99.9166247,13.8970544],[99.9161705,13.8977683],[99.915804,13.898665],[99.9161779,13.8991958],[99.9160614,13.8994991],[99.9159162,13.8998705],[99.9155963,13.9002682],[99.9152131,13.9009412],[99.9154951,13.9010284],[99.9159727,13.9013425],[99.9170727,13.9023579],[99.9166473,13.9030519],[99.916189,13.9036776],[99.9166836,13.9040227],[99.9173637,13.904602],[99.918276,13.905271],[99.918201,13.9055913],[99.9181361,13.9061613],[99.9180592,13.9066168],[99.9208123,13.9081782],[99.9202552,13.908925],[99.9197015,13.9095806],[99.9194632,13.9095213],[99.9187738,13.9122942],[99.9219724,13.9107393],[99.9222454,13.9106542],[99.9225666,13.9106232],[99.9216404,13.9125228],[99.9216197,13.9129227],[99.9214492,13.9134444],[99.9200192,13.9151122],[99.9220801,13.9176813],[99.9229983,13.9176059],[99.9232092,13.9175585],[99.923645,13.9185105],[99.9236651,13.9199506],[99.923684,13.9202599],[99.9235812,13.9208791],[99.9234897,13.9210154],[99.9233524,13.9214324],[99.9233537,13.9221757],[99.9233956,13.922371],[99.9237291,13.9230839],[99.9238849,13.9233116],[99.9240227,13.9234172],[99.9248768,13.9234468],[99.9250175,13.9235276],[99.9250914,13.9236776],[99.9251325,13.9239357],[99.9251023,13.9245691],[99.9251253,13.9250647],[99.9259414,13.9251328],[99.9271351,13.9253512],[99.9281317,13.9254639],[99.9280782,13.9269475],[99.9278038,13.9288749],[99.9277787,13.9292501],[99.928156,13.9303596],[99.92908,13.930306],[99.9291281,13.9305723],[99.9292542,13.9309412],[99.9296812,13.9316949],[99.928949,13.9325955],[99.9285623,13.9330392],[99.9278909,13.9336172],[99.9272136,13.9340412],[99.9270408,13.9340591],[99.9258699,13.9312495],[99.9249598,13.9311653],[99.9251964,13.932324],[99.9260496,13.9341041],[99.9249464,13.9340969],[99.923143,13.9347392],[99.9218364,13.9353582],[99.9220228,13.9358822],[99.921765,13.9362756],[99.9214058,13.9364089],[99.921006,13.93651],[99.9177905,13.9369608],[99.9178379,13.9372638],[99.9167132,13.9378688],[99.9164129,13.9379768],[99.9155258,13.9382134],[99.9150964,13.9382617],[99.9142686,13.9381434],[99.9138864,13.9381782],[99.9131368,13.9384886],[99.9118306,13.9390857],[99.9092954,13.9396148],[99.9059868,13.939568],[99.9059971,13.9400661],[99.9016386,13.9401287],[99.8995359,13.9409701],[99.8970323,13.9427797],[99.8960759,13.9434683],[99.8955101,13.9439942],[99.8947836,13.944615],[99.8928437,13.9459647],[99.8912001,13.9472399],[99.8897529,13.9475913],[99.8889358,13.9477504],[99.888533,13.9485379],[99.8877756,13.9483214],[99.8868244,13.9488382],[99.8853059,13.9495997],[99.8850441,13.9489298],[99.8838611,13.9494017],[99.8832702,13.9484954],[99.8825624,13.948487],[99.8825234,13.9487338],[99.8823522,13.9493757],[99.8821579,13.9497108],[99.8817204,13.9501966],[99.8809048,13.951211],[99.8805937,13.9517472],[99.8804114,13.9521666],[99.8800273,13.9526886],[99.8796498,13.9534687],[99.8793767,13.9539173],[99.8779914,13.9554539],[99.8777319,13.9558341],[99.8776026,13.9561591],[99.8773224,13.957609],[99.8749432,13.9567585],[99.8752198,13.9563028],[99.875441,13.9559058],[99.8757178,13.9555133],[99.8759201,13.9552728],[99.8761797,13.9550296],[99.8764627,13.9547748],[99.8766633,13.9545731],[99.8769549,13.9541933],[99.8774211,13.9536243],[99.8777904,13.953219],[99.8780321,13.9530055],[99.8783622,13.9527606],[99.878601,13.9525521],[99.8787766,13.9523514],[99.8789526,13.9520952],[99.8791229,13.9517875],[99.8792471,13.9514681],[99.8793045,13.9512279],[99.8793176,13.9509972],[99.8793002,13.9507755],[99.8792503,13.9505542],[99.8791315,13.9503025],[99.8789966,13.9501054],[99.8788075,13.9499162],[99.8785921,13.9497626],[99.8783284,13.9496431],[99.8781085,13.9495791],[99.8776233,13.9495174],[99.8771987,13.9494219],[99.8771156,13.9493878],[99.877041,13.9493572],[99.8761373,13.9489757],[99.875775,13.9487854],[99.8756272,13.9486685],[99.8754893,13.9485282],[99.8753705,13.9483788],[99.8752578,13.9482033],[99.8750658,13.9478712],[99.8746833,13.9471782],[99.8742743,13.9465766],[99.8739972,13.9462564],[99.8738247,13.9461114],[99.8736397,13.9460141],[99.8734905,13.9459823],[99.8733409,13.9459823],[99.873489,13.945455],[99.8740476,13.9443369],[99.8735877,13.9437143],[99.8734371,13.9434839],[99.8732255,13.9432024],[99.8727083,13.9424705],[99.8725347,13.9422233],[99.8721865,13.9417275],[99.8717317,13.9411017],[99.8712532,13.9403964],[99.8712174,13.9403437],[99.8706366,13.9395398],[99.8704885,13.9393373],[99.8703407,13.939134],[99.8703135,13.9390965],[99.8700328,13.9387066],[99.8699627,13.9386092],[99.869774,13.9383368],[99.8696875,13.9382119],[99.8696489,13.938158],[99.8692333,13.9375777],[99.8690744,13.9373579],[99.8686993,13.9368406],[99.8684432,13.9364874],[99.868209,13.9361644],[99.868167,13.9360968],[99.8680497,13.9359113],[99.8679038,13.935729],[99.8676932,13.9354433],[99.8675529,13.9352447],[99.8674692,13.9351302],[99.8674499,13.9351038],[99.867362,13.9349835],[99.8672074,13.9347112],[99.8670657,13.9344215],[99.8669806,13.9342301],[99.8666032,13.933385],[99.8660906,13.9323052],[99.8660278,13.9321522],[99.8657224,13.9313872],[99.8650221,13.9316023],[99.8640538,13.9317845],[99.8631068,13.931859],[99.8628556,13.9305162],[99.8623921,13.9285483],[99.8568323,13.9299213],[99.8563999,13.9286893],[99.8563136,13.9274536],[99.8554498,13.9275194],[99.8558254,13.9255719],[99.8552049,13.9254588],[99.8552436,13.9252098],[99.8531,13.9248324],[99.8530031,13.923219],[99.8535085,13.9231984],[99.8539713,13.9232255],[99.853969,13.9215872],[99.8522611,13.9215611],[99.8511683,13.9216087],[99.8500918,13.9217109],[99.8498919,13.9216647],[99.8497362,13.9215504],[99.8496036,13.9213512],[99.8493867,13.920622],[99.8493067,13.9205124],[99.8491911,13.9204423],[99.8489838,13.9204035],[99.8478888,13.9203918],[99.8477699,13.9203633],[99.8476829,13.9202902],[99.8471585,13.9194369],[99.8469849,13.9192769],[99.8465631,13.919049],[99.8461647,13.9187871],[99.8460503,13.9186335],[99.8459909,13.9184879],[99.8462108,13.9179062],[99.8453963,13.91766],[99.8453466,13.9178279],[99.8450534,13.9176751],[99.8451055,13.9173976],[99.8451315,13.9168254],[99.8451705,13.9165624],[99.8453541,13.9158481],[99.8455037,13.9153852],[99.8455643,13.9151293],[99.8456061,13.9147779],[99.8455375,13.9144643],[99.8455527,13.9140325],[99.8454783,13.9137937],[99.8453422,13.913626],[99.8451908,13.913412],[99.8449799,13.9133142],[99.8449885,13.913129],[99.8451779,13.9119025],[99.845348,13.9110755],[99.8452555,13.9100896],[99.844556,13.9084483],[99.8441893,13.9069864],[99.8443811,13.9061033],[99.8466432,13.9040837],[99.8480821,13.904033],[99.8481435,13.9024568],[99.8483121,13.9005864],[99.8484669,13.8991259],[99.8485981,13.8980142],[99.8485976,13.897882],[99.8485599,13.8976479],[99.848419,13.8968934],[99.8484021,13.8967751],[99.8484281,13.8962415],[99.8486904,13.8957287],[99.8477619,13.8948777],[99.8472544,13.8944191],[99.846583,13.8941939],[99.8463147,13.8940537],[99.8459965,13.8939151],[99.8457364,13.8938337],[99.8452044,13.8936881],[99.8446495,13.893699],[99.844558,13.893366],[99.8444405,13.8924965],[99.8443749,13.8920763],[99.8440914,13.8910673],[99.8441129,13.8906984],[99.8441609,13.8905265],[99.8439848,13.8895974],[99.8439111,13.8890117],[99.8436401,13.8876966],[99.8436132,13.8873502],[99.8436672,13.8863977],[99.8435469,13.8857567],[99.8419795,13.8858873],[99.8416713,13.8849018],[99.8406927,13.8853485],[99.8405829,13.8852369],[99.8398991,13.8853318],[99.8385398,13.8859421],[99.8382604,13.8865238],[99.8376206,13.8862968],[99.8371471,13.8860818],[99.8372616,13.8859599],[99.8364772,13.8855481],[99.8358178,13.8843392],[99.8361747,13.8840285],[99.8353539,13.8824788],[99.8349871,13.8818765],[99.8353385,13.8817714],[99.8347329,13.8805322],[99.8344358,13.8796698],[99.8360662,13.8787813],[99.837162,13.8806606],[99.8375088,13.8803236],[99.8380717,13.8807502],[99.8384722,13.8804707],[99.838368,13.8803212],[99.8389622,13.87997],[99.8399477,13.8791839],[99.8386304,13.877288],[99.8378179,13.8759167],[99.8373323,13.874917],[99.8371671,13.8743952],[99.8368593,13.8729989],[99.8366247,13.8724581],[99.83648,13.8724013],[99.8358319,13.8726353],[99.8347712,13.8728907],[99.8333408,13.8730791],[99.8328453,13.8732688],[99.8321495,13.87365],[99.831587,13.8738065],[99.8311014,13.8740454],[99.8308209,13.874108],[99.8307886,13.8731563],[99.8308976,13.8731485],[99.8308471,13.8718857],[99.8309102,13.87028],[99.8307924,13.8698631],[99.8305933,13.8695683],[99.8303257,13.8700098],[99.8299354,13.8710341],[99.8294351,13.8709078],[99.8283028,13.8707383],[99.8278999,13.8708405],[99.8267337,13.8720021],[99.826269,13.8716376],[99.8256095,13.8721237],[99.8255004,13.871873],[99.8241335,13.8704867],[99.8225916,13.8686788],[99.8222439,13.8683131],[99.8190262,13.8661327],[99.8193754,13.8656872],[99.8196977,13.8651063],[99.8198972,13.864507],[99.8201374,13.8629797],[99.8202659,13.8616599],[99.8204202,13.8604573],[99.8204643,13.8600226],[99.8206509,13.8590772],[99.8208144,13.8584796],[99.8209345,13.8581885],[99.8201918,13.8579127],[99.8195081,13.8576962],[99.8191482,13.8576542],[99.8189438,13.8575883],[99.8183664,13.8572334],[99.8175293,13.856875],[99.8166093,13.8566819],[99.8163334,13.8567089],[99.8160491,13.8565346],[99.8143153,13.8562365],[99.8138648,13.856083],[99.8138615,13.8558536],[99.813299,13.8558305],[99.8132924,13.856059],[99.8127272,13.8560557],[99.8121922,13.8559413],[99.8107971,13.8558583],[99.8107434,13.8556532],[99.8100049,13.8546141],[99.8084282,13.8530683],[99.8081393,13.8526653],[99.8079331,13.8522982],[99.8078075,13.8519265],[99.807677,13.8509369],[99.8077246,13.850539],[99.8076996,13.8502939],[99.8075356,13.8498963],[99.8072104,13.8495323],[99.8069996,13.8491927],[99.8069162,13.8489044],[99.8069211,13.848709],[99.8071095,13.8480334],[99.8070959,13.8475342],[99.8069719,13.8470624],[99.8063497,13.8459115],[99.8060536,13.8452146],[99.8059064,13.8450557],[99.8053925,13.8446455],[99.8051652,13.8443344],[99.8047136,13.843481],[99.8044127,13.8425945],[99.8043569,13.842325],[99.8044989,13.8414161],[99.8029352,13.8403348],[99.8028223,13.840182],[99.8028086,13.8399196],[99.8029062,13.8394724],[99.8030606,13.8392894],[99.8032794,13.8388712],[99.8037923,13.838194],[99.8039717,13.8381529],[99.8041511,13.8381433],[99.8045081,13.8375797],[99.8036036,13.8371067],[99.8033037,13.8370147],[99.8027746,13.8367522],[99.8016143,13.836232],[99.8008882,13.8356705],[99.8012293,13.835144],[99.8018747,13.8354575],[99.8019329,13.8354392],[99.8021133,13.8347589],[99.8025153,13.8325908],[99.8020045,13.8322297],[99.8008788,13.8315852],[99.7996943,13.8304327],[99.7996895,13.8301163],[99.7999724,13.8293361],[99.8001517,13.8290637],[99.7999193,13.8287566],[99.8000284,13.8281021],[99.7995775,13.8281199],[99.7993056,13.8280694],[99.7992906,13.8279191],[99.7991897,13.8277449],[99.7991758,13.8276064],[99.7992675,13.8272627],[99.7994398,13.8270569],[99.7994765,13.8269165],[99.7994357,13.8266897],[99.7996447,13.8261592],[99.7997778,13.8259364],[99.800454,13.8254453],[99.8009227,13.8250669],[99.8009303,13.8250551],[99.8009891,13.8249636],[99.8010329,13.8248561],[99.8010889,13.8247186],[99.8011083,13.8246713],[99.8011186,13.8246371],[99.8011209,13.8246108],[99.801114,13.8245704],[99.8010901,13.8245273],[99.8010656,13.8244833],[99.8010545,13.8244413],[99.8010514,13.8244298],[99.8010405,13.8243727],[99.8010384,13.8243614],[99.8010373,13.8242836],[99.8010352,13.8241357],[99.8010338,13.8240536],[99.8010387,13.8240144],[99.801051,13.8239658],[99.8010642,13.8239463],[99.8010789,13.8239247],[99.8011126,13.8239074],[99.8011535,13.8239016],[99.8012048,13.8239083],[99.801325,13.8239545],[99.8014236,13.8240004],[99.801696,13.8241283],[99.8017298,13.8241315],[99.801744,13.8241276],[99.8017685,13.8241093],[99.8018156,13.8240305],[99.8019832,13.8236271],[99.8020768,13.823328],[99.8021043,13.8232476],[99.8021607,13.8230045],[99.8021641,13.8229726],[99.802158,13.8229479],[99.8021523,13.8229247],[99.8021358,13.8228917],[99.8021136,13.8228644],[99.8020465,13.8228063],[99.802,13.8227634],[99.8019801,13.8227373],[99.8019631,13.8226862],[99.8019598,13.8226084],[99.801961,13.8225867],[99.8019688,13.8225208],[99.8020404,13.8222821],[99.8021492,13.8220366],[99.8021575,13.8220238],[99.8021776,13.8220061],[99.802226,13.8219853],[99.8023316,13.8219582],[99.8023637,13.8219428],[99.8023783,13.8219284],[99.8024023,13.8218987],[99.8024145,13.8218705],[99.8024249,13.8218347],[99.8024392,13.8217468],[99.8024561,13.8215309],[99.8024735,13.8214792],[99.8024879,13.8214508],[99.8024993,13.8214284],[99.8025633,13.821347],[99.8026913,13.8212326],[99.8028866,13.8211232],[99.802903,13.8211146],[99.8029502,13.82109],[99.8029713,13.821072],[99.803055,13.8209332],[99.8030625,13.8209208],[99.8030888,13.8208737],[99.8031095,13.8208471],[99.8031529,13.8208158],[99.8031681,13.8208115],[99.8031852,13.8208066],[99.8032085,13.820805],[99.8032659,13.8208114],[99.8033421,13.8208376],[99.8034078,13.8208678],[99.8035113,13.8209438],[99.8035871,13.821029],[99.8036315,13.8210849],[99.8036629,13.8211167],[99.8037245,13.8211596],[99.8037564,13.8211739],[99.8038041,13.8211953],[99.8039009,13.8212257],[99.8042458,13.8213139],[99.8043324,13.8213361],[99.8046499,13.8213979],[99.8048255,13.8214302],[99.8052124,13.8214775],[99.8052839,13.8211215],[99.8052881,13.8210872],[99.8053082,13.8210077],[99.8053561,13.8209069],[99.8054685,13.8207603],[99.8055069,13.8207264],[99.8055944,13.8206491],[99.8056575,13.8206058],[99.8057578,13.8205717],[99.805891,13.8205515],[99.8059122,13.8205509],[99.8061802,13.8205445],[99.8062408,13.8205431],[99.8062682,13.8205425],[99.8063162,13.8205366],[99.8063574,13.8205237],[99.8063693,13.82052],[99.8064028,13.8204975],[99.8064292,13.8204594],[99.8064414,13.8204127],[99.8064275,13.8201813],[99.8064206,13.8200655],[99.8064136,13.8199498],[99.8064137,13.819737],[99.8064137,13.8196961],[99.8064228,13.819652],[99.8064297,13.819619],[99.806453,13.8195765],[99.8065313,13.8195099],[99.8068175,13.8193793],[99.8068582,13.8193528],[99.8068877,13.8193298],[99.8070531,13.8191688],[99.8070724,13.8191562],[99.8070868,13.8191519],[99.8071032,13.8191471],[99.8071169,13.8191466],[99.8071383,13.8191458],[99.8073611,13.8191872],[99.8074614,13.8192058],[99.8075144,13.8192097],[99.8075345,13.8192065],[99.8075602,13.8192025],[99.8075838,13.8191911],[99.8076017,13.8191798],[99.8076182,13.8191615],[99.8077146,13.8189536],[99.8077314,13.818927],[99.8077571,13.8188862],[99.8077743,13.8188589],[99.8077913,13.8188347],[99.8078227,13.8188023],[99.8078561,13.8187678],[99.8079434,13.8186947],[99.807962,13.8186834],[99.8080329,13.8186405],[99.8080576,13.8186256],[99.8080711,13.818618],[99.8081158,13.8186015],[99.8081891,13.8185881],[99.808202,13.8185876],[99.808264,13.8185855],[99.8083433,13.8185828],[99.8085136,13.8185924],[99.8088385,13.8186361],[99.809243,13.818666],[99.8097494,13.8186256],[99.8095224,13.8165353],[99.8091633,13.8151108],[99.8082191,13.815019],[99.8079572,13.8150328],[99.8071386,13.8148066],[99.8067713,13.8151112],[99.8066626,13.8151229],[99.8063312,13.8149629],[99.8058531,13.8154652],[99.8057098,13.8154272],[99.8054501,13.8164546],[99.8053799,13.8168453],[99.805384,13.8174897],[99.8044381,13.8175136],[99.8039212,13.8174929],[99.8033681,13.8176749],[99.8028508,13.8177818],[99.8030636,13.8183481],[99.8013009,13.8194433],[99.8008419,13.8195902],[99.8007164,13.8195352],[99.8004752,13.8193221],[99.8003041,13.8193563],[99.8001741,13.819477],[99.8000544,13.8198716],[99.7994797,13.8195761],[99.7993818,13.8196032],[99.7991399,13.8197877],[99.7988717,13.819893],[99.7989311,13.820117],[99.7987063,13.8207111],[99.7985742,13.8208536],[99.7972143,13.8217061],[99.7970469,13.8217186],[99.7972755,13.822786],[99.7973123,13.8231093],[99.7970804,13.8236001],[99.7967595,13.8243566],[99.7973272,13.8245267],[99.7977563,13.8247431],[99.7978577,13.8251317],[99.7978608,13.8252798],[99.7982076,13.8259551],[99.7979674,13.8261676],[99.7970522,13.8265581],[99.796673,13.8268415],[99.7964658,13.8268376],[99.7961335,13.8269022],[99.7950349,13.8273653],[99.7949519,13.8275088],[99.7942069,13.8275225],[99.7932929,13.8274789],[99.7926662,13.8275426],[99.7923694,13.8275072],[99.792098,13.8274946],[99.7919758,13.8274427],[99.7916311,13.8271222],[99.7915012,13.827056],[99.7910065,13.8269339],[99.7904919,13.8267646],[99.7904495,13.8262267],[99.7907663,13.8242013],[99.7907073,13.8237804],[99.789844,13.8238474],[99.7897699,13.8238959],[99.7892194,13.8239067],[99.78897,13.8238331],[99.7878116,13.8238981],[99.7875698,13.8239338],[99.7869468,13.8259619],[99.7867573,13.8269809],[99.7864651,13.8269816],[99.7861661,13.8269491],[99.7859101,13.8266006],[99.7855245,13.8266411],[99.7853449,13.826712],[99.7841801,13.8269394],[99.7833981,13.8251967],[99.7840642,13.8250675],[99.7847965,13.8249959],[99.7854355,13.8249847],[99.7852435,13.823804],[99.7846431,13.8218831],[99.7855393,13.821484],[99.7876809,13.82037],[99.7875309,13.8194719],[99.7863324,13.8196689],[99.7861873,13.8188112],[99.7862545,13.8184464],[99.7860473,13.8183649],[99.7856793,13.8182917],[99.7834087,13.8188896],[99.783563,13.8202457],[99.7836405,13.8215737],[99.7823501,13.8220607],[99.7820301,13.8223105],[99.7815054,13.8223155],[99.7810029,13.8226213],[99.7802949,13.8226571],[99.7800014,13.8230326],[99.7798932,13.8229825],[99.7796658,13.8231424],[99.7795878,13.8231373],[99.7794937,13.8230828],[99.779326,13.8233079],[99.7792226,13.8232767],[99.7790935,13.8232726],[99.7780191,13.8232175],[99.77789,13.8232224],[99.7777794,13.8232407],[99.7776044,13.8232818],[99.7774131,13.8233249],[99.7773786,13.8233276],[99.7773141,13.8233278],[99.7771988,13.8233282],[99.7769729,13.8233199],[99.7768023,13.8233159],[99.776429,13.8233712],[99.7760972,13.8233947],[99.7759588,13.8233771],[99.7757512,13.8233192],[99.7756702,13.8232932],[99.7751835,13.8231363],[99.7747818,13.8229574],[99.7746433,13.8228857],[99.7741583,13.8226215],[99.7738027,13.8224379],[99.7735533,13.822308],[99.7726146,13.8218886],[99.772468,13.8217814],[99.7723711,13.8216945],[99.772305,13.8216426],[99.7722543,13.8216106],[99.7719509,13.8214931],[99.7714386,13.821328],[99.770637,13.821057],[99.7699023,13.8203226],[99.7692205,13.8201333],[99.7687509,13.8198867],[99.7672979,13.8193312],[99.7667499,13.8190422],[99.7659536,13.8187468],[99.7651085,13.8181694],[99.7646042,13.8190904],[99.7642237,13.8190372],[99.7641651,13.8185777],[99.7637364,13.8184048],[99.7636533,13.8186012],[99.763581,13.8190163],[99.7635221,13.8190903],[99.7633666,13.8191643],[99.7633266,13.819233],[99.7632759,13.8194372],[99.7632149,13.819495],[99.7628084,13.8195846],[99.7626738,13.8196886],[99.7626552,13.8197648],[99.7627529,13.8198835],[99.7627545,13.8199717],[99.7627066,13.8200819],[99.7625954,13.8206321],[99.7625211,13.8207767],[99.76244,13.8208441],[99.762192,13.8208443],[99.7621062,13.8209034],[99.7620182,13.8211019],[99.7617967,13.8212207],[99.7617441,13.8212887],[99.7617086,13.8214506],[99.7615597,13.8215263],[99.7612995,13.8215654],[99.7607909,13.8214925],[99.7606153,13.8215148],[99.7603048,13.82164],[99.760182,13.8216571],[99.7599543,13.8216036],[99.759793,13.8216282],[99.7594175,13.8220255],[99.7594078,13.8221675],[99.7594986,13.8223083],[99.7594809,13.8223854],[99.759359,13.8224802],[99.759313,13.8225992],[99.7593227,13.8228596],[99.759275,13.8229394],[99.7590821,13.8230471],[99.7588925,13.823282],[99.7586773,13.823397],[99.7585832,13.8236025],[99.7586813,13.8241008],[99.7586382,13.8242844],[99.7585623,13.8243375],[99.7583272,13.8243235],[99.7582087,13.8244062],[99.7580989,13.8246955],[99.7581261,13.8247826],[99.7582487,13.8249896],[99.7582397,13.8250895],[99.7581779,13.8252359],[99.7576768,13.8259753],[99.7575704,13.8263268],[99.7574559,13.8264863],[99.7568341,13.826728],[99.7566183,13.8269571],[99.7564623,13.8274413],[99.7561501,13.8279654],[99.7561183,13.8281451],[99.7561393,13.8285161],[99.7561914,13.8287281],[99.7564755,13.8289529],[99.756574,13.8291053],[99.7567107,13.8292065],[99.7567808,13.8295062],[99.7568976,13.8297058],[99.7569039,13.8298325],[99.7568351,13.8299578],[99.7567183,13.8300479],[99.7564434,13.8300957],[99.7561256,13.8302027],[99.7559685,13.8302219],[99.7558427,13.8303343],[99.7557324,13.8303473],[99.7556138,13.8302937],[99.7555476,13.8301112],[99.7554619,13.8300602],[99.7553446,13.8300707],[99.755003,13.8302877],[99.7547682,13.8305766],[99.7545066,13.8307499],[99.7543508,13.8309539],[99.7542002,13.8311031],[99.7541986,13.8312084],[99.7543679,13.8314672],[99.754373,13.8315923],[99.7543279,13.8317022],[99.7533417,13.831865],[99.7528014,13.8318649],[99.7523709,13.8317974],[99.752244,13.8317425],[99.7521059,13.831762],[99.7520325,13.8318419],[99.7520598,13.8319686],[99.7521559,13.8320971],[99.7521992,13.8321929],[99.7523631,13.8325552],[99.7525316,13.832717],[99.752579,13.8328266],[99.7526371,13.8331978],[99.7519483,13.8331674],[99.7512028,13.8330408],[99.7507519,13.8330075],[99.7498008,13.8327554],[99.7495053,13.8328701],[99.7491539,13.8329532],[99.7487452,13.8325572],[99.7471281,13.831638],[99.7469016,13.831662],[99.7467472,13.8316478],[99.7452653,13.830899],[99.7449373,13.83059],[99.743793,13.8300463],[99.7434195,13.8299416],[99.7423774,13.8299621],[99.7413924,13.8300624],[99.7412034,13.8301061],[99.7410356,13.8303818],[99.7402887,13.8304752],[99.7394062,13.8305475],[99.7392634,13.829661],[99.739285,13.8293547],[99.7373154,13.82904],[99.7353871,13.8290592],[99.733357,13.8288972],[99.7333064,13.8292245],[99.7333245,13.8294274],[99.7331212,13.8294949],[99.7324243,13.8295807],[99.7312261,13.8295325],[99.7279417,13.8298717],[99.7278553,13.8295328],[99.727106,13.8297731],[99.7265924,13.8298714],[99.7263245,13.8300836],[99.7257926,13.8301251],[99.725306,13.8300056],[99.7248506,13.8301131],[99.7246715,13.8303547],[99.7241915,13.8318957],[99.7210584,13.8313921],[99.7193154,13.8315477],[99.7189925,13.8320303],[99.7193288,13.8365735],[99.7192105,13.8382055],[99.7187059,13.8391499],[99.7160661,13.8411429],[99.7145629,13.8413371],[99.7102853,13.8410586],[99.7084578,13.8411535],[99.7035533,13.8418189],[99.701949,13.8417804],[99.6991973,13.8409976],[99.6973492,13.8402184],[99.6954546,13.8440784],[99.694041,13.8427807],[99.6919017,13.8458881],[99.6900338,13.8473797],[99.6887566,13.8487319],[99.6871992,13.8517165],[99.68657,13.8524395],[99.6847826,13.8535253],[99.6838531,13.8537199],[99.681096,13.8537231],[99.6757107,13.8529861],[99.6731726,13.8525352],[99.6682146,13.8505918],[99.6652379,13.8490769],[99.6630458,13.8483624],[99.6626624,13.8494893],[99.6616505,13.8505444],[99.6613274,13.8510872],[99.6607305,13.8488968],[99.661647,13.8471461],[99.659034,13.8461655],[99.6545265,13.8467336],[99.6535804,13.846749],[99.6527459,13.8461085],[99.6524908,13.8452388],[99.6520663,13.8427077],[99.653023,13.8420878],[99.6526187,13.839879],[99.6526199,13.8393158],[99.6525464,13.8386256],[99.6523246,13.8379617],[99.6523603,13.837716],[99.6523406,13.837554],[99.6521578,13.8372273],[99.652104,13.8370023],[99.6520898,13.8363265],[99.6521409,13.8352064],[99.6523551,13.8342512],[99.6523184,13.8337853],[99.6520888,13.8331427],[99.6509371,13.8334239],[99.650553,13.8334644],[99.6488792,13.8342283],[99.6486047,13.8342822],[99.6473708,13.8346599],[99.6466933,13.8328177],[99.6468505,13.8327186],[99.6461935,13.8317833],[99.6465488,13.8315123],[99.646013,13.8309162],[99.6438074,13.8292415],[99.6427385,13.8298953],[99.6396765,13.8267308],[99.6370881,13.828635],[99.6368536,13.8268545],[99.6367252,13.8263162],[99.6365612,13.8259031],[99.6363364,13.8255542],[99.635295,13.8243079],[99.6365716,13.8234711],[99.6389795,13.8222313],[99.6375339,13.8198001],[99.6333817,13.8142567],[99.6254644,13.8063743],[99.6253326,13.8063471],[99.6252336,13.8062819],[99.6250952,13.8061553],[99.6249145,13.8059876],[99.6246925,13.8057318],[99.6244212,13.8054282],[99.6235665,13.8045132],[99.6223867,13.8034868],[99.6219387,13.803177],[99.6214814,13.8028313],[99.6211025,13.8024943],[99.6209929,13.8023804],[99.6208344,13.8022157],[99.6205062,13.8018831],[99.6203306,13.8017304],[99.6199632,13.7982206],[99.6187793,13.7917006],[99.6190834,13.7915434],[99.6193675,13.7913701],[99.6205685,13.7907561],[99.6207423,13.7906024],[99.6208522,13.7904672],[99.6209145,13.7904304],[99.6210021,13.7904163],[99.6215395,13.7904549],[99.6218346,13.7904662],[99.6219727,13.7904565],[99.6222968,13.7903839],[99.6225959,13.7902751],[99.6229966,13.7902602],[99.6236734,13.7903583],[99.6240775,13.7903628],[99.6243703,13.7903894],[99.6245528,13.7904538],[99.624795,13.7906459],[99.6249424,13.7906837],[99.6250931,13.7906954],[99.6252632,13.7906716],[99.6254018,13.7906267],[99.6256008,13.790521],[99.6257183,13.7905177],[99.6258839,13.7905922],[99.62598,13.790658],[99.6260503,13.7907395],[99.626087,13.7908251],[99.6261582,13.7911768],[99.6262478,13.7911927],[99.6263175,13.7911568],[99.6265123,13.7909703],[99.626598,13.7909282],[99.6266991,13.7909025],[99.6268104,13.7908969],[99.6268996,13.7909094],[99.6269578,13.7909357],[99.627022,13.7910671],[99.6270377,13.7917591],[99.6270744,13.7918462],[99.6271607,13.7918988],[99.6273074,13.7919465],[99.6275944,13.7919933],[99.6277782,13.7919986],[99.6279639,13.7919651],[99.6280182,13.7919914],[99.6281106,13.7920948],[99.6281409,13.7921075],[99.6281823,13.7921033],[99.6282607,13.7920706],[99.6284723,13.7919282],[99.6290729,13.7916182],[99.6292194,13.7915734],[99.6292603,13.7915766],[99.6293367,13.7916104],[99.629671,13.7918273],[99.6300447,13.7920339],[99.6301993,13.7920735],[99.6303868,13.7920362],[99.6304522,13.7920358],[99.6305214,13.7920594],[99.6305583,13.7920893],[99.6307735,13.7924516],[99.6308047,13.792482],[99.6308407,13.7924884],[99.6308835,13.7924618],[99.6309233,13.7923781],[99.6309722,13.792175],[99.631032,13.7918071],[99.6310685,13.7917068],[99.6312235,13.7914658],[99.6316234,13.7910149],[99.6317084,13.7908718],[99.6317069,13.7908164],[99.6316742,13.7907545],[99.6314693,13.7906585],[99.6314529,13.7905954],[99.6314893,13.7905001],[99.6315709,13.7904333],[99.6320449,13.7901355],[99.632413,13.7899242],[99.6324721,13.7898639],[99.632488,13.7898127],[99.6324855,13.7897086],[99.6324358,13.7893994],[99.632512,13.7891738],[99.6325172,13.7890539],[99.6324718,13.788983],[99.6322451,13.7888382],[99.6321041,13.7886401],[99.6320656,13.7884724],[99.632062,13.788226],[99.6320896,13.7880664],[99.6323447,13.7878021],[99.632529,13.7874767],[99.6326356,13.7874011],[99.6327403,13.7873728],[99.6328107,13.7873688],[99.6330805,13.787407],[99.6334066,13.7874036],[99.6334472,13.7874189],[99.6335987,13.7875918],[99.6336549,13.7876075],[99.6337197,13.787576],[99.6337691,13.7873385],[99.6337918,13.787292],[99.6339529,13.7872007],[99.6341469,13.7871339],[99.6342246,13.7871415],[99.6344038,13.7872793],[99.634478,13.7873002],[99.6349195,13.7871536],[99.6351192,13.7871046],[99.6353937,13.7871262],[99.6354152,13.7871153],[99.6354973,13.7869853],[99.6356482,13.7866285],[99.6357073,13.7865758],[99.6357573,13.7865628],[99.6358214,13.7865939],[99.6358327,13.786636],[99.6358361,13.7869482],[99.6358561,13.7869874],[99.6359063,13.7870243],[99.6359368,13.7870844],[99.6360352,13.7875257],[99.6360781,13.787641],[99.6361559,13.7877677],[99.6362257,13.7878249],[99.6364204,13.7879341],[99.6365543,13.7881439],[99.6366378,13.78824],[99.636738,13.7882466],[99.6369436,13.7881094],[99.6370306,13.7881103],[99.6371278,13.78816],[99.6372603,13.7882655],[99.6372894,13.788317],[99.637318,13.7884696],[99.6373727,13.7885054],[99.6374709,13.788508],[99.6376583,13.7884686],[99.6378565,13.7883788],[99.6379593,13.7883059],[99.6379998,13.7882597],[99.6381186,13.788069],[99.6381987,13.7878777],[99.6382223,13.7877114],[99.6381669,13.7875368],[99.638008,13.7872496],[99.6380053,13.787171],[99.6380804,13.7871251],[99.6383283,13.7870294],[99.6386394,13.7869753],[99.6389315,13.7869843],[99.639212,13.7870515],[99.6394617,13.7871657],[99.6397091,13.7873378],[99.6398833,13.7875451],[99.6399274,13.7876379],[99.6399609,13.7877502],[99.640015,13.7881363],[99.6400687,13.7883175],[99.6401006,13.7883493],[99.640216,13.7883955],[99.6403228,13.7883975],[99.6404134,13.7883723],[99.6405929,13.7882636],[99.6406842,13.7881891],[99.6408285,13.7880481],[99.6409089,13.7879263],[99.6409164,13.7878685],[99.6409018,13.7877897],[99.640568,13.7874178],[99.6404873,13.7872985],[99.64047,13.7872218],[99.640487,13.7871367],[99.6406061,13.7869822],[99.6407352,13.7869017],[99.640825,13.7868865],[99.6409053,13.7869123],[99.6410552,13.7870182],[99.6410981,13.7870666],[99.6414962,13.7879834],[99.6415678,13.7881016],[99.6416314,13.7881643],[99.6416802,13.788168],[99.6419966,13.7880405],[99.6420589,13.7880475],[99.6420919,13.7880843],[99.6422095,13.7883535],[99.6423203,13.7885621],[99.6424113,13.7886886],[99.6425818,13.7888582],[99.6426447,13.78889],[99.6427491,13.7889082],[99.6429425,13.7889153],[99.6430587,13.7888928],[99.6432432,13.7888124],[99.6433118,13.7888001],[99.6434919,13.7888044],[99.6436738,13.7888458],[99.6437581,13.7888451],[99.6438394,13.788801],[99.6438814,13.78875],[99.6440208,13.7885147],[99.6441111,13.7884599],[99.6442144,13.7884489],[99.6445209,13.7885524],[99.6447004,13.7886672],[99.6447817,13.7887716],[99.6449063,13.788998],[99.6449933,13.7890463],[99.6450697,13.7890645],[99.6451242,13.7890649],[99.645207,13.7890333],[99.6454565,13.788826],[99.6457615,13.7886447],[99.6461062,13.7882661],[99.6463936,13.7878005],[99.6464528,13.7877271],[99.6465464,13.7876469],[99.6465987,13.7876198],[99.6467883,13.7875852],[99.6468995,13.7875957],[99.6470152,13.7876272],[99.6470676,13.7876538],[99.6472209,13.7877829],[99.6473959,13.7880068],[99.6474508,13.7880438],[99.647528,13.7880717],[99.6476158,13.7880746],[99.6476953,13.7880496],[99.6477956,13.7879805],[99.6480369,13.7876637],[99.6481219,13.7875683],[99.6482278,13.7874845],[99.6483614,13.7874513],[99.648565,13.787482],[99.6486304,13.7874662],[99.6486377,13.787405],[99.6486006,13.7873348],[99.6484078,13.7871222],[99.6483538,13.7870221],[99.6483452,13.7869393],[99.6483602,13.7868772],[99.6484217,13.7867883],[99.6485203,13.7867316],[99.6486023,13.7867153],[99.648782,13.7867365],[99.6488443,13.7867211],[99.6489267,13.7866562],[99.6489919,13.7865719],[99.6490373,13.7864342],[99.6490049,13.7862635],[99.6490202,13.7861796],[99.6492526,13.7856332],[99.6493693,13.7854156],[99.6494083,13.7853837],[99.6495743,13.7853676],[99.6496822,13.7853404],[99.6497205,13.7853127],[99.6497544,13.7852532],[99.6497592,13.7852193],[99.6497431,13.7851766],[99.6496119,13.7850297],[99.6496173,13.7849799],[99.6496598,13.7849477],[99.6497317,13.7849496],[99.6499196,13.7850061],[99.6500697,13.7849942],[99.6503424,13.7849365],[99.6504155,13.7849756],[99.6504978,13.7850617],[99.6505364,13.7850825],[99.6508044,13.7849927],[99.6509012,13.7849692],[99.650975,13.7849674],[99.6509915,13.7849898],[99.6509891,13.7850348],[99.6508937,13.7852379],[99.6508832,13.7852964],[99.6508965,13.7853622],[99.6509443,13.785419],[99.6510287,13.7854375],[99.6510914,13.7854298],[99.6514941,13.7853235],[99.6516721,13.7853119],[99.6517685,13.7853263],[99.6520002,13.785469],[99.6522353,13.7857507],[99.6523813,13.7858615],[99.652555,13.7859435],[99.6527864,13.7860011],[99.6528801,13.7859969],[99.6529568,13.7859615],[99.6529877,13.7858916],[99.6530083,13.7857228],[99.6530297,13.7856574],[99.6530907,13.7855657],[99.6531941,13.7854972],[99.6532409,13.7854869],[99.6532917,13.7854977],[99.6533312,13.7855473],[99.6532731,13.7858943],[99.6532866,13.7860165],[99.6533491,13.7860909],[99.6535479,13.7861891],[99.6535768,13.7862291],[99.653545,13.7863037],[99.6534126,13.7863938],[99.6533919,13.786422],[99.6533729,13.78648],[99.6533817,13.7865419],[99.6536659,13.7867914],[99.6537073,13.7868558],[99.6537488,13.7870527],[99.6537851,13.7871065],[99.6538978,13.7872049],[99.6540589,13.7873071],[99.6541483,13.7873124],[99.6542163,13.7872842],[99.6547491,13.7868525],[99.6548341,13.7868115],[99.6549249,13.7868051],[99.655027,13.7868332],[99.6551948,13.7869817],[99.6552629,13.7870135],[99.6553991,13.7870222],[99.6556287,13.7869871],[99.6558653,13.7868903],[99.6559551,13.7867982],[99.655996,13.7866934],[99.6560048,13.7864601],[99.6560213,13.786392],[99.656054,13.7863464],[99.6562479,13.7861998],[99.6562733,13.7861601],[99.65626,13.7860824],[99.6561445,13.7858997],[99.6561417,13.7858329],[99.6561738,13.7857739],[99.6562016,13.7857498],[99.6562753,13.7857231],[99.6565507,13.7856785],[99.6566779,13.7856403],[99.6567463,13.785588],[99.6567792,13.7854869],[99.656901,13.7846907],[99.6569682,13.7845402],[99.6570725,13.7844753],[99.6571144,13.7844764],[99.6571375,13.7844964],[99.6571449,13.7845285],[99.6570978,13.7847773],[99.6570874,13.7849631],[99.6571103,13.785061],[99.6571803,13.7851338],[99.657337,13.7851598],[99.6574822,13.7851306],[99.6576009,13.7850597],[99.6576826,13.7849712],[99.6577879,13.7847371],[99.6578529,13.784477],[99.6579254,13.7839535],[99.6579278,13.783564],[99.6579534,13.7834975],[99.6579858,13.7834603],[99.6581874,13.7833663],[99.6585719,13.7832183],[99.6586767,13.7831485],[99.6587946,13.7830182],[99.6588803,13.7829599],[99.6589599,13.7829485],[99.6591721,13.7829718],[99.6592988,13.783012],[99.6594277,13.7830885],[99.6594865,13.7830973],[99.6595256,13.7830757],[99.6595451,13.7830221],[99.6595361,13.7829555],[99.6593993,13.782712],[99.6593532,13.7826591],[99.6591421,13.7825217],[99.6591246,13.7824736],[99.6591528,13.7824141],[99.6592427,13.7823066],[99.6592897,13.7822816],[99.6593422,13.782275],[99.6595125,13.7822974],[99.6596388,13.7824057],[99.65973,13.7824504],[99.6598185,13.7824357],[99.6598725,13.782389],[99.6600256,13.78197],[99.6600401,13.7818302],[99.6600305,13.7817523],[99.6599745,13.781599],[99.6597934,13.7813292],[99.6597807,13.7812755],[99.6597894,13.7812113],[99.6598412,13.7811679],[99.6599141,13.7811471],[99.6599835,13.7811533],[99.6601071,13.7812248],[99.6602197,13.7813352],[99.6602936,13.7813537],[99.6604191,13.7813048],[99.6606949,13.7811586],[99.6609211,13.7811047],[99.6611802,13.7810853],[99.6613266,13.7811216],[99.6615431,13.7812913],[99.6616277,13.781334],[99.6617411,13.781363],[99.6628561,13.7813528],[99.6629544,13.7813945],[99.6631817,13.7816922],[99.6632163,13.7817201],[99.6632704,13.7817344],[99.663344,13.7817163],[99.6634901,13.7815821],[99.6635811,13.781533],[99.6636974,13.7815248],[99.6638704,13.7815832],[99.6639829,13.7815741],[99.6640663,13.7815334],[99.6643682,13.7813207],[99.6645686,13.7812293],[99.6646371,13.7812242],[99.6647099,13.7812428],[99.6648957,13.7814502],[99.6649589,13.7814797],[99.6650193,13.7814894],[99.6651729,13.7814792],[99.6652327,13.7814595],[99.6652926,13.7814306],[99.6654654,13.7812779],[99.6656204,13.781267],[99.6656804,13.7813078],[99.6657555,13.7814655],[99.665808,13.7814782],[99.665879,13.7814336],[99.666167,13.7811557],[99.6662438,13.7811176],[99.6664534,13.781087],[99.6665266,13.7810309],[99.6665595,13.7809559],[99.6665518,13.7808244],[99.6663841,13.7806722],[99.6663636,13.7805971],[99.6663711,13.7805109],[99.6664233,13.7803835],[99.6664692,13.7803184],[99.6665245,13.7802785],[99.6667491,13.7801963],[99.6669064,13.7801939],[99.6670221,13.7802327],[99.6671066,13.7802914],[99.6672724,13.7805351],[99.6673375,13.7805536],[99.6674568,13.780543],[99.66764,13.7804806],[99.6677376,13.7803979],[99.6677504,13.7803444],[99.6677251,13.7801753],[99.6677395,13.7800877],[99.6677813,13.7800684],[99.6680626,13.7800179],[99.668124,13.7799833],[99.6682646,13.7798469],[99.6683746,13.7798426],[99.6685648,13.7799177],[99.6686577,13.7799265],[99.668842,13.779865],[99.6691396,13.7797378],[99.6694607,13.7796579],[99.6695666,13.7796509],[99.6697236,13.7796643],[99.6699268,13.7797341],[99.6704149,13.7800704],[99.6706634,13.7801567],[99.6707409,13.7801644],[99.6708639,13.7801167],[99.6710044,13.7800211],[99.6711695,13.77994],[99.6712775,13.7799079],[99.6714374,13.7799005],[99.6715047,13.7798826],[99.6717149,13.7797097],[99.6718453,13.7797037],[99.6719308,13.7797508],[99.6719661,13.7797865],[99.6720818,13.7800476],[99.6722144,13.7802537],[99.6723254,13.7803807],[99.6724317,13.7804815],[99.672762,13.7807222],[99.6729776,13.7809945],[99.6730649,13.781046],[99.6731858,13.7810844],[99.6733197,13.7812041],[99.6734085,13.78121],[99.6735021,13.7811728],[99.6735532,13.7811303],[99.6736571,13.7809816],[99.6736916,13.7809634],[99.6737608,13.7809592],[99.6738024,13.7809789],[99.6739582,13.7812169],[99.6740358,13.781266],[99.6741078,13.7812412],[99.6742501,13.7811274],[99.6743417,13.7810753],[99.6743781,13.7810712],[99.6744268,13.7811378],[99.6745139,13.78142],[99.6745667,13.7814811],[99.6746248,13.781485],[99.6746939,13.7814383],[99.6747663,13.7813746],[99.6748521,13.7812606],[99.6749024,13.7812416],[99.6749538,13.7812474],[99.6751404,13.7813704],[99.6752028,13.781456],[99.6751998,13.7817171],[99.6752601,13.7817543],[99.675327,13.7817307],[99.6753771,13.7816755],[99.6755499,13.7812732],[99.6756149,13.7812401],[99.6757112,13.7812241],[99.6757522,13.7811894],[99.6757543,13.7811212],[99.675665,13.7808086],[99.6756606,13.780746],[99.6756779,13.7806752],[99.6757157,13.7806656],[99.6758736,13.7806927],[99.6759308,13.7806844],[99.6759755,13.7806532],[99.6760642,13.7805203],[99.6761338,13.7804976],[99.6762063,13.780529],[99.6763447,13.7806842],[99.6764145,13.7806975],[99.676473,13.7806568],[99.6766946,13.7803914],[99.6768228,13.7803437],[99.6768906,13.780343],[99.676923,13.7803682],[99.6769315,13.7804336],[99.6768681,13.7808623],[99.6768174,13.7809232],[99.676618,13.781033],[99.6765808,13.7810904],[99.676604,13.7811449],[99.6768311,13.7812958],[99.6768492,13.7813517],[99.6768198,13.7814072],[99.676723,13.7814842],[99.6766356,13.7815827],[99.6766211,13.781676],[99.6766532,13.7817207],[99.6767068,13.7817531],[99.6767867,13.7817537],[99.6768808,13.7816852],[99.6770319,13.781505],[99.6770761,13.7814733],[99.6771218,13.7814678],[99.6771786,13.781553],[99.6772035,13.7817015],[99.6772016,13.7818632],[99.6771783,13.7820125],[99.677213,13.7820752],[99.6773232,13.7821124],[99.6774511,13.782105],[99.677566,13.7820432],[99.6776285,13.781945],[99.6776776,13.781913],[99.6778191,13.7819108],[99.678026,13.7819343],[99.6780776,13.7819113],[99.6781303,13.7818516],[99.6781807,13.7818436],[99.6782171,13.7818628],[99.6782894,13.7819582],[99.6783529,13.7820001],[99.6784419,13.7820997],[99.6785983,13.7822136],[99.6787203,13.7822645],[99.6788223,13.7822756],[99.6789331,13.7822562],[99.6789852,13.782223],[99.6790892,13.7820696],[99.6791811,13.7819672],[99.6793192,13.7819128],[99.6793807,13.7819156],[99.6794422,13.7819515],[99.6795932,13.7821042],[99.679658,13.7821911],[99.6797108,13.7823438],[99.6798618,13.7825539],[99.6800126,13.7826316],[99.6801666,13.7827453],[99.6803886,13.783036],[99.6804625,13.7830868],[99.6805794,13.7831345],[99.6806564,13.7832094],[99.6807365,13.7832602],[99.6807734,13.7832601],[99.6809451,13.7831455],[99.6810126,13.7831333],[99.6812434,13.7832498],[99.6813726,13.7833065],[99.6814003,13.7833064],[99.6814494,13.7832793],[99.6814793,13.7830089],[99.6815188,13.7828707],[99.6815679,13.7828195],[99.6816476,13.7827712],[99.6820682,13.7826321],[99.682112,13.7826375],[99.6821392,13.7826615],[99.6821583,13.7827289],[99.6821766,13.783045],[99.6822374,13.7830633],[99.6823526,13.7830128],[99.682422,13.7830263],[99.6824485,13.7830697],[99.6824646,13.7832316],[99.6825028,13.7833106],[99.6826023,13.7833124],[99.6829488,13.7832486],[99.6829925,13.7832653],[99.6830025,13.7833212],[99.6829839,13.7833836],[99.682776,13.7834962],[99.6827414,13.7835403],[99.6827393,13.78361],[99.6828138,13.7840074],[99.6828168,13.7840898],[99.6828302,13.7841672],[99.6828574,13.7842109],[99.6829613,13.7842333],[99.6830357,13.7842143],[99.6833336,13.7840586],[99.6836896,13.7838391],[99.6837121,13.7838075],[99.6837147,13.7837646],[99.6836692,13.7836667],[99.6836694,13.7836203],[99.6836844,13.783602],[99.6837582,13.7835909],[99.6839318,13.7835995],[99.6840186,13.7836263],[99.6840753,13.7836634],[99.6841032,13.7837078],[99.6841213,13.7837992],[99.6840997,13.7839622],[99.6841121,13.7840289],[99.684146,13.7840757],[99.6842867,13.7841812],[99.6843003,13.7842046],[99.6842881,13.7842576],[99.6842028,13.7843407],[99.6842044,13.7844107],[99.6842278,13.7844477],[99.6843313,13.7845327],[99.6844719,13.7845996],[99.684691,13.7846267],[99.6847728,13.7846188],[99.6851763,13.7845176],[99.6852751,13.7844671],[99.6853506,13.784402],[99.6854094,13.7843248],[99.6855298,13.784106],[99.6855945,13.7840687],[99.6856634,13.7840794],[99.6857121,13.7841147],[99.6857312,13.7841529],[99.6857652,13.7843801],[99.685806,13.7845201],[99.6859208,13.7847374],[99.6859935,13.7848151],[99.6860594,13.7848276],[99.6861098,13.7848178],[99.6861356,13.7847991],[99.6861864,13.7847075],[99.6862235,13.784678],[99.6863724,13.7846456],[99.6865459,13.7846713],[99.6867507,13.7847509],[99.6870215,13.7847545],[99.6870756,13.7847806],[99.6870881,13.7848898],[99.6870739,13.7849775],[99.6870479,13.7850339],[99.6869812,13.7850722],[99.686761,13.785098],[99.6867287,13.7851256],[99.6867339,13.7851877],[99.6867882,13.7852888],[99.6869159,13.785447],[99.6869184,13.785493],[99.6868849,13.7856001],[99.6868997,13.7856513],[99.6871802,13.7856186],[99.687219,13.7856305],[99.6872481,13.7856677],[99.6872525,13.7857483],[99.6871561,13.7860102],[99.6871723,13.7860829],[99.6872509,13.786104],[99.6873158,13.7860865],[99.6875257,13.7859352],[99.6875848,13.7859356],[99.6876218,13.785968],[99.6876318,13.7860245],[99.6876201,13.7861065],[99.6875479,13.7863801],[99.6875611,13.7864463],[99.6875962,13.7864792],[99.6876597,13.7865007],[99.6877353,13.7864843],[99.6880604,13.7861279],[99.6881139,13.7861134],[99.6881459,13.7861325],[99.6882021,13.786332],[99.6882438,13.7864097],[99.6883189,13.7864433],[99.6884766,13.78644],[99.6885563,13.7863948],[99.6886049,13.7863123],[99.6886842,13.7860279],[99.6887556,13.785529],[99.6887728,13.7854564],[99.6888091,13.7853913],[99.6888771,13.7853897],[99.6889816,13.7854905],[99.6890407,13.7854839],[99.6890652,13.7854477],[99.6890691,13.7854076],[99.6890444,13.7853075],[99.6889709,13.7852058],[99.6888181,13.7851317],[99.6888089,13.7850531],[99.6888613,13.7850185],[99.689068,13.7850011],[99.6891076,13.7849852],[99.6891195,13.7847904],[99.6891596,13.7847461],[99.6892264,13.7847561],[99.689434,13.7849141],[99.6896878,13.7851394],[99.6897741,13.7851969],[99.6898935,13.7852104],[99.6899793,13.7851824],[99.69002,13.78513],[99.6900891,13.7848905],[99.6901196,13.7848479],[99.690175,13.7848328],[99.6902388,13.7848732],[99.6902784,13.7849504],[99.6903628,13.7852624],[99.6904393,13.7852615],[99.6906175,13.7852185],[99.6907429,13.7851671],[99.6909318,13.7850478],[99.6910397,13.7848973],[99.6911632,13.7843763],[99.6911872,13.784073],[99.6912226,13.7840467],[99.6914006,13.7840101],[99.6914653,13.7839827],[99.691606,13.7837921],[99.6916543,13.7837527],[99.6917117,13.7837309],[99.6918019,13.7837443],[99.691839,13.7837891],[99.691839,13.7839041],[99.6917609,13.7841634],[99.6917768,13.784257],[99.6918139,13.7843325],[99.6918574,13.7843637],[99.6919345,13.7843859],[99.6921445,13.7843725],[99.6922668,13.7843938],[99.6925011,13.7845503],[99.6925553,13.7845478],[99.6926036,13.7845236],[99.6926657,13.7844384],[99.6927166,13.7843088],[99.6927301,13.7841818],[99.6926761,13.784058],[99.6925137,13.7838409],[99.6924956,13.7837865],[99.6925069,13.7837348],[99.6926469,13.7836168],[99.6926572,13.7835593],[99.6926302,13.783505],[99.6925228,13.7834267],[99.6924393,13.7833365],[99.6924395,13.7832819],[99.6924818,13.7831488],[99.6924678,13.7830666],[99.6922584,13.7829559],[99.6922429,13.7828865],[99.6922622,13.7828367],[99.6924072,13.7826697],[99.6925105,13.782592],[99.6926422,13.7825818],[99.6927921,13.7826587],[99.6928355,13.7826662],[99.6929925,13.7826409],[99.6931881,13.7825464],[99.6932464,13.782535],[99.6933732,13.7825448],[99.6935125,13.7825754],[99.6936257,13.7825342],[99.6938032,13.7822682],[99.6939055,13.7821983],[99.6940619,13.7821733],[99.6941791,13.7821946],[99.6943156,13.7822502],[99.6943807,13.7822433],[99.6946595,13.7819184],[99.6947812,13.7818401],[99.6949385,13.7817635],[99.6951081,13.781549],[99.6951454,13.78153],[99.6951732,13.7815294],[99.6952352,13.78156],[99.6954944,13.7817632],[99.6956196,13.7818794],[99.6957001,13.7819263],[99.6958222,13.7819552],[99.696059,13.7819602],[99.6961723,13.7819981],[99.696206,13.7820267],[99.6962617,13.7821255],[99.6963472,13.782344],[99.6963949,13.7823767],[99.6964466,13.7823726],[99.6964962,13.7823243],[99.6965869,13.7821729],[99.6967913,13.782068],[99.6968111,13.7820104],[99.6968029,13.7819497],[99.6967699,13.7819062],[99.6967196,13.7818795],[99.6964384,13.7818569],[99.6963952,13.7818414],[99.6963299,13.7817904],[99.6961854,13.7816104],[99.6961428,13.7815763],[99.6959243,13.7815606],[99.6958843,13.7815439],[99.695837,13.7814557],[99.6958126,13.7812719],[99.6958273,13.7812097],[99.6958561,13.7811717],[99.6959885,13.7811439],[99.6960864,13.7811474],[99.6961421,13.7811654],[99.6962929,13.7814062],[99.6963945,13.7814611],[99.6964798,13.7814502],[99.6966621,13.781315],[99.6967517,13.7812719],[99.6968555,13.7812545],[99.696917,13.7813078],[99.6969556,13.7814981],[99.6969966,13.7815484],[99.6971217,13.7815672],[99.6973412,13.7815459],[99.6974207,13.7815014],[99.6974325,13.7814229],[99.6972699,13.7810804],[99.6972567,13.7810013],[99.6972923,13.7809402],[99.6973827,13.7809299],[99.6975405,13.7809717],[99.697624,13.7809602],[99.6977568,13.7809113],[99.6978496,13.7809163],[99.6982026,13.7810781],[99.6982862,13.7810936],[99.6983402,13.7810807],[99.6983873,13.7810403],[99.6984052,13.7809708],[99.698411,13.780764],[99.6984362,13.7807139],[99.6984786,13.7806919],[99.6985672,13.780682],[99.6986307,13.7806936],[99.6987054,13.7807298],[99.698868,13.7808485],[99.6989022,13.7808603],[99.698965,13.7808525],[99.6990106,13.7808272],[99.6990312,13.7807662],[99.6990289,13.7804654],[99.6990468,13.7803601],[99.6991042,13.78026],[99.6991415,13.7802269],[99.6992184,13.7801826],[99.6993078,13.7801551],[99.6994349,13.7801467],[99.6994997,13.7801699],[99.6999137,13.7804784],[99.7000604,13.7804783],[99.7003404,13.7803627],[99.7004326,13.780354],[99.7005198,13.7803703],[99.7009723,13.7805593],[99.7010978,13.7805746],[99.7011959,13.7805561],[99.7012818,13.7805215],[99.7013146,13.7804894],[99.7013479,13.7803976],[99.7013573,13.7802636],[99.7013968,13.78016],[99.7015335,13.7800288],[99.7015764,13.7799648],[99.7016195,13.7798547],[99.7016361,13.7794433],[99.7016648,13.7792946],[99.7017346,13.7792172],[99.7019653,13.7791567],[99.7020071,13.7791123],[99.7020269,13.7790491],[99.7020134,13.7789432],[99.7019617,13.7788582],[99.7016266,13.7786514],[99.7014784,13.7784783],[99.7014231,13.7783614],[99.7014237,13.7782568],[99.7014741,13.778081],[99.7014766,13.777989],[99.7014358,13.7778261],[99.7013394,13.7775545],[99.7013237,13.7774667],[99.7013318,13.7773579],[99.7014235,13.7771734],[99.7016195,13.7770271],[99.7022007,13.7767682],[99.7025012,13.7766721],[99.703312,13.7765315],[99.7037212,13.776494],[99.7040411,13.7765452],[99.7042658,13.7766277],[99.7046207,13.7768362],[99.7049333,13.7769813],[99.705126,13.7770166],[99.7052325,13.7769994],[99.7054055,13.7769252],[99.7058027,13.7767164],[99.7061676,13.7766063],[99.7069684,13.7764493],[99.707229,13.7763515],[99.7073121,13.7763031],[99.7075621,13.7760853],[99.707707,13.7759049],[99.7078104,13.775696],[99.7078714,13.7753544],[99.70791,13.7752281],[99.707942,13.7751855],[99.7086843,13.7746388],[99.7088388,13.7745513],[99.7089739,13.7745036],[99.7091015,13.7744822],[99.709785,13.7744458],[99.7104158,13.7743814],[99.711985,13.7740944],[99.7121088,13.7740798],[99.713249,13.7740588],[99.7134075,13.7740351],[99.7135342,13.7739921],[99.714625,13.7733274],[99.7154852,13.7727395],[99.7158801,13.7723105],[99.7159434,13.7722021],[99.7160164,13.7720268],[99.7160524,13.77189],[99.7160863,13.7715024],[99.7161062,13.7714258],[99.7161633,13.7713075],[99.7162131,13.7712447],[99.7166089,13.7709153],[99.7167204,13.7707922],[99.7169056,13.7705121],[99.7170451,13.7703511],[99.7171839,13.7703196],[99.717262,13.7703161],[99.7173748,13.7703452],[99.7179804,13.7706263],[99.7184649,13.7708322],[99.7186347,13.7708829],[99.7188,13.7708844],[99.7189725,13.7708514],[99.7194652,13.7706863],[99.7196933,13.7705808],[99.7197908,13.7705204],[99.7200105,13.7703551],[99.7204475,13.7698758],[99.7206158,13.7697539],[99.7218469,13.769267],[99.7224551,13.769098],[99.7226856,13.7690473],[99.7236092,13.7689322],[99.7243528,13.7689187],[99.7249204,13.768938],[99.7254232,13.7689006],[99.7259559,13.7688809],[99.7260979,13.7688925],[99.7264849,13.7689619],[99.7271197,13.7691281],[99.7272569,13.7691439],[99.7274447,13.7691294],[99.7276011,13.769069],[99.728522,13.7685166],[99.728922,13.7683277],[99.7291509,13.7682636],[99.7296858,13.7680683],[99.7297731,13.7680799],[99.7300334,13.7682196],[99.7301275,13.7682542],[99.7305747,13.7683346],[99.7312086,13.7684942],[99.731751,13.7685806],[99.7320178,13.7686034],[99.7322132,13.7686364],[99.7324426,13.7687382],[99.73259,13.7688395],[99.7326887,13.7688814],[99.7328337,13.7688927],[99.7331079,13.7688799],[99.7333309,13.7688371],[99.7334794,13.7687774],[99.7336495,13.7686769],[99.7337447,13.76861],[99.7338309,13.7685159],[99.7345531,13.7673721],[99.7347134,13.7670845],[99.7347663,13.7670356],[99.7348785,13.7669868],[99.7349274,13.766986],[99.7351119,13.7670507],[99.7352493,13.7670817],[99.7354628,13.767048],[99.7355231,13.7670076],[99.7356108,13.7668196],[99.735905,13.7660102],[99.7360936,13.7656459],[99.7362074,13.7655346],[99.7363593,13.7654685],[99.7374113,13.7653281],[99.7375971,13.7652802],[99.7376719,13.765233],[99.7378209,13.7650318],[99.7379338,13.7649317],[99.7380306,13.7648685],[99.7394156,13.7644366],[99.7396726,13.7643291],[99.7400003,13.7641558],[99.7402421,13.76395],[99.7403532,13.7637236],[99.7404244,13.7635202],[99.7404747,13.7634362],[99.7405649,13.7633604],[99.7407201,13.763327],[99.7410668,13.7633305],[99.7409242,13.7629045],[99.7409085,13.7628083],[99.7409223,13.7626652],[99.7409498,13.7626246],[99.7410135,13.7625904],[99.7412699,13.7626399],[99.7413619,13.7626234],[99.7415918,13.7624818],[99.7416176,13.7624365],[99.7416107,13.7623996],[99.7415833,13.7623765],[99.7413728,13.7622899],[99.7413461,13.7622468],[99.7413409,13.7621661],[99.7413676,13.7621097],[99.7414366,13.762051],[99.7415424,13.7619876],[99.7417219,13.7619285],[99.7417679,13.7618923],[99.7417908,13.7618336],[99.7418084,13.7615948],[99.741776,13.7615228],[99.7417112,13.7614509],[99.7415356,13.7612983],[99.7415177,13.7612428],[99.7415327,13.7611761],[99.7416228,13.761112],[99.7416661,13.761104],[99.7418274,13.7611005],[99.7421404,13.7611353],[99.7422114,13.7611252],[99.7422816,13.7610888],[99.7423282,13.7610019],[99.7423526,13.7604331],[99.742376,13.7603934],[99.74246,13.760354],[99.7424958,13.7602023],[99.7425232,13.7601748],[99.7426842,13.7601325],[99.7429028,13.7601068],[99.7429679,13.7601165],[99.743004,13.760162],[99.7430289,13.7603188],[99.7430636,13.7603766],[99.7431199,13.7604004],[99.7432579,13.7604021],[99.7432807,13.7604178],[99.7432889,13.7604518],[99.743277,13.7605043],[99.7431124,13.7605991],[99.7430605,13.7606663],[99.7430664,13.7607862],[99.743111,13.76086],[99.7431608,13.7608826],[99.7436916,13.7609477],[99.7440483,13.7609654],[99.7440919,13.7609983],[99.7441153,13.7610405],[99.7442229,13.7613668],[99.7442561,13.7614037],[99.7443014,13.7614251],[99.7443937,13.7614473],[99.7445274,13.7614605],[99.7449476,13.7614532],[99.7449994,13.76142],[99.7451385,13.7612626],[99.7452464,13.7612109],[99.7455943,13.7611019],[99.7456507,13.7610516],[99.7457274,13.7609406],[99.745829,13.7608934],[99.7460562,13.7609127],[99.7461158,13.760906],[99.7466311,13.7608341],[99.7468322,13.760773],[99.7469089,13.7607657],[99.7469746,13.7607833],[99.7471129,13.7608774],[99.7471957,13.7608819],[99.7472541,13.760855],[99.7472719,13.7608169],[99.7471687,13.7604652],[99.7471736,13.7604188],[99.7472253,13.7603444],[99.7473419,13.7603179],[99.7474504,13.7603519],[99.74759,13.7606153],[99.7476671,13.7606439],[99.7477399,13.7606342],[99.747786,13.7606104],[99.7478092,13.7605768],[99.7477964,13.7603267],[99.7478105,13.7602728],[99.7478491,13.76023],[99.7481374,13.7601638],[99.7482376,13.7600319],[99.7483003,13.7599984],[99.7484119,13.7600076],[99.7485968,13.7600883],[99.7486863,13.7600776],[99.7489091,13.7598993],[99.7491245,13.7598686],[99.7491621,13.7598505],[99.7491955,13.7598095],[99.7492007,13.7597471],[99.7491589,13.7596436],[99.7490983,13.759584],[99.74886,13.7594095],[99.7488177,13.7593313],[99.7487648,13.7590734],[99.7487603,13.7589567],[99.7487794,13.7588228],[99.7487551,13.7587488],[99.7487152,13.7587207],[99.7484673,13.7586251],[99.748405,13.7585769],[99.7483812,13.7585318],[99.7483824,13.7584301],[99.7484012,13.7584034],[99.7485411,13.7583172],[99.7486913,13.7582737],[99.7488568,13.7582795],[99.748956,13.7583294],[99.749173,13.758549],[99.7492814,13.7586207],[99.7493663,13.7586255],[99.7495162,13.7585722],[99.7496422,13.7586292],[99.7497622,13.758631],[99.7498103,13.7586092],[99.7499653,13.7584705],[99.7500855,13.7584161],[99.750252,13.7583757],[99.7502841,13.7583548],[99.7504072,13.7581493],[99.7504532,13.7581176],[99.7505315,13.7580994],[99.7506329,13.758099],[99.7507113,13.7581168],[99.7507621,13.7581482],[99.7508085,13.7582292],[99.7507996,13.7583463],[99.7507288,13.7587064],[99.7507439,13.7587729],[99.7507782,13.7588027],[99.7508428,13.7588155],[99.7509761,13.7587513],[99.7510176,13.7587505],[99.751314,13.7588833],[99.7513499,13.758888],[99.7514126,13.7588701],[99.7514372,13.7588355],[99.751516,13.7585976],[99.7517084,13.7584689],[99.7517318,13.7584376],[99.7517493,13.7583975],[99.751713,13.7581192],[99.7517278,13.758086],[99.7517563,13.7580707],[99.7518772,13.7581016],[99.7521357,13.7582216],[99.7523536,13.7582821],[99.7527214,13.7582909],[99.7531315,13.7582446],[99.7534952,13.7581218],[99.753808,13.7579452],[99.754023,13.7577775],[99.7541847,13.7575476],[99.7542123,13.7575385],[99.7542552,13.7575384],[99.754307,13.7575661],[99.7543522,13.7578307],[99.7544081,13.7580225],[99.7544772,13.7581591],[99.7545531,13.7582195],[99.7546373,13.758225],[99.7553541,13.7580087],[99.7553839,13.7579889],[99.7554409,13.7579065],[99.7554525,13.7578231],[99.7552414,13.7558531],[99.7552217,13.7555544],[99.7552278,13.7555025],[99.7552675,13.7554537],[99.7553301,13.7554313],[99.7557969,13.7554291],[99.7598503,13.7552598],[99.7614635,13.7551234],[99.7629843,13.7548272],[99.7659314,13.7543619],[99.7661109,13.7542802],[99.7666387,13.7539644],[99.7685611,13.7528945],[99.7686435,13.7528963],[99.7686722,13.7529254],[99.7688727,13.753318],[99.7700123,13.753174],[99.7700219,13.7531444],[99.769919,13.7529314],[99.7699034,13.7528575],[99.7699235,13.752811],[99.7700232,13.7527394],[99.7700481,13.7526882],[99.769994,13.7520227],[99.7700199,13.751974],[99.771269,13.7518633],[99.7718325,13.7518885],[99.772631,13.7518759],[99.7733773,13.7517789],[99.7733911,13.7517654],[99.7734044,13.7516032],[99.7734492,13.7515692],[99.7750751,13.7516356],[99.7755028,13.7516844],[99.7777396,13.7517923],[99.777833,13.7518088],[99.7783125,13.751964],[99.7783688,13.7519414],[99.7788375,13.7513799],[99.7801697,13.7518082],[99.7803745,13.7518527],[99.7818661,13.7518991],[99.7825572,13.7517425],[99.7829699,13.7516167],[99.7845733,13.7510281],[99.7852197,13.7508435],[99.7853921,13.7508122],[99.7855567,13.750792],[99.7856782,13.7508005],[99.7857672,13.7508325],[99.7858951,13.7509087],[99.786054,13.7510531],[99.7861686,13.7510896],[99.7862908,13.7510877],[99.7868904,13.7509978],[99.7875334,13.7510645],[99.7878292,13.7510734],[99.7881661,13.7510556],[99.7887106,13.7509826],[99.7889988,13.7509934],[99.7891027,13.7510526],[99.7892012,13.7511882],[99.7892438,13.7512217],[99.7893617,13.7512338],[99.7900258,13.7510964],[99.7905145,13.750974],[99.7905841,13.7509206],[99.7906835,13.7506102],[99.7907409,13.7505551],[99.7915379,13.7503961],[99.7916197,13.7504106],[99.7920961,13.7506203],[99.7921537,13.7506517],[99.7921948,13.7506995],[99.7922253,13.7507816],[99.792232,13.7508585],[99.792222,13.7517754],[99.7922361,13.7518506],[99.7922579,13.7518718],[99.7923882,13.7518918],[99.7926471,13.7518829],[99.7930418,13.7517508],[99.793298,13.7517086],[99.793423,13.751709],[99.7934542,13.7517292],[99.7934922,13.7518144],[99.7935075,13.752043],[99.7936395,13.7522668],[99.7937526,13.752514],[99.7937923,13.7525525],[99.7939202,13.7525724],[99.7961981,13.7525515],[99.7963434,13.7525882],[99.7963716,13.7526218],[99.7964093,13.7527353],[99.7964402,13.7527603],[99.7966216,13.7528177],[99.7970462,13.7529103],[99.7955242,13.7573485],[99.7954377,13.7575689],[99.7952166,13.7579625],[99.7950784,13.7581406],[99.7949156,13.7583033],[99.7947036,13.7584687],[99.794406,13.758642],[99.7939582,13.7588361],[99.7915943,13.759761],[99.7842857,13.762671],[99.7849874,13.7643762],[99.7850244,13.7644076],[99.7850751,13.764412],[99.7863919,13.7640068],[99.7864565,13.7640066],[99.7865026,13.764029],[99.7865304,13.7640694],[99.7870836,13.765195],[99.7871662,13.7653034],[99.7872841,13.7653609],[99.7884597,13.7656187],[99.7888551,13.7658058],[99.7907264,13.7669105],[99.791695,13.7666305],[99.7923086,13.766584],[99.7927398,13.7665704],[99.79286,13.7665457],[99.7929718,13.7665008],[99.7934023,13.7662643],[99.7935431,13.7662071],[99.7937213,13.7661619],[99.7947153,13.7660536],[99.7949437,13.7659026],[99.7950306,13.7658659],[99.7951758,13.7658654],[99.79574,13.7659527],[99.7958436,13.7659281],[99.7959502,13.7658413],[99.7959935,13.7657558],[99.7960706,13.7645481],[99.7961066,13.7644171],[99.7962128,13.764269],[99.7966797,13.7638875],[99.7971033,13.7636971],[99.7973627,13.7636202],[99.7974524,13.7636045],[99.7976708,13.7636038],[99.7978456,13.7636459],[99.7986512,13.7642764],[99.7987649,13.7643335],[99.7988837,13.7643621],[99.7990397,13.7643738],[99.7991726,13.7643334],[99.7993207,13.7642126],[99.7994816,13.7640614],[99.7998669,13.7636088],[99.8000971,13.7634373],[99.8003524,13.7632901],[99.8009816,13.7630259],[99.8022219,13.7626681],[99.8035809,13.7623527],[99.8044476,13.7622035],[99.8047845,13.7622024],[99.8059142,13.7623451],[99.8066631,13.7624158],[99.8068907,13.7623732],[99.8071867,13.7622677],[99.8076475,13.7620162],[99.8088981,13.7610242],[99.8093281,13.7608964],[99.8095138,13.7608817],[99.8098919,13.7607929],[99.8100234,13.760737],[99.8100543,13.7607048],[99.8102721,13.7602305],[99.8103852,13.7601605],[99.8104418,13.7601513],[99.8105881,13.7601652],[99.8118596,13.7604701],[99.8119256,13.760511],[99.8121666,13.7609444],[99.8122124,13.7609871],[99.8123897,13.7610281],[99.8125262,13.7610277],[99.8126545,13.7609892],[99.8127237,13.7609427],[99.8130907,13.7605814],[99.8134159,13.7603032],[99.8135308,13.7601839],[99.8136651,13.759988],[99.8137659,13.7597532],[99.8138473,13.75964],[99.8139886,13.7595879],[99.8142035,13.7595584],[99.8147815,13.7595805],[99.8148897,13.7595462],[99.8149285,13.7594834],[99.8149231,13.7591695],[99.8149393,13.7590826],[99.815035,13.758957],[99.8153399,13.7586666],[99.8153631,13.7585874],[99.8153627,13.7584731],[99.8153231,13.7582995],[99.8151525,13.7578427],[99.8150052,13.757614],[99.8149283,13.7574661],[99.814861,13.7572103],[99.8148509,13.7570728],[99.8148889,13.7567931],[99.8149489,13.7566066],[99.8150075,13.7564881],[99.8151986,13.7561953],[99.815245,13.756071],[99.8152759,13.7559235],[99.8152795,13.755716],[99.8152434,13.7553356],[99.8152464,13.7552772],[99.8152807,13.7551905],[99.8153338,13.7551313],[99.815415,13.755078],[99.8155059,13.7550644],[99.8159186,13.7550828],[99.8161048,13.7550695],[99.8165248,13.7549791],[99.8168495,13.7548764],[99.8178362,13.7545216],[99.8180829,13.754453],[99.8181999,13.7544441],[99.8183647,13.7544828],[99.8184646,13.7545534],[99.8187691,13.7548997],[99.818969,13.7550642],[99.8190827,13.7551237],[99.8192558,13.7551923],[99.8197367,13.7553158],[99.8198841,13.7552941],[99.8201524,13.7552],[99.8204209,13.755161],[99.8205509,13.7551691],[99.8209348,13.7552668],[99.8210892,13.7552695],[99.8211663,13.7552425],[99.8213365,13.7551492],[99.8214024,13.7551312],[99.8216382,13.755085],[99.8219111,13.7550629],[99.8222505,13.7550833],[99.8224096,13.755116],[99.8232874,13.7554467],[99.8234595,13.7554728],[99.8236111,13.7554553],[99.8249441,13.7550146],[99.8252249,13.7550023],[99.8253738,13.7550402],[99.8254727,13.755094],[99.8255909,13.7552005],[99.8256412,13.7552938],[99.8256748,13.755431],[99.8256949,13.7556178],[99.8256268,13.7564672],[99.8256401,13.7566264],[99.8256944,13.7569012],[99.8258315,13.7572353],[99.8259193,13.7573591],[99.8259896,13.7574314],[99.8263096,13.7576446],[99.8267387,13.7578812],[99.826939,13.7579644],[99.8270519,13.7580275],[99.8273299,13.7582214],[99.8276037,13.7584619],[99.8278082,13.7586815],[99.8279127,13.7588421],[99.8280703,13.7592158],[99.8281117,13.7592744],[99.8284548,13.7596162],[99.8285786,13.7596785],[99.8289862,13.7597534],[99.829294,13.7597904],[99.8304995,13.7600405],[99.8313063,13.7602623],[99.8317773,13.7604487],[99.8318702,13.7604552],[99.8319395,13.7604338],[99.8325655,13.7600581],[99.8327556,13.7599158],[99.8330836,13.7596167],[99.8307511,13.7580267],[99.8296727,13.7572743],[99.8296629,13.7572426],[99.8297126,13.7565912],[99.8297118,13.756372],[99.8296953,13.7563022],[99.8296039,13.7561945],[99.8294564,13.756091],[99.8293855,13.7559983],[99.8292739,13.7556905],[99.8291847,13.7552683],[99.8291523,13.7552034],[99.8290899,13.755113],[99.8288258,13.7548597],[99.828767,13.7547773],[99.8286783,13.7544925],[99.828576,13.7543059],[99.8284632,13.7541771],[99.8282379,13.75396],[99.8281214,13.7538029],[99.8279498,13.7534173],[99.8277463,13.7528462],[99.827671,13.7526908],[99.8268947,13.7517623],[99.8268515,13.7516473],[99.8268694,13.7514996],[99.8269168,13.7514205],[99.8269967,13.7513318],[99.8271944,13.7511676],[99.8273598,13.7510622],[99.8279016,13.7508094],[99.8280475,13.75072],[99.828135,13.7506339],[99.8282093,13.7505129],[99.8283318,13.7502203],[99.8284895,13.7497845],[99.8287154,13.7493454],[99.8288383,13.7491798],[99.8289872,13.7490236],[99.8290715,13.748963],[99.8291753,13.7489118],[99.8293084,13.7488637],[99.8294091,13.7488475],[99.8296593,13.7488467],[99.8299715,13.7489123],[99.8305929,13.7491167],[99.8309961,13.749163],[99.8312983,13.7491588],[99.8316004,13.7491292],[99.8317343,13.7491027],[99.8318199,13.7490821],[99.8322787,13.748895],[99.8324801,13.7488626],[99.8325711,13.7488623],[99.8331401,13.7489397],[99.8342914,13.7491654],[99.8346811,13.7491804],[99.8347323,13.7491624],[99.834769,13.7491288],[99.8347916,13.7490811],[99.8348315,13.7488793],[99.8348805,13.7488103],[99.8349415,13.7487694],[99.8350638,13.7487436],[99.835154,13.7487006],[99.8353388,13.7485376],[99.8354871,13.7482493],[99.8355455,13.7481769],[99.835647,13.7480955],[99.8357099,13.7480081],[99.8357697,13.747867],[99.8358212,13.7476633],[99.8358677,13.7476132],[99.8359682,13.7476291],[99.8361779,13.7477325],[99.8362845,13.7477626],[99.8363369,13.7477618],[99.8366139,13.7476438],[99.8367005,13.7476266],[99.8368132,13.7476347],[99.8374867,13.747757],[99.8375534,13.747747],[99.8376093,13.7477188],[99.8377937,13.7475996],[99.8383498,13.7472871],[99.8385231,13.7476159],[99.8386734,13.7478346],[99.8388568,13.7480369],[99.8392233,13.748336],[99.8398894,13.7488208],[99.8402808,13.7491442],[99.8408628,13.7496665],[99.8410763,13.7498881],[99.8415426,13.750456],[99.8419244,13.7509843],[99.8420705,13.7512171],[99.8422255,13.7515257],[99.8423109,13.7517477],[99.8423652,13.7519668],[99.8426173,13.7534048],[99.8426252,13.7542358],[99.8425554,13.7547054],[99.8419959,13.7568091],[99.8428323,13.7566904],[99.844437,13.7566427],[99.8454775,13.7565622],[99.8455629,13.756533],[99.8456211,13.7564923],[99.8457598,13.7563193],[99.8458706,13.7562707],[99.8467331,13.7562074],[99.8470447,13.7562031],[99.8471411,13.7562161],[99.8471956,13.7562451],[99.8473509,13.756372],[99.8474756,13.7564283],[99.8477993,13.7565093],[99.8485535,13.7566558],[99.8495085,13.7568928],[99.8497015,13.7569025],[99.8498256,13.7568927],[99.8510824,13.7566315],[99.8518866,13.7565853],[99.8521582,13.7565909],[99.8522481,13.7566114],[99.8524153,13.7567114],[99.8525862,13.7567664],[99.8527348,13.7567794],[99.8532519,13.7567566],[99.8533883,13.7567777],[99.8534793,13.7568483],[99.8535169,13.756854],[99.8539531,13.7568109],[99.854092,13.7567736],[99.8541871,13.756677],[99.8543372,13.7564097],[99.8551921,13.7560581],[99.8559397,13.7597426],[99.8564806,13.7595889],[99.8566781,13.759505],[99.8571318,13.7592534],[99.8573191,13.7591816],[99.857488,13.7591379],[99.8576857,13.7591225],[99.858161,13.7592031],[99.8582455,13.759206],[99.8583652,13.7591615],[99.8585501,13.7590128],[99.8588979,13.7586919],[99.8590817,13.7584779],[99.8591968,13.7583821],[99.8593943,13.7582529],[99.8595659,13.7580317],[99.8596172,13.7579353],[99.8596578,13.7577981],[99.8598137,13.7568535],[99.8598655,13.7566401],[99.8599382,13.7565146],[99.8601199,13.756355],[99.8601926,13.7563165],[99.8629532,13.7555327],[99.8636924,13.7553841],[99.8643348,13.7552126],[99.8653977,13.7548499],[99.8655898,13.7547635],[99.8660911,13.7544246],[99.8666266,13.7539314],[99.8671847,13.7533026],[99.8673972,13.7531583],[99.867478,13.7531331],[99.8677913,13.7531375],[99.8679584,13.7531736],[99.8681493,13.7532371],[99.8683698,13.7533628],[99.868843,13.7536883],[99.8689169,13.7537203],[99.869016,13.7537404],[99.8694304,13.7537584],[99.8696036,13.7537434],[99.8696715,13.7537224],[99.8697426,13.7536654],[99.8697596,13.753617],[99.8696806,13.7533681],[99.869692,13.7532243],[99.8697069,13.7531787],[99.8698677,13.7529101],[99.8698907,13.7528363],[99.8699855,13.7521431],[99.8699836,13.7520104],[99.8700392,13.7518548],[99.8701403,13.7517418],[99.8704026,13.7515077],[99.8705772,13.7512538],[99.8707182,13.7511877],[99.8710032,13.7511451],[99.8711292,13.7511098],[99.8711743,13.7510829],[99.8713956,13.7508744],[99.8715226,13.7507198],[99.8716371,13.7505465],[99.8717666,13.750341],[99.8718222,13.750184],[99.871792,13.74955],[99.8718098,13.749432],[99.8719054,13.7490815],[99.8719279,13.7488952],[99.8720029,13.7488632],[99.8722255,13.7488012],[99.8732334,13.7485774],[99.8736785,13.7484462],[99.8740595,13.7482983],[99.8741024,13.7483061],[99.8743906,13.7484869],[99.874565,13.7485568],[99.8748991,13.7488405],[99.8750368,13.7490842],[99.8751441,13.7494045],[99.8762695,13.7492533],[99.8765313,13.7492833],[99.8779582,13.749162],[99.8786877,13.7491516],[99.8788921,13.7491709],[99.8790922,13.7491657],[99.8798538,13.7492638],[99.8803852,13.7492929],[99.8818364,13.7493032],[99.8834931,13.7491422],[99.8835113,13.74977],[99.8836005,13.7504664],[99.8836795,13.7506052],[99.8843639,13.7521338],[99.8853439,13.7553108],[99.8863464,13.7544678],[99.8864786,13.7543918],[99.8868537,13.7542804],[99.887169,13.7541588],[99.8874534,13.7539921],[99.8876863,13.7544807],[99.8877418,13.7548946],[99.8878301,13.7558355],[99.8880675,13.7575138],[99.8882311,13.7579801],[99.8884329,13.7583935],[99.888851,13.7589567],[99.8896749,13.7598463],[99.8883498,13.7616002],[99.8911797,13.762627],[99.8920415,13.7626125],[99.8937811,13.7626748],[99.8941145,13.7627571],[99.8962166,13.7630766],[99.9000937,13.7635824],[99.9052773,13.7639798],[99.9088686,13.7643664],[99.9127069,13.7648962],[99.915029,13.7654142],[99.9169687,13.7657441],[99.9170343,13.7654112],[99.917065,13.7653476],[99.9171206,13.7653292],[99.9175075,13.7653399],[99.9176312,13.7653092],[99.9177576,13.7652191],[99.9178265,13.7650751],[99.9178652,13.7647734],[99.9178986,13.7646947],[99.918418,13.7643125],[99.9185123,13.7641669],[99.9185969,13.7639688],[99.9187196,13.7637983],[99.9188047,13.7637176],[99.9189371,13.7636275],[99.9191201,13.7635156],[99.9192274,13.7634719],[99.9193222,13.763453],[99.9194202,13.7634464],[99.9200749,13.7634749],[99.9203122,13.7635018],[99.9205969,13.7635502],[99.9207742,13.7635959],[99.920999,13.7636631],[99.9211732,13.7637304],[99.9212556,13.7637812],[99.9212841,13.7638415],[99.9214337,13.7644583],[99.9215055,13.76499],[99.9215208,13.7650128],[99.9215646,13.7650355],[99.9223176,13.765192],[99.9231975,13.7655048],[99.9232733,13.7655585],[99.9233144,13.7656981],[99.9233321,13.7657192],[99.9242068,13.7662874],[99.924634,13.7665853],[99.9247002,13.7666097],[99.9247746,13.7666153],[99.9248471,13.7666017],[99.9249443,13.7665571],[99.9250438,13.7664969],[99.9251545,13.7664012],[99.9253485,13.7661856],[99.9254479,13.7660989],[99.9255654,13.7660253],[99.9256717,13.7659784],[99.9257483,13.7659608],[99.9257911,13.7659735],[99.9258718,13.7660745],[99.9259346,13.7662057],[99.9260916,13.76671],[99.926163,13.7670088],[99.9263254,13.7678628],[99.9263689,13.7679262],[99.9264168,13.7679533],[99.9264681,13.767968],[99.9270269,13.767969],[99.9286542,13.7679322],[99.9289594,13.7678918],[99.9299727,13.7676015],[99.9307736,13.7673924],[99.9348774,13.7617492],[99.9351489,13.7577789],[99.9363077,13.7566847],[99.9361509,13.7550476],[99.937707,13.7543042],[99.9378572,13.7545386],[99.9379511,13.7546012],[99.9381067,13.7546559],[99.9382354,13.7547184],[99.9383642,13.7548695],[99.9389909,13.7560412],[99.939308,13.7560125],[99.9400863,13.7582765],[99.940194,13.7592534],[99.9403118,13.7600589],[99.9411534,13.7600747],[99.9412342,13.7612836],[99.9412584,13.7617239],[99.9417519,13.7630186],[99.9420872,13.7630317],[99.9425217,13.7629952],[99.9426075,13.7633078],[99.9427872,13.7634719],[99.942914,13.7638643],[99.9429388,13.76422],[99.9431278,13.7653148],[99.9444914,13.7653284],[99.9452584,13.76543],[99.9452491,13.7656999],[99.9453145,13.7661013],[99.9454055,13.7670606],[99.9452561,13.7674689],[99.9451656,13.7683277],[99.9451093,13.7687185],[99.9449108,13.7693958],[99.9448518,13.7696954],[99.9448544,13.7699481],[99.9449188,13.7702685],[99.9450932,13.7707322],[99.945522,13.7715455],[99.9457189,13.7720766],[99.9463948,13.7721652],[99.9471592,13.7723528],[99.9484311,13.773305],[99.948238,13.7736978],[99.9482177,13.7738617],[99.9482218,13.774069],[99.9483356,13.7744639],[99.9483681,13.7747008],[99.9482706,13.7751588],[99.948394,13.776216],[99.9483594,13.7762959],[99.9486568,13.7766595],[99.9488114,13.7767765],[99.9473747,13.7777225],[99.9467186,13.7781117],[99.9458775,13.7784828],[99.945708,13.7781596],[99.9455386,13.7781866],[99.9453106,13.7781686],[99.9446328,13.7778903],[99.944337,13.7778694],[99.9449224,13.7792878],[99.945157,13.779356],[99.9457178,13.7799425],[99.9456716,13.7799874],[99.9462785,13.7804572],[99.9463207,13.7804131],[99.9470488,13.7808821],[99.947474,13.7809449],[99.9480008,13.7811963],[99.9481333,13.7807893],[99.9486232,13.7808791],[99.9491162,13.7801939],[99.9500374,13.7804871],[99.9515625,13.7812741],[99.9525084,13.7815524],[99.9530383,13.7815075],[99.953291,13.781328],[99.9539108,13.781045],[99.9543406,13.7817369],[99.9546923,13.7817201],[99.9536829,13.7864756],[99.9537878,13.7874718],[99.9538294,13.7876231],[99.9553465,13.788044],[99.9567924,13.7885595],[99.9571138,13.7890117],[99.9572877,13.7894301],[99.9571228,13.7895045],[99.9567061,13.789571],[99.9563255,13.7895707],[99.9550052,13.7892811],[99.9548669,13.7902753],[99.9560035,13.7904694],[99.956582,13.7904955],[99.9570385,13.790338],[99.957488,13.7903665],[99.9574168,13.791365],[99.957464,13.791895],[99.9585638,13.7919051],[99.9587908,13.7926314],[99.9588835,13.7926302],[99.9588628,13.7933253],[99.9589504,13.7938138],[99.9591851,13.7942759],[99.9594712,13.7946972],[99.9595673,13.7950657],[99.9592842,13.7959388],[99.9585713,13.7958807],[99.9585308,13.7966254],[99.9589156,13.7979232],[99.9598423,13.8001885],[99.9601188,13.801081],[99.9612674,13.8009343],[99.963145,13.8004853],[99.9629082,13.7999042],[99.9630664,13.7997974],[99.9637249,13.7992199],[99.9640529,13.7988992],[99.9641822,13.7987502],[99.964301,13.7985708],[99.9644153,13.7983147],[99.9646605,13.797608],[99.9647138,13.7975015],[99.9648061,13.7974119],[99.964912,13.7973707],[99.96511,13.7973621],[99.9662316,13.7975762],[99.966388,13.7975181],[99.9664721,13.7973094],[99.9665562,13.7972233],[99.966662,13.7972222],[99.9667642,13.7972213],[99.966792,13.797221],[99.9668437,13.7972569],[99.9670844,13.7976797],[99.9673888,13.7978962],[99.9682256,13.7981365],[99.9683007,13.7982146],[99.9682604,13.7984047],[99.9682953,13.7984881],[99.9685165,13.7984952],[99.9692952,13.7982717],[99.9695889,13.7983164],[99.9697623,13.7984436],[99.9699393,13.7992066],[99.9697426,13.800228],[99.9697815,13.8005442],[99.9699774,13.8007371],[99.9706768,13.8008718],[99.9708001,13.8010094],[99.970803,13.8011087],[99.9708062,13.8012175],[99.9708067,13.801234],[99.9707524,13.8013854],[99.9702483,13.8021711],[99.9702239,13.8024142],[99.9703795,13.8026747],[99.9705028,13.8030237],[99.970605,13.8034217],[99.9706277,13.8035098],[99.9706592,13.8036325],[99.9699387,13.8040961],[99.9690857,13.8046431],[99.968784,13.8049763],[99.9686499,13.8053071],[99.9686633,13.8056587],[99.9688792,13.8060809],[99.9691716,13.8065941],[99.9693861,13.8071749],[99.9696182,13.8074976],[99.9699065,13.8077375],[99.9703155,13.8079378],[99.9706133,13.8081566],[99.9706723,13.808365],[99.9706065,13.8085528],[99.9702444,13.808782],[99.9698019,13.809131],[99.9696906,13.8093546],[99.9697147,13.8095656],[99.9698327,13.8097948],[99.9699829,13.8099667],[99.9700527,13.8101517],[99.9700138,13.8103813],[99.969978,13.8104643]]]}},{"type":"Feature","id":"relation/18931788","properties":{"name_th":"อำเภอโพธาราม","name_en":"Photharam District"},"geometry":{"type":"Polygon","coordinates":[[[99.5326248,13.7607133],[99.5334929,13.7597841],[99.5337881,13.7597131],[99.5346506,13.7594004],[99.5349418,13.7592739],[99.5354523,13.7589916],[99.5357283,13.7588133],[99.5359514,13.7586465],[99.536151,13.7584681],[99.5363815,13.758179],[99.5365194,13.757965],[99.5365803,13.7577301],[99.5366077,13.7575061],[99.5366072,13.7572767],[99.5366403,13.757091],[99.536729,13.7568068],[99.5368348,13.7566646],[99.5369742,13.7565442],[99.5371416,13.756451],[99.53751,13.7562918],[99.5382527,13.7561318],[99.5388666,13.7558847],[99.539073,13.7557314],[99.5392291,13.7555836],[99.5393851,13.7553921],[99.5395354,13.7551734],[99.5398167,13.7547024],[99.5400806,13.7543135],[99.5403312,13.7538728],[99.5406537,13.7531667],[99.5407595,13.7530245],[99.5408487,13.7529315],[99.5410717,13.7527453],[99.5416966,13.752378],[99.5424276,13.7520269],[99.5431366,13.7518015],[99.5433208,13.7517301],[99.5435105,13.7516314],[99.543622,13.7515328],[99.5436888,13.7514235],[99.5437327,13.7510629],[99.5437924,13.7502928],[99.5438029,13.7498338],[99.5437586,13.7492295],[99.5436785,13.748987],[99.5435391,13.7488222],[99.5433502,13.748745],[99.5423071,13.7486114],[99.5409065,13.7485077],[99.5405042,13.7484487],[99.5401464,13.748333],[99.5399209,13.7481652],[99.5396022,13.7478164],[99.5392971,13.7475581],[99.5390451,13.7474034],[99.5386607,13.747223],[99.538263,13.7470426],[99.5375473,13.7467464],[99.5372555,13.74654],[99.5369504,13.7462947],[99.5365359,13.7459041],[99.5362072,13.7455714],[99.5359946,13.7452871],[99.5358884,13.7450953],[99.5357909,13.7447745],[99.5359374,13.7444451],[99.5371593,13.7430738],[99.5378011,13.7420531],[99.5388106,13.7396623],[99.5389617,13.7386299],[99.5389576,13.7368472],[99.5389371,13.736716],[99.5390534,13.7339331],[99.5387639,13.7335575],[99.5383145,13.7333547],[99.5368061,13.7327938],[99.5361475,13.7322623],[99.5360515,13.7320523],[99.535888,13.7309462],[99.5359494,13.7297548],[99.5360749,13.728532],[99.5362969,13.7274343],[99.5367471,13.7260367],[99.5375244,13.7254044],[99.537604,13.7253578],[99.5377907,13.7253053],[99.5383836,13.7253236],[99.5387219,13.7252711],[99.5389386,13.7252033],[99.5392622,13.7250245],[99.5395763,13.7247606],[99.5397966,13.7245068],[99.540147,13.7239799],[99.5403815,13.7237533],[99.5405013,13.7236618],[99.5406353,13.723571],[99.5408075,13.7234805],[99.5409635,13.7233685],[99.5410889,13.7232527],[99.5411915,13.7231259],[99.5414686,13.7227082],[99.5415823,13.7224733],[99.5417951,13.7219518],[99.5418336,13.7217878],[99.5418427,13.7213891],[99.5418309,13.7212401],[99.541804,13.7211173],[99.5415295,13.7205631],[99.5414802,13.7204227],[99.5414669,13.7203316],[99.5414741,13.7201125],[99.5415005,13.7199933],[99.5415384,13.7199188],[99.5415948,13.7198537],[99.5417213,13.7197681],[99.5419177,13.7196838],[99.5422474,13.7195818],[99.5424447,13.7194965],[99.5425809,13.7194137],[99.5430904,13.719003],[99.5435008,13.7185887],[99.5437561,13.7182965],[99.5438443,13.7181355],[99.5439726,13.7179631],[99.5441095,13.7178398],[99.5442897,13.7177415],[99.5447424,13.717537],[99.5448899,13.7174428],[99.5450017,13.7173595],[99.5452782,13.7171085],[99.5455422,13.7167986],[99.5458181,13.7165753],[99.546099,13.7164367],[99.5470062,13.7161029],[99.5473943,13.7159171],[99.5480896,13.7152944],[99.5484065,13.7149732],[99.5486006,13.7147223],[99.5488867,13.7144011],[99.5491012,13.7141202],[99.5494177,13.7136286],[99.5496422,13.7132375],[99.5498156,13.7128965],[99.5500302,13.7126556],[99.5502246,13.7125149],[99.5506236,13.7122836],[99.5511664,13.7120364],[99.5513387,13.7119819],[99.5515282,13.7119016],[99.5516797,13.7117872],[99.5517639,13.7116357],[99.5517783,13.7115359],[99.5517693,13.7114389],[99.5516289,13.710818],[99.5513288,13.709696],[99.5512587,13.7093107],[99.5512024,13.7088779],[99.5511948,13.7086006],[99.5512148,13.7082963],[99.5512624,13.7079106],[99.5513988,13.7070784],[99.5514354,13.7067282],[99.551513,13.7064528],[99.5516164,13.7062649],[99.5517276,13.7061207],[99.5519067,13.7059766],[99.5520944,13.7058672],[99.5522855,13.7057837],[99.552509,13.7057091],[99.5533145,13.705494],[99.5542305,13.70522],[99.5546651,13.7051195],[99.5551938,13.7050302],[99.5557578,13.7050021],[99.5562185,13.7050202],[99.5563245,13.7050355],[99.5565456,13.7051009],[99.5572204,13.705416],[99.5575574,13.7056175],[99.5578438,13.7058358],[99.5583153,13.7062501],[99.5585255,13.7064605],[99.5589523,13.7069635],[99.5591074,13.7072098],[99.5595368,13.7081507],[99.5596067,13.7082591],[99.5598057,13.7084575],[99.5599475,13.7086638],[99.560024,13.7088386],[99.5600988,13.7091055],[99.5601197,13.7094054],[99.5600681,13.7095886],[99.5599812,13.7097146],[99.5598005,13.7098544],[99.5596927,13.7099173],[99.5592541,13.7100976],[99.5588934,13.7102755],[99.5587598,13.7103861],[99.5586545,13.710536],[99.5585845,13.7106787],[99.5585071,13.7109114],[99.5584926,13.7110547],[99.5585081,13.7112119],[99.5585654,13.7113923],[99.5586124,13.7114838],[99.5586997,13.7115938],[99.5588073,13.7116605],[99.5590076,13.7117203],[99.5591323,13.7117396],[99.5598027,13.7117772],[99.5602103,13.7117685],[99.5604188,13.7117425],[99.56051,13.7117235],[99.5607321,13.7116412],[99.560904,13.7116122],[99.5610651,13.7116443],[99.5611739,13.7117096],[99.5612646,13.7118357],[99.5615202,13.712365],[99.5617013,13.7126156],[99.5621845,13.7130411],[99.5624063,13.7131803],[99.5626494,13.7132375],[99.562793,13.7132448],[99.5630919,13.7132365],[99.5637945,13.7131856],[99.564206,13.7131808],[99.5644312,13.7132069],[99.5648974,13.7133387],[99.5650372,13.7133535],[99.5651459,13.7133419],[99.5653554,13.7132807],[99.5654601,13.7132273],[99.5655337,13.7131588],[99.5656265,13.7130144],[99.5656883,13.7128814],[99.5658387,13.7124711],[99.5659161,13.7123533],[99.5660362,13.7122277],[99.5696083,13.7097904],[99.5725639,13.7091129],[99.5750289,13.7084639],[99.5776843,13.7078487],[99.58054,13.7071097],[99.5809504,13.7070952],[99.5858072,13.7068011],[99.5916097,13.7059853],[99.5935319,13.7055525],[99.5947289,13.7049592],[99.5967387,13.7044379],[99.5973485,13.7045755],[99.5988541,13.7054656],[99.5994435,13.7055834],[99.600012,13.7054628],[99.6018182,13.7047434],[99.6031791,13.7046606],[99.6040535,13.7049961],[99.6053349,13.7056087],[99.6060464,13.7057857],[99.607001,13.7057437],[99.608077,13.705463],[99.6090094,13.705119],[99.6096363,13.7042849],[99.6097535,13.7042272],[99.6105413,13.7041188],[99.6112724,13.7041259],[99.6113975,13.7040234],[99.6115156,13.7031955],[99.611562,13.7029757],[99.6116073,13.7022757],[99.6116743,13.7019179],[99.6116995,13.7015909],[99.6116416,13.701402],[99.6112426,13.7006673],[99.6112319,13.7005856],[99.6114087,13.7002378],[99.6117109,13.6999152],[99.6119559,13.6996898],[99.6125604,13.6990702],[99.6127742,13.6989215],[99.612983,13.6988239],[99.6131395,13.6987264],[99.6132281,13.6986394],[99.6132852,13.6985166],[99.6133056,13.6983173],[99.6132999,13.6981334],[99.6133414,13.698026],[99.6136489,13.6976983],[99.614014,13.6974624],[99.6146767,13.6971032],[99.616357,13.6962867],[99.6170929,13.6959885],[99.6176931,13.695701],[99.6181733,13.6955056],[99.6184343,13.6954437],[99.6192021,13.6953191],[99.619719,13.695185],[99.6208363,13.6948604],[99.6217344,13.6946384],[99.6226079,13.6949836],[99.6226863,13.6950039],[99.6233705,13.6949],[99.624081,13.6948471],[99.6247132,13.6948455],[99.6258316,13.6949193],[99.6270334,13.6949469],[99.6276551,13.6949453],[99.627948,13.6950366],[99.6283926,13.6952142],[99.6290254,13.6954374],[99.6294127,13.6956919],[99.6297581,13.6958749],[99.6300486,13.6958634],[99.631027,13.695784],[99.6313418,13.6957928],[99.6316715,13.6958544],[99.6319225,13.6959259],[99.6320455,13.69594],[99.6324339,13.695891],[99.6328663,13.6957552],[99.6332839,13.695581],[99.6336276,13.6954022],[99.6336768,13.6954021],[99.6346349,13.696966],[99.6349102,13.6975322],[99.6349024,13.6975869],[99.6348337,13.6976496],[99.6344213,13.6979391],[99.6331737,13.6987541],[99.6331821,13.698857],[99.6339318,13.7020993],[99.6341018,13.7026588],[99.6342119,13.7029137],[99.6341956,13.7031032],[99.6342296,13.7032019],[99.6342876,13.7032316],[99.6414067,13.7026441],[99.6417239,13.7025923],[99.6420524,13.702506],[99.6424306,13.70233],[99.6426159,13.7023197],[99.6426883,13.7023388],[99.6427679,13.7023983],[99.6428266,13.7025813],[99.6428187,13.7027196],[99.6427655,13.7030697],[99.6428096,13.7031739],[99.6429042,13.7031885],[99.6449765,13.7030758],[99.6451921,13.7030753],[99.6485766,13.7028482],[99.6498738,13.7028226],[99.6515266,13.7028294],[99.6522794,13.7028718],[99.6533195,13.7028801],[99.6540344,13.7029041],[99.6562167,13.7029057],[99.6603143,13.7028775],[99.6602674,13.7018024],[99.6602428,13.7015729],[99.6601896,13.7013857],[99.6600334,13.7012081],[99.6599254,13.7011335],[99.6596976,13.7010357],[99.6588151,13.7006961],[99.6579734,13.7003541],[99.6574985,13.7001445],[99.6570763,13.6999208],[99.6559448,13.6992791],[99.6561693,13.6990122],[99.6562283,13.6989671],[99.6564444,13.6988415],[99.6569092,13.6984923],[99.6572089,13.6983471],[99.6573415,13.6982554],[99.6574052,13.6981654],[99.6574931,13.6979391],[99.6575704,13.6976614],[99.657618,13.6973856],[99.6577768,13.6972071],[99.6578961,13.69714],[99.6581123,13.6971061],[99.6585447,13.6970994],[99.6589086,13.6969982],[99.6591075,13.6968864],[99.6594763,13.6965182],[99.6596978,13.6963507],[99.6598849,13.6960943],[99.6600202,13.69566],[99.6602455,13.6948415],[99.660251,13.6947469],[99.6601136,13.6944635],[99.6600904,13.6942856],[99.6601242,13.6941909],[99.660283,13.6939846],[99.6603338,13.6938398],[99.6603502,13.6936005],[99.6604177,13.6933166],[99.6613946,13.6926519],[99.6621954,13.6921323],[99.6625874,13.6919032],[99.662928,13.6915963],[99.6631156,13.6915457],[99.6637981,13.6914326],[99.6642184,13.691131],[99.6647296,13.6908125],[99.6650989,13.6906335],[99.6653719,13.6905604],[99.6656446,13.6904206],[99.6659402,13.6902974],[99.6661506,13.6902634],[99.6664465,13.6902515],[99.6668619,13.6902782],[99.6671635,13.6902663],[99.6682442,13.6901187],[99.668597,13.6901122],[99.6694511,13.6903324],[99.6704359,13.6905426],[99.6707129,13.6905214],[99.6714771,13.690412],[99.673931,13.690907],[99.6757333,13.6913474],[99.6766968,13.6916383],[99.6773499,13.6920009],[99.6783351,13.6926257],[99.6784801,13.6926556],[99.6785629,13.6926554],[99.6785833,13.692544],[99.6784605,13.6920943],[99.6783422,13.6917758],[99.678328,13.6915761],[99.6788419,13.6897051],[99.6789266,13.6895434],[99.6790013,13.6894716],[99.6791305,13.6894096],[99.680282,13.6889886],[99.6827277,13.6880512],[99.6829351,13.6879441],[99.6838679,13.6872856],[99.6842775,13.6870198],[99.6845496,13.6869058],[99.6849493,13.6867765],[99.6851635,13.6866744],[99.6852791,13.6865925],[99.6854217,13.6864556],[99.6855813,13.6862803],[99.6860003,13.6857648],[99.6861208,13.6856346],[99.6863535,13.6854342],[99.6865557,13.6852904],[99.6872781,13.6848706],[99.68807,13.6843722],[99.6883041,13.6841708],[99.6884607,13.6840598],[99.6886665,13.6839677],[99.6887583,13.6839425],[99.6897793,13.6837382],[99.6902284,13.6835871],[99.690715,13.6834692],[99.6910361,13.6833741],[99.6917605,13.6829402],[99.6925169,13.6825203],[99.6929352,13.682311],[99.6929282,13.6822777],[99.6925123,13.6820908],[99.6917264,13.6817465],[99.6916063,13.6817218],[99.6907773,13.6817304],[99.6905125,13.6817649],[99.6891839,13.6818306],[99.6883707,13.6819781],[99.6879631,13.6820153],[99.6876059,13.6821617],[99.6871264,13.6823978],[99.6864674,13.6827504],[99.6856068,13.6828791],[99.6841545,13.683388],[99.6835498,13.6836144],[99.680153,13.6850338],[99.6798377,13.6851469],[99.6791489,13.6851699],[99.6781014,13.6851727],[99.6772406,13.6852102],[99.676559,13.685205],[99.6761871,13.6852407],[99.6732716,13.6859846],[99.6721638,13.6861691],[99.6714006,13.6863164],[99.671019,13.6864108],[99.6700595,13.6865222],[99.6695079,13.6865237],[99.6683967,13.6864955],[99.6680474,13.6863885],[99.66788,13.6862694],[99.6677484,13.6861472],[99.667479,13.6858038],[99.6672511,13.6853902],[99.6670979,13.6850114],[99.6667966,13.6839447],[99.6666944,13.6836679],[99.6665323,13.68333],[99.6661511,13.682763],[99.6660924,13.6826543],[99.6660749,13.6825882],[99.6660747,13.6825344],[99.6662153,13.6820927],[99.6664107,13.6816197],[99.6665863,13.6812882],[99.6666786,13.6811776],[99.6667825,13.6810896],[99.6668893,13.6810243],[99.6670946,13.6809501],[99.6674415,13.6808615],[99.6675253,13.680816],[99.668019,13.6804384],[99.6689414,13.6791967],[99.6691203,13.679018],[99.6693658,13.6788447],[99.6694814,13.6788189],[99.6697447,13.6787956],[99.6702133,13.6787745],[99.6706557,13.6786658],[99.6711991,13.6784521],[99.6713639,13.6784064],[99.6716271,13.6783774],[99.6718904,13.6783682],[99.6721624,13.6783788],[99.6729439,13.678487],[99.6733549,13.6785114],[99.6744521,13.6787404],[99.6749759,13.6787616],[99.6751002,13.6787414],[99.6752332,13.6787015],[99.6757357,13.6783464],[99.6758426,13.6783037],[99.6760248,13.678258],[99.6765598,13.6781631],[99.6767013,13.6780892],[99.6768861,13.6779246],[99.6770237,13.6777783],[99.6777157,13.6775891],[99.6788577,13.6769576],[99.6791777,13.6769422],[99.6798803,13.6767677],[99.6800451,13.676705],[99.6804697,13.6764719],[99.6807991,13.6763097],[99.6813396,13.6761158],[99.6816922,13.6759621],[99.6819752,13.6757802],[99.6827342,13.6750906],[99.6828699,13.6750082],[99.6831358,13.6748886],[99.6834133,13.6747973],[99.6839887,13.6746713],[99.6841852,13.6745887],[99.6843613,13.6744637],[99.6845229,13.674302],[99.6847074,13.6740836],[99.6848428,13.673888],[99.6851393,13.6733383],[99.6851621,13.6732364],[99.6851984,13.6727667],[99.6851918,13.6724866],[99.6850937,13.671573],[99.6849741,13.6712338],[99.6849445,13.6710245],[99.6848575,13.6699327],[99.6848628,13.6697856],[99.6848829,13.6697204],[99.6849204,13.6696722],[99.6849781,13.6696353],[99.6852066,13.6696035],[99.6857652,13.6696586],[99.686437,13.6698689],[99.6865905,13.6699024],[99.6867583,13.6699076],[99.6876232,13.6698543],[99.6879095,13.6698054],[99.6880714,13.6697569],[99.6881812,13.6696972],[99.6882533,13.6696375],[99.6883081,13.6695752],[99.6883398,13.6695128],[99.6883539,13.6694053],[99.6883524,13.6688847],[99.6883783,13.6688167],[99.6884158,13.6687827],[99.6884764,13.6687514],[99.6885748,13.6687539],[99.6891335,13.6688429],[99.6894605,13.668876],[99.6898395,13.6688579],[99.6900072,13.6688178],[99.6901228,13.6687666],[99.6902383,13.6686956],[99.690593,13.6682872],[99.6907113,13.6681765],[99.6912513,13.6678072],[99.6921256,13.6670012],[99.6925989,13.6666066],[99.6923679,13.6657727],[99.6920643,13.6648427],[99.6917246,13.6637036],[99.6915611,13.6633056],[99.6912821,13.6628841],[99.6893934,13.6603494],[99.689571,13.6602492],[99.6899416,13.6600848],[99.6902212,13.6599801],[99.6905538,13.6598948],[99.6910357,13.6597916],[99.6920078,13.6596112],[99.6923809,13.6595762],[99.6928322,13.6595749],[99.6930145,13.6595603],[99.6932458,13.6595143],[99.6940031,13.6592831],[99.6942778,13.6592172],[99.6949775,13.6590851],[99.6951799,13.6590308],[99.695255,13.6589995],[99.6953272,13.6589483],[99.6955547,13.6585742],[99.6956816,13.6584352],[99.6958605,13.6582848],[99.6971135,13.6573901],[99.6975916,13.657093],[99.698242,13.6568066],[99.699818,13.6562006],[99.7005197,13.6559578],[99.7008433,13.6558301],[99.7019509,13.6552262],[99.7022434,13.6550885],[99.7024687,13.6549941],[99.7029012,13.6548737],[99.7044144,13.6546895],[99.7046164,13.6546433],[99.7052818,13.6543676],[99.7060924,13.6541473],[99.7066545,13.6540342],[99.7068774,13.6540057],[99.7075563,13.6539556],[99.7081316,13.6538956],[99.7082248,13.6538675],[99.7083878,13.6537631],[99.7084576,13.6536869],[99.7085582,13.653537],[99.7086716,13.6533187],[99.7087233,13.6532653],[99.7088579,13.6532168],[99.7093295,13.6531521],[99.7095757,13.6531514],[99.7098039,13.6531786],[99.7103045,13.6532963],[99.7115231,13.6534297],[99.7129287,13.6536462],[99.7138127,13.6537045],[99.7145022,13.6537228],[99.7155207,13.6536413],[99.7158239,13.6536353],[99.7161013,13.6536649],[99.7175822,13.6539268],[99.7177741,13.6539744],[99.7179324,13.6540373],[99.7180261,13.654141],[99.7182605,13.6545104],[99.7183437,13.6545938],[99.7184449,13.6546442],[99.7185772,13.6546793],[99.7189143,13.6547366],[99.7192645,13.6548243],[99.7201418,13.6551944],[99.7203674,13.655247],[99.7205178,13.6552643],[99.7207874,13.655266],[99.7209714,13.6552452],[99.7211526,13.6551915],[99.7215643,13.6550382],[99.7233607,13.6542218],[99.7239276,13.6539946],[99.723832,13.6535194],[99.7237609,13.6529249],[99.7237095,13.6527483],[99.7237115,13.6526097],[99.7240031,13.6521536],[99.7243372,13.6516858],[99.7243983,13.6515678],[99.724492,13.6513087],[99.7245296,13.6512532],[99.7245838,13.6511976],[99.7249257,13.6509655],[99.7250105,13.6508705],[99.7251511,13.6505119],[99.7252897,13.6502273],[99.7253177,13.6501209],[99.7253315,13.6499915],[99.7252832,13.6496612],[99.7252947,13.6495618],[99.7254028,13.6493396],[99.7255698,13.6490919],[99.7256731,13.6488998],[99.7257505,13.6487055],[99.7257948,13.6484905],[99.7258208,13.6484618],[99.7261859,13.6483352],[99.7262919,13.6481939],[99.7265427,13.6478022],[99.7268267,13.6477106],[99.7270613,13.6476024],[99.7275195,13.6474621],[99.7277221,13.6474318],[99.7281443,13.647325],[99.7288296,13.6471061],[99.729263,13.6469399],[99.7296019,13.6468426],[99.7297871,13.6467414],[99.7300514,13.6465704],[99.7306061,13.64618],[99.7307708,13.6460342],[99.7309114,13.6459793],[99.731157,13.6459067],[99.7314439,13.6458444],[99.7316631,13.6457683],[99.7321705,13.6455297],[99.7326715,13.6452739],[99.7328585,13.6451563],[99.7330273,13.6449958],[99.7332062,13.6448752],[99.7341347,13.6443292],[99.7344654,13.6441685],[99.7349795,13.6438618],[99.7350313,13.6438143],[99.7350781,13.6437597],[99.7353896,13.6435781],[99.7368673,13.6428622],[99.7383132,13.6423854],[99.738567,13.6423231],[99.7393055,13.6421845],[99.7402035,13.6417524],[99.740932,13.641429],[99.7412522,13.64126],[99.7413838,13.6412091],[99.7417936,13.6411277],[99.7420323,13.6409394],[99.7421838,13.6407276],[99.7423152,13.6405924],[99.7425105,13.6403299],[99.7426916,13.6401278],[99.7429337,13.6399893],[99.7431527,13.6398325],[99.7433968,13.6396951],[99.7440945,13.6393758],[99.7446164,13.6390899],[99.7449603,13.6389277],[99.745594,13.6387793],[99.7462728,13.6385444],[99.7466247,13.6384829],[99.7468055,13.6384734],[99.7469277,13.6384478],[99.7470798,13.6383936],[99.7478628,13.6380738],[99.7483914,13.6378378],[99.7488899,13.6375433],[99.749052,13.6374646],[99.7492041,13.6374251],[99.7493064,13.6373735],[99.7493637,13.6373343],[99.7494507,13.6372192],[99.749513,13.6371678],[99.74965,13.6370721],[99.7498419,13.6369665],[99.75063,13.636654],[99.75171,13.6362942],[99.7522335,13.6360265],[99.7528372,13.6358342],[99.752922,13.6358119],[99.753209,13.6357793],[99.7535013,13.6356911],[99.7541299,13.635023],[99.7551284,13.6342266],[99.7557315,13.6339379],[99.7562473,13.6337469],[99.7563391,13.6337382],[99.7568874,13.6337824],[99.7575,13.6339459],[99.7586165,13.6348237],[99.7591704,13.6353283],[99.7595335,13.6355129],[99.7598786,13.635495],[99.7617067,13.6350843],[99.7633273,13.6345392],[99.7638621,13.63447],[99.7645185,13.6346705],[99.7651941,13.6354449],[99.7654935,13.6357116],[99.7657081,13.635809],[99.7658296,13.6358016],[99.7659448,13.6357085],[99.7664003,13.6348335],[99.766622,13.6346821],[99.7671189,13.6344936],[99.7679664,13.6344284],[99.7688303,13.6344805],[99.769671,13.6347985],[99.7703523,13.6352735],[99.770969,13.6355532],[99.772956,13.6359914],[99.7741174,13.635874],[99.7741464,13.6358876],[99.7741889,13.6360713],[99.7742438,13.6360953],[99.774755,13.636101],[99.7757763,13.6360639],[99.7766094,13.6360578],[99.7766547,13.6360724],[99.7766653,13.6361563],[99.7766889,13.6361804],[99.7776034,13.6363333],[99.7790336,13.6365169],[99.7802505,13.6366945],[99.7804773,13.6367157],[99.780747,13.6367178],[99.7807491,13.6361599],[99.7808017,13.6356404],[99.780849,13.6353628],[99.7809147,13.6351561],[99.7810167,13.634961],[99.7812127,13.6346194],[99.781401,13.6343755],[99.7815033,13.6342807],[99.7816598,13.634174],[99.782437,13.6337938],[99.7826057,13.6336871],[99.7827381,13.6335745],[99.7834958,13.6327635],[99.7851251,13.630917],[99.7853657,13.630692],[99.786022,13.6302472],[99.786961,13.629536],[99.7872533,13.6292852],[99.7873818,13.6291553],[99.7875676,13.6288858],[99.7876215,13.6287562],[99.7876815,13.6284689],[99.7879129,13.6282597],[99.7890518,13.6267756],[99.7902751,13.6250538],[99.7904605,13.6249562],[99.7907229,13.6249271],[99.7909662,13.6249358],[99.7914561,13.6249999],[99.7922727,13.6250788],[99.7929866,13.625114],[99.7935543,13.625062],[99.7936894,13.6250792],[99.7937742,13.6251159],[99.7938536,13.6251703],[99.7939565,13.6252686],[99.7940343,13.6253722],[99.7941774,13.6256359],[99.7942574,13.6258611],[99.7943118,13.6259683],[99.7944762,13.6261474],[99.7953253,13.6264458],[99.7953992,13.6264791],[99.7954372,13.6265177],[99.7960329,13.6277411],[99.7969025,13.629126],[99.7970518,13.6293043],[99.7972657,13.6294372],[99.7975091,13.6294698],[99.7981744,13.6293383],[99.7983665,13.6293252],[99.7984519,13.6293416],[99.7985544,13.629383],[99.7992715,13.6298935],[99.7994037,13.6299471],[99.7994853,13.6299515],[99.8008052,13.6297852],[99.8009852,13.6297518],[99.8011868,13.6297441],[99.8013166,13.6297742],[99.8018599,13.6299955],[99.8031608,13.6306088],[99.8033843,13.6306739],[99.8037302,13.6307291],[99.8042153,13.6307792],[99.8048869,13.630775],[99.8051567,13.6307168],[99.8059236,13.630361],[99.8064385,13.6301745],[99.8081385,13.6297406],[99.8100211,13.6293767],[99.8101737,13.6293131],[99.8102639,13.6292539],[99.8103364,13.6291654],[99.8103683,13.6291152],[99.8103998,13.6290124],[99.8103995,13.6288928],[99.8103216,13.628654],[99.810251,13.6285239],[99.8095893,13.6275131],[99.8095537,13.627392],[99.8095784,13.6272242],[99.8096387,13.62708],[99.810094,13.6261023],[99.811043,13.6250289],[99.8114104,13.6246778],[99.8116125,13.6242638],[99.811669,13.6241985],[99.8118875,13.6240045],[99.8119773,13.6239487],[99.8120672,13.6239082],[99.8125151,13.6238609],[99.8128847,13.6237965],[99.812961,13.6237943],[99.813008,13.6238037],[99.8132204,13.6240978],[99.8132869,13.624109],[99.8143128,13.6237019],[99.8143362,13.6236769],[99.814342,13.6236367],[99.8143416,13.6229573],[99.8143611,13.6229324],[99.8146191,13.6228645],[99.8146308,13.6228454],[99.8150999,13.622708],[99.8147007,13.6215419],[99.8149177,13.6214818],[99.8152893,13.6214385],[99.8156828,13.6213514],[99.8160277,13.6216447],[99.8166686,13.6213861],[99.8168964,13.6222478],[99.8177761,13.6219432],[99.8173012,13.6198511],[99.8182006,13.6196338],[99.8187714,13.6194788],[99.8182298,13.6178998],[99.8187224,13.6177489],[99.8196119,13.6175393],[99.8204941,13.617458],[99.8208307,13.6174549],[99.820734,13.616108],[99.8206717,13.6156048],[99.821315,13.6154841],[99.8216278,13.6154103],[99.8220288,13.6153803],[99.8220601,13.6153706],[99.822083,13.615204],[99.8233314,13.6152152],[99.823421,13.6145508],[99.8235308,13.6140299],[99.8244349,13.6140882],[99.8248262,13.6140811],[99.8266591,13.6139315],[99.8269194,13.613946],[99.8269332,13.6139957],[99.8278391,13.6139678],[99.8284105,13.6139927],[99.8284936,13.6126689],[99.8289238,13.6132142],[99.8293065,13.6136355],[99.8296884,13.6138508],[99.8299901,13.6139563],[99.8304005,13.6140082],[99.8317014,13.6143803],[99.8317379,13.6144227],[99.8318004,13.6149634],[99.8318145,13.6150197],[99.8318677,13.6151048],[99.8320856,13.6152311],[99.8323072,13.6152943],[99.8325577,13.6152935],[99.8329205,13.6152141],[99.8330437,13.6151569],[99.8331995,13.6150676],[99.8333008,13.614975],[99.8335683,13.6146439],[99.8336372,13.6146188],[99.8338114,13.614604],[99.8340473,13.6146068],[99.8344252,13.6146344],[99.8346795,13.614601],[99.8353515,13.6144075],[99.8358905,13.6142297],[99.8361108,13.6145809],[99.8361577,13.6145807],[99.8364155,13.6144957],[99.836525,13.61448],[99.8365955,13.614518],[99.8368163,13.6150375],[99.8371433,13.6156005],[99.8372318,13.6157878],[99.8375355,13.6162439],[99.8376267,13.6163399],[99.8377072,13.6163993],[99.8379693,13.6165082],[99.8384716,13.6167685],[99.8388834,13.6170292],[99.8394379,13.6171725],[99.8397135,13.6172867],[99.8399112,13.6173887],[99.8400343,13.6174148],[99.8406785,13.6173188],[99.8416192,13.6171315],[99.8420334,13.6170203],[99.8424554,13.6168563],[99.8425183,13.6168048],[99.8427523,13.6163538],[99.8428013,13.616218],[99.8428278,13.6160813],[99.8428401,13.6157369],[99.8450377,13.6158107],[99.8477775,13.6158604],[99.8499339,13.6158154],[99.8507539,13.6157185],[99.8512974,13.6157517],[99.8514971,13.6157487],[99.8520437,13.6157174],[99.8522848,13.6156833],[99.8525675,13.6156639],[99.8531205,13.6156494],[99.8533163,13.6154381],[99.8533568,13.6153585],[99.8533924,13.6147148],[99.8534358,13.6145897],[99.8534754,13.6145427],[99.8535313,13.6145108],[99.8536392,13.6144989],[99.8539274,13.6145552],[99.854012,13.6145568],[99.8541252,13.61455],[99.85422,13.6145226],[99.8542606,13.6144929],[99.8542802,13.6144516],[99.8543738,13.6141152],[99.8543987,13.6140855],[99.854496,13.61404],[99.8546526,13.6140189],[99.8553898,13.6139842],[99.8560317,13.61383],[99.8566502,13.6137429],[99.8572311,13.6136799],[99.8574157,13.6136462],[99.8577107,13.6135577],[99.8581012,13.6134134],[99.8584692,13.6132344],[99.858598,13.6131567],[99.8586925,13.6130817],[99.8588506,13.6129082],[99.8589654,13.6128283],[99.8594466,13.6127031],[99.8596131,13.6126062],[99.8596987,13.61254],[99.8598873,13.6123111],[99.8600103,13.6119439],[99.8600624,13.6118292],[99.8607769,13.6113242],[99.8609343,13.6113108],[99.8612672,13.6114442],[99.8613846,13.6114577],[99.8614794,13.6114556],[99.8622923,13.6113459],[99.8625808,13.6113395],[99.8631192,13.6114082],[99.8633187,13.611473],[99.8636748,13.6116572],[99.8639142,13.6118558],[99.8640077,13.6119862],[99.8643419,13.6127336],[99.864431,13.6128533],[99.8645238,13.6129434],[99.8652957,13.6133759],[99.8654626,13.6135056],[99.8655359,13.6135974],[99.8656005,13.6137005],[99.8656763,13.6139447],[99.8657238,13.6146479],[99.8658048,13.614883],[99.8658305,13.6149295],[99.8661527,13.6153032],[99.8664123,13.6158676],[99.8664564,13.6159371],[99.8666295,13.6160988],[99.8669634,13.61635],[99.8670385,13.6164311],[99.8671222,13.6165611],[99.8671853,13.616744],[99.8672193,13.616927],[99.8672373,13.6172973],[99.8672796,13.61745],[99.8675542,13.6180226],[99.8676758,13.6182026],[99.8693459,13.6201041],[99.8695606,13.620408],[99.8697009,13.6206945],[99.8697495,13.6208919],[99.8698011,13.6214273],[99.8698535,13.621608],[99.8699727,13.6217845],[99.8703674,13.6221769],[99.8704333,13.6222713],[99.8709835,13.6232387],[99.8710742,13.6235517],[99.8711492,13.623705],[99.8714201,13.6241298],[99.8722908,13.6258087],[99.8731978,13.6271852],[99.8740643,13.6285893],[99.874303,13.6289914],[99.8746237,13.6296191],[99.8747021,13.6297348],[99.8750876,13.6301578],[99.8753943,13.6304039],[99.8761268,13.6309205],[99.8764521,13.631202],[99.8774222,13.6304087],[99.8786674,13.6294596],[99.8787319,13.6293938],[99.8787365,13.6293586],[99.8787196,13.6293211],[99.8778946,13.6282597],[99.877036,13.6269336],[99.8770166,13.6268774],[99.8770244,13.6267905],[99.8770449,13.6267671],[99.8776382,13.626472],[99.8786565,13.6257465],[99.8788883,13.6255652],[99.8790006,13.6254569],[99.8790461,13.6254404],[99.8791947,13.625468],[99.8792498,13.625449],[99.8796909,13.6250957],[99.8799212,13.6248905],[99.8799126,13.624833],[99.8793304,13.6239799],[99.8790768,13.623584],[99.8789441,13.6234262],[99.8786582,13.6230119],[99.8786336,13.6229408],[99.8786401,13.6228643],[99.8786924,13.6228021],[99.8801195,13.6218532],[99.8806143,13.6215046],[99.8811329,13.621116],[99.8815752,13.6208143],[99.8819469,13.6204894],[99.8819973,13.6204259],[99.8819748,13.6203785],[99.8812853,13.619648],[99.8812572,13.6196384],[99.8811508,13.6196516],[99.8810823,13.6196044],[99.8809902,13.6194869],[99.8808761,13.6192858],[99.8807765,13.6191455],[99.880616,13.6189555],[99.880167,13.6184914],[99.879816,13.6181867],[99.8794213,13.6179033],[99.8791359,13.61763],[99.8787816,13.6173491],[99.8784178,13.6170181],[99.8783934,13.6169787],[99.8784054,13.6169444],[99.8792568,13.616373],[99.8799598,13.615881],[99.8801434,13.6157686],[99.8803198,13.6156236],[99.8803399,13.615581],[99.8803256,13.6155464],[99.8798777,13.6152652],[99.8798715,13.6152247],[99.8804495,13.6145234],[99.8808328,13.6140014],[99.8810958,13.6136862],[99.8811401,13.6136737],[99.8811898,13.6136885],[99.8813354,13.6138324],[99.8813819,13.6138514],[99.8814519,13.6138487],[99.8816824,13.6137066],[99.8823077,13.6134078],[99.8823265,13.6133751],[99.8822877,13.6132258],[99.8823017,13.6131651],[99.8823562,13.6131142],[99.8824913,13.613043],[99.8829141,13.6128748],[99.8834783,13.6127788],[99.8835955,13.6127372],[99.8841577,13.6125243],[99.8858594,13.6118292],[99.8872609,13.611094],[99.887772,13.6107852],[99.8890468,13.609923],[99.8908719,13.6090361],[99.8909417,13.6090363],[99.8910055,13.6090838],[99.892267,13.6112206],[99.8923224,13.6112384],[99.892399,13.6112191],[99.892445,13.6111779],[99.8926283,13.610931],[99.8927262,13.6108526],[99.8948908,13.6099678],[99.8951178,13.6099069],[99.89521,13.6099246],[99.8952839,13.6099724],[99.8953579,13.6100682],[99.8958726,13.6113699],[99.8959528,13.6114777],[99.8960206,13.6115315],[99.8961497,13.6115851],[99.896672,13.6116433],[99.8967887,13.6116729],[99.8968882,13.6117323],[99.8969487,13.6118218],[99.8971569,13.6124309],[99.8971718,13.6125484],[99.8971644,13.6125982],[99.8971305,13.6127107],[99.8970938,13.6127651],[99.8970427,13.6128028],[99.8966181,13.6129581],[99.8970492,13.6141414],[99.8970695,13.6141731],[99.8971367,13.614181],[99.8971566,13.6142053],[99.8976697,13.6154677],[99.8977618,13.6159903],[99.8978158,13.6166358],[99.8978675,13.6176885],[99.8979293,13.6179537],[99.8980395,13.6182585],[99.8981152,13.6184198],[99.8986762,13.6193739],[99.8988548,13.619581],[99.8989267,13.6196257],[99.8989803,13.6196398],[99.8992801,13.6196734],[99.8995015,13.6196759],[99.9002186,13.6195938],[99.9003039,13.6195951],[99.9003265,13.6196767],[99.9003402,13.6198501],[99.900364,13.6199418],[99.9004006,13.61999],[99.9004477,13.6200002],[99.900638,13.6199816],[99.9006589,13.6199918],[99.9007691,13.6201726],[99.9010111,13.6204284],[99.901438,13.6208086],[99.9018365,13.6210682],[99.9026491,13.6215282],[99.9028713,13.6216677],[99.9031641,13.6218681],[99.9032739,13.6219595],[99.9033177,13.6220151],[99.9036271,13.6228603],[99.9038675,13.6233455],[99.9038976,13.6234667],[99.9039231,13.6236728],[99.9039538,13.624258],[99.9037196,13.626713],[99.903663,13.6281333],[99.9036844,13.6283101],[99.903758,13.6286484],[99.9039873,13.6293145],[99.904225,13.6297636],[99.9047121,13.6303804],[99.9051642,13.6308279],[99.9055938,13.6311462],[99.9058337,13.6312579],[99.906065,13.6315094],[99.9062314,13.6316574],[99.9065499,13.6318275],[99.9079082,13.6328812],[99.9083835,13.6332333],[99.9087798,13.6335697],[99.9087859,13.6336185],[99.9087495,13.6336932],[99.9060848,13.6354051],[99.9060652,13.6354505],[99.9060686,13.635486],[99.9061852,13.6357312],[99.9061922,13.6358282],[99.9061713,13.6364101],[99.9061486,13.6365298],[99.9061289,13.6365654],[99.906073,13.6365915],[99.9059803,13.6365918],[99.9054514,13.6365646],[99.9053499,13.6365848],[99.9053275,13.6366048],[99.9051193,13.6382914],[99.9051064,13.6391509],[99.905046,13.6394688],[99.9050094,13.6395836],[99.9047378,13.6401358],[99.9043694,13.6475425],[99.9042541,13.6495361],[99.9051783,13.649791],[99.9052193,13.6501021],[99.9052197,13.650231],[99.905164,13.6508643],[99.9051727,13.6511183],[99.9054761,13.6524135],[99.905515,13.6527226],[99.9055167,13.6528533],[99.9055003,13.6529595],[99.9045978,13.6555875],[99.9051079,13.6555815],[99.9051165,13.6556516],[99.9051509,13.6563725],[99.9051253,13.6564207],[99.9050474,13.6564741],[99.905028,13.6565035],[99.9050704,13.6571346],[99.9050672,13.6571624],[99.9050074,13.6572229],[99.9050684,13.6583385],[99.9050635,13.6583728],[99.9050105,13.6584676],[99.9049257,13.6594238],[99.9051665,13.6603373],[99.9057491,13.6613324],[99.9076571,13.6629964],[99.9108548,13.6657098],[99.9126202,13.6674355],[99.9126357,13.6675599],[99.9124716,13.6678839],[99.9088249,13.6698403],[99.9063881,13.6712483],[99.904403,13.6730064],[99.9040759,13.6733598],[99.9037864,13.6742493],[99.9036266,13.6757053],[99.9037976,13.677187],[99.9043577,13.6795028],[99.9047624,13.6802609],[99.9047885,13.6802883],[99.905409,13.6805231],[99.9063744,13.6807082],[99.906753,13.6810626],[99.9068586,13.681267],[99.9070154,13.6817072],[99.9071005,13.6822367],[99.9072558,13.6826105],[99.9074284,13.6828926],[99.9074469,13.6829684],[99.907444,13.6830434],[99.9072541,13.6830596],[99.9071851,13.6830883],[99.9068805,13.6832956],[99.9066357,13.6835567],[99.9063306,13.6840193],[99.906146,13.6842475],[99.9058117,13.6845255],[99.9055623,13.6846727],[99.9053056,13.6848638],[99.9051776,13.6849122],[99.9050764,13.684929],[99.9045678,13.684958],[99.9044832,13.68498],[99.9043636,13.6850375],[99.9042427,13.6851409],[99.9040567,13.6854187],[99.903735,13.6859738],[99.9036671,13.6861254],[99.903634,13.6862418],[99.9035348,13.6867804],[99.9035353,13.6868958],[99.9035671,13.6871407],[99.9035577,13.6872442],[99.9034907,13.6873702],[99.9033583,13.6874821],[99.9032419,13.6875388],[99.9031364,13.6875715],[99.9028653,13.6875973],[99.9026438,13.6875898],[99.902323,13.6875023],[99.901571,13.6871855],[99.9007275,13.6871679],[99.9006137,13.6871847],[99.9005366,13.6872124],[99.8999761,13.6875459],[99.8994224,13.6878184],[99.8992852,13.6879163],[99.8992018,13.6880116],[99.899166,13.6880878],[99.8991432,13.6881854],[99.899151,13.6883916],[99.8991966,13.6887471],[99.8992004,13.6889079],[99.8991791,13.6890047],[99.899113,13.6891247],[99.8990324,13.689224],[99.8987282,13.6895189],[99.8986701,13.6896088],[99.898575,13.6899927],[99.8984078,13.6903353],[99.8983809,13.6905254],[99.8983907,13.6906715],[99.8985759,13.6910427],[99.8986047,13.6911385],[99.8986307,13.6913147],[99.8986141,13.691539],[99.8984216,13.6920701],[99.8984047,13.6921892],[99.8984198,13.692432],[99.8984475,13.6924964],[99.8985093,13.6925602],[99.8989266,13.69273],[99.8990063,13.6927701],[99.8990758,13.6928268],[99.8991051,13.6928861],[99.8991157,13.6929613],[99.899089,13.6931489],[99.8989581,13.6934058],[99.8987445,13.6936699],[99.8969467,13.6955295],[99.8964683,13.6961274],[99.8964011,13.6963103],[99.8963691,13.696582],[99.8963972,13.6966512],[99.8964939,13.6968055],[99.8965114,13.6969028],[99.8964856,13.6969555],[99.8963736,13.697083],[99.8963096,13.6972591],[99.8962232,13.6976845],[99.8962064,13.6980364],[99.8961752,13.6981768],[99.8960385,13.6985753],[99.8959222,13.6988356],[99.8956697,13.6991516],[99.8953255,13.6998183],[99.8950791,13.7003733],[99.8950625,13.7004405],[99.8950726,13.701049],[99.895014,13.7011439],[99.8938322,13.7025527],[99.89341,13.7029655],[99.8933357,13.7031004],[99.8930464,13.7041737],[99.8930583,13.7042584],[99.8931509,13.7044567],[99.8932466,13.7047752],[99.8933972,13.7054852],[99.8933884,13.7056271],[99.8932743,13.7059517],[99.8932693,13.7061446],[99.8936262,13.7070603],[99.8936671,13.7077262],[99.8937376,13.7080022],[99.8938357,13.7081697],[99.8940143,13.7083094],[99.8940793,13.7083897],[99.8941248,13.708499],[99.8941503,13.7088342],[99.8941871,13.7089703],[99.8942802,13.7090935],[99.8944398,13.7092014],[99.8944807,13.7092444],[99.8945397,13.7093832],[99.8945446,13.7095344],[99.8943816,13.7101632],[99.8943807,13.7103381],[99.8944283,13.7105181],[99.8944904,13.7106457],[99.8945744,13.7107639],[99.8949965,13.7112382],[99.8950222,13.7112885],[99.8949993,13.711366],[99.8947551,13.7118556],[99.8949303,13.7120756],[99.894993,13.7121148],[99.8951184,13.7121385],[99.8951632,13.7121679],[99.8951863,13.7122057],[99.8951968,13.7122708],[99.8952608,13.713363],[99.8954528,13.7152269],[99.8954189,13.7154708],[99.8952784,13.716035],[99.8952704,13.7162239],[99.895515,13.7172613],[99.8955726,13.7173774],[99.8956179,13.7174322],[99.895776,13.7175981],[99.8959916,13.717784],[99.8965264,13.7183403],[99.8966363,13.718525],[99.8966848,13.7187415],[99.8966703,13.7189529],[99.8966049,13.7193691],[99.8966019,13.7199724],[99.8966319,13.7200245],[99.8967027,13.7200539],[99.8970384,13.7200478],[99.8972539,13.7200593],[99.8973899,13.720083],[99.8975774,13.7201438],[99.8982498,13.7204157],[99.898644,13.7205302],[99.8992176,13.720613],[99.8997489,13.7206674],[99.9003907,13.7207704],[99.9007139,13.720779],[99.9010911,13.7207434],[99.9011755,13.7207112],[99.9012645,13.7206374],[99.9013567,13.7205023],[99.9014326,13.7204217],[99.9015734,13.7203493],[99.9016574,13.720334],[99.9017368,13.7203425],[99.9019497,13.7204293],[99.9020316,13.7204415],[99.9021906,13.7204188],[99.9023909,13.7203135],[99.902425,13.7202613],[99.9024428,13.7201383],[99.9024476,13.7198121],[99.9024878,13.7196936],[99.9025403,13.7196118],[99.9028852,13.7192893],[99.9033816,13.7188905],[99.9050661,13.7208797],[99.9055046,13.7214183],[99.9057485,13.7217462],[99.906001,13.7221779],[99.9061472,13.7225002],[99.9062386,13.7227541],[99.9066927,13.7242874],[99.9075825,13.7271359],[99.9081911,13.7269031],[99.9084809,13.7268239],[99.9109429,13.7263745],[99.9115251,13.7262465],[99.9117132,13.7262248],[99.912168,13.7262073],[99.9125749,13.7262311],[99.9129271,13.7262771],[99.9130724,13.7262829],[99.9138585,13.7262071],[99.9140588,13.7262016],[99.9140703,13.7263253],[99.9139753,13.7266565],[99.9139786,13.726758],[99.9141181,13.7276947],[99.9141597,13.727841],[99.9142302,13.7279566],[99.9143136,13.7280081],[99.9143982,13.728037],[99.9147146,13.7280983],[99.9149456,13.728115],[99.9163545,13.7295564],[99.9170727,13.7301937],[99.9175879,13.7305326],[99.9181054,13.7307413],[99.9187454,13.7308812],[99.9198656,13.7309658],[99.9199822,13.7310318],[99.9202516,13.7312254],[99.9203099,13.7312501],[99.9204288,13.7312671],[99.9206331,13.7312417],[99.9208532,13.7311741],[99.9211787,13.7309727],[99.921256,13.7308964],[99.9213001,13.7308255],[99.9213891,13.7304716],[99.921458,13.7303203],[99.921529,13.7302331],[99.9216511,13.7301538],[99.9233072,13.7295442],[99.9239079,13.7291822],[99.9244916,13.7289286],[99.9247143,13.7288651],[99.9249775,13.7288634],[99.9252087,13.7288248],[99.9253626,13.7287564],[99.9300824,13.7323823],[99.9317002,13.7338306],[99.933071,13.7346251],[99.9344927,13.7353679],[99.9355482,13.7358029],[99.935839,13.7358481],[99.9361013,13.7358116],[99.9368616,13.7355088],[99.9379603,13.7350276],[99.9385648,13.7348578],[99.9393326,13.7347298],[99.9402309,13.7347952],[99.9409457,13.7349951],[99.9430787,13.7362328],[99.9442341,13.7366685],[99.9476113,13.7365228],[99.9504483,13.7289213],[99.9527173,13.7290852],[99.9524672,13.7304215],[99.9530588,13.7305711],[99.9524309,13.7338729],[99.9523258,13.7343832],[99.9511793,13.7343082],[99.9513338,13.736034],[99.9509354,13.7360952],[99.9503418,13.7362749],[99.9505301,13.736907],[99.9500664,13.737158],[99.9501704,13.7381348],[99.9503286,13.7381247],[99.9503883,13.7385492],[99.9504236,13.7393787],[99.9501405,13.7393787],[99.9492486,13.7392206],[99.9490079,13.7399288],[99.9467287,13.7396881],[99.9466791,13.7405407],[99.9461624,13.7405751],[99.9461048,13.7409817],[99.9452549,13.7417937],[99.9449607,13.7426284],[99.9441895,13.7451566],[99.9428698,13.7448283],[99.9421993,13.7447944],[99.9422458,13.7444236],[99.9411366,13.7440525],[99.940847,13.7439897],[99.9406097,13.7447199],[99.9404988,13.7451958],[99.9400613,13.7451329],[99.9396084,13.7451179],[99.9394728,13.7456537],[99.9390805,13.7461767],[99.9389199,13.7469922],[99.9390759,13.7470268],[99.93921,13.7471414],[99.9393414,13.7475166],[99.9393548,13.7481393],[99.9393736,13.7484441],[99.939438,13.7485535],[99.9398162,13.7486968],[99.9399261,13.7488115],[99.9400817,13.7491997],[99.9401541,13.7493169],[99.9403097,13.7494263],[99.9403788,13.7501345],[99.9403508,13.7504679],[99.9399919,13.7514042],[99.9400326,13.7517024],[99.9398608,13.7518578],[99.9395068,13.7523111],[99.9392788,13.7527748],[99.9391474,13.7529754],[99.9390159,13.7530536],[99.9378841,13.7531787],[99.937589,13.7534053],[99.937192,13.7536398],[99.937581,13.7538847],[99.9376641,13.7540202],[99.937707,13.7543042],[99.9361509,13.7550476],[99.9363077,13.7566847],[99.9351489,13.7577789],[99.9348774,13.7617492],[99.9307736,13.7673924],[99.9299727,13.7676015],[99.9289594,13.7678918],[99.9286542,13.7679322],[99.9270269,13.767969],[99.9264681,13.767968],[99.9264168,13.7679533],[99.9263689,13.7679262],[99.9263254,13.7678628],[99.926163,13.7670088],[99.9260916,13.76671],[99.9259346,13.7662057],[99.9258718,13.7660745],[99.9257911,13.7659735],[99.9257483,13.7659608],[99.9256717,13.7659784],[99.9255654,13.7660253],[99.9254479,13.7660989],[99.9253485,13.7661856],[99.9251545,13.7664012],[99.9250438,13.7664969],[99.9249443,13.7665571],[99.9248471,13.7666017],[99.9247746,13.7666153],[99.9247002,13.7666097],[99.924634,13.7665853],[99.9242068,13.7662874],[99.9233321,13.7657192],[99.9233144,13.7656981],[99.9232733,13.7655585],[99.9231975,13.7655048],[99.9223176,13.765192],[99.9215646,13.7650355],[99.9215208,13.7650128],[99.9215055,13.76499],[99.9214337,13.7644583],[99.9212841,13.7638415],[99.9212556,13.7637812],[99.9211732,13.7637304],[99.920999,13.7636631],[99.9207742,13.7635959],[99.9205969,13.7635502],[99.9203122,13.7635018],[99.9200749,13.7634749],[99.9194202,13.7634464],[99.9193222,13.763453],[99.9192274,13.7634719],[99.9191201,13.7635156],[99.9189371,13.7636275],[99.9188047,13.7637176],[99.9187196,13.7637983],[99.9185969,13.7639688],[99.9185123,13.7641669],[99.918418,13.7643125],[99.9178986,13.7646947],[99.9178652,13.7647734],[99.9178265,13.7650751],[99.9177576,13.7652191],[99.9176312,13.7653092],[99.9175075,13.7653399],[99.9171206,13.7653292],[99.917065,13.7653476],[99.9170343,13.7654112],[99.9169687,13.7657441],[99.915029,13.7654142],[99.9127069,13.7648962],[99.9088686,13.7643664],[99.9052773,13.7639798],[99.9000937,13.7635824],[99.8962166,13.7630766],[99.8941145,13.7627571],[99.8937811,13.7626748],[99.8920415,13.7626125],[99.8911797,13.762627],[99.8883498,13.7616002],[99.8896749,13.7598463],[99.888851,13.7589567],[99.8884329,13.7583935],[99.8882311,13.7579801],[99.8880675,13.7575138],[99.8878301,13.7558355],[99.8877418,13.7548946],[99.8876863,13.7544807],[99.8874534,13.7539921],[99.887169,13.7541588],[99.8868537,13.7542804],[99.8864786,13.7543918],[99.8863464,13.7544678],[99.8853439,13.7553108],[99.8843639,13.7521338],[99.8836795,13.7506052],[99.8836005,13.7504664],[99.8835113,13.74977],[99.8834931,13.7491422],[99.8818364,13.7493032],[99.8803852,13.7492929],[99.8798538,13.7492638],[99.8790922,13.7491657],[99.8788921,13.7491709],[99.8786877,13.7491516],[99.8779582,13.749162],[99.8765313,13.7492833],[99.8762695,13.7492533],[99.8751441,13.7494045],[99.8750368,13.7490842],[99.8748991,13.7488405],[99.874565,13.7485568],[99.8743906,13.7484869],[99.8741024,13.7483061],[99.8740595,13.7482983],[99.8736785,13.7484462],[99.8732334,13.7485774],[99.8722255,13.7488012],[99.8720029,13.7488632],[99.8719279,13.7488952],[99.8719054,13.7490815],[99.8718098,13.749432],[99.871792,13.74955],[99.8718222,13.750184],[99.8717666,13.750341],[99.8716371,13.7505465],[99.8715226,13.7507198],[99.8713956,13.7508744],[99.8711743,13.7510829],[99.8711292,13.7511098],[99.8710032,13.7511451],[99.8707182,13.7511877],[99.8705772,13.7512538],[99.8704026,13.7515077],[99.8701403,13.7517418],[99.8700392,13.7518548],[99.8699836,13.7520104],[99.8699855,13.7521431],[99.8698907,13.7528363],[99.8698677,13.7529101],[99.8697069,13.7531787],[99.869692,13.7532243],[99.8696806,13.7533681],[99.8697596,13.753617],[99.8697426,13.7536654],[99.8696715,13.7537224],[99.8696036,13.7537434],[99.8694304,13.7537584],[99.869016,13.7537404],[99.8689169,13.7537203],[99.868843,13.7536883],[99.8683698,13.7533628],[99.8681493,13.7532371],[99.8679584,13.7531736],[99.8677913,13.7531375],[99.867478,13.7531331],[99.8673972,13.7531583],[99.8671847,13.7533026],[99.8666266,13.7539314],[99.8660911,13.7544246],[99.8655898,13.7547635],[99.8653977,13.7548499],[99.8643348,13.7552126],[99.8636924,13.7553841],[99.8629532,13.7555327],[99.8601926,13.7563165],[99.8601199,13.756355],[99.8599382,13.7565146],[99.8598655,13.7566401],[99.8598137,13.7568535],[99.8596578,13.7577981],[99.8596172,13.7579353],[99.8595659,13.7580317],[99.8593943,13.7582529],[99.8591968,13.7583821],[99.8590817,13.7584779],[99.8588979,13.7586919],[99.8585501,13.7590128],[99.8583652,13.7591615],[99.8582455,13.759206],[99.858161,13.7592031],[99.8576857,13.7591225],[99.857488,13.7591379],[99.8573191,13.7591816],[99.8571318,13.7592534],[99.8566781,13.759505],[99.8564806,13.7595889],[99.8559397,13.7597426],[99.8551921,13.7560581],[99.8543372,13.7564097],[99.8541871,13.756677],[99.854092,13.7567736],[99.8539531,13.7568109],[99.8535169,13.756854],[99.8534793,13.7568483],[99.8533883,13.7567777],[99.8532519,13.7567566],[99.8527348,13.7567794],[99.8525862,13.7567664],[99.8524153,13.7567114],[99.8522481,13.7566114],[99.8521582,13.7565909],[99.8518866,13.7565853],[99.8510824,13.7566315],[99.8498256,13.7568927],[99.8497015,13.7569025],[99.8495085,13.7568928],[99.8485535,13.7566558],[99.8477993,13.7565093],[99.8474756,13.7564283],[99.8473509,13.756372],[99.8471956,13.7562451],[99.8471411,13.7562161],[99.8470447,13.7562031],[99.8467331,13.7562074],[99.8458706,13.7562707],[99.8457598,13.7563193],[99.8456211,13.7564923],[99.8455629,13.756533],[99.8454775,13.7565622],[99.844437,13.7566427],[99.8428323,13.7566904],[99.8419959,13.7568091],[99.8425554,13.7547054],[99.8426252,13.7542358],[99.8426173,13.7534048],[99.8423652,13.7519668],[99.8423109,13.7517477],[99.8422255,13.7515257],[99.8420705,13.7512171],[99.8419244,13.7509843],[99.8415426,13.750456],[99.8410763,13.7498881],[99.8408628,13.7496665],[99.8402808,13.7491442],[99.8398894,13.7488208],[99.8392233,13.748336],[99.8388568,13.7480369],[99.8386734,13.7478346],[99.8385231,13.7476159],[99.8383498,13.7472871],[99.8377937,13.7475996],[99.8376093,13.7477188],[99.8375534,13.747747],[99.8374867,13.747757],[99.8368132,13.7476347],[99.8367005,13.7476266],[99.8366139,13.7476438],[99.8363369,13.7477618],[99.8362845,13.7477626],[99.8361779,13.7477325],[99.8359682,13.7476291],[99.8358677,13.7476132],[99.8358212,13.7476633],[99.8357697,13.747867],[99.8357099,13.7480081],[99.835647,13.7480955],[99.8355455,13.7481769],[99.8354871,13.7482493],[99.8353388,13.7485376],[99.835154,13.7487006],[99.8350638,13.7487436],[99.8349415,13.7487694],[99.8348805,13.7488103],[99.8348315,13.7488793],[99.8347916,13.7490811],[99.834769,13.7491288],[99.8347323,13.7491624],[99.8346811,13.7491804],[99.8342914,13.7491654],[99.8331401,13.7489397],[99.8325711,13.7488623],[99.8324801,13.7488626],[99.8322787,13.748895],[99.8318199,13.7490821],[99.8317343,13.7491027],[99.8316004,13.7491292],[99.8312983,13.7491588],[99.8309961,13.749163],[99.8305929,13.7491167],[99.8299715,13.7489123],[99.8296593,13.7488467],[99.8294091,13.7488475],[99.8293084,13.7488637],[99.8291753,13.7489118],[99.8290715,13.748963],[99.8289872,13.7490236],[99.8288383,13.7491798],[99.8287154,13.7493454],[99.8284895,13.7497845],[99.8283318,13.7502203],[99.8282093,13.7505129],[99.828135,13.7506339],[99.8280475,13.75072],[99.8279016,13.7508094],[99.8273598,13.7510622],[99.8271944,13.7511676],[99.8269967,13.7513318],[99.8269168,13.7514205],[99.8268694,13.7514996],[99.8268515,13.7516473],[99.8268947,13.7517623],[99.827671,13.7526908],[99.8277463,13.7528462],[99.8279498,13.7534173],[99.8281214,13.7538029],[99.8282379,13.75396],[99.8284632,13.7541771],[99.828576,13.7543059],[99.8286783,13.7544925],[99.828767,13.7547773],[99.8288258,13.7548597],[99.8290899,13.755113],[99.8291523,13.7552034],[99.8291847,13.7552683],[99.8292739,13.7556905],[99.8293855,13.7559983],[99.8294564,13.756091],[99.8296039,13.7561945],[99.8296953,13.7563022],[99.8297118,13.756372],[99.8297126,13.7565912],[99.8296629,13.7572426],[99.8296727,13.7572743],[99.8307511,13.7580267],[99.8330836,13.7596167],[99.8327556,13.7599158],[99.8325655,13.7600581],[99.8319395,13.7604338],[99.8318702,13.7604552],[99.8317773,13.7604487],[99.8313063,13.7602623],[99.8304995,13.7600405],[99.829294,13.7597904],[99.8289862,13.7597534],[99.8285786,13.7596785],[99.8284548,13.7596162],[99.8281117,13.7592744],[99.8280703,13.7592158],[99.8279127,13.7588421],[99.8278082,13.7586815],[99.8276037,13.7584619],[99.8273299,13.7582214],[99.8270519,13.7580275],[99.826939,13.7579644],[99.8267387,13.7578812],[99.8263096,13.7576446],[99.8259896,13.7574314],[99.8259193,13.7573591],[99.8258315,13.7572353],[99.8256944,13.7569012],[99.8256401,13.7566264],[99.8256268,13.7564672],[99.8256949,13.7556178],[99.8256748,13.755431],[99.8256412,13.7552938],[99.8255909,13.7552005],[99.8254727,13.755094],[99.8253738,13.7550402],[99.8252249,13.7550023],[99.8249441,13.7550146],[99.8236111,13.7554553],[99.8234595,13.7554728],[99.8232874,13.7554467],[99.8224096,13.755116],[99.8222505,13.7550833],[99.8219111,13.7550629],[99.8216382,13.755085],[99.8214024,13.7551312],[99.8213365,13.7551492],[99.8211663,13.7552425],[99.8210892,13.7552695],[99.8209348,13.7552668],[99.8205509,13.7551691],[99.8204209,13.755161],[99.8201524,13.7552],[99.8198841,13.7552941],[99.8197367,13.7553158],[99.8192558,13.7551923],[99.8190827,13.7551237],[99.818969,13.7550642],[99.8187691,13.7548997],[99.8184646,13.7545534],[99.8183647,13.7544828],[99.8181999,13.7544441],[99.8180829,13.754453],[99.8178362,13.7545216],[99.8168495,13.7548764],[99.8165248,13.7549791],[99.8161048,13.7550695],[99.8159186,13.7550828],[99.8155059,13.7550644],[99.815415,13.755078],[99.8153338,13.7551313],[99.8152807,13.7551905],[99.8152464,13.7552772],[99.8152434,13.7553356],[99.8152795,13.755716],[99.8152759,13.7559235],[99.815245,13.756071],[99.8151986,13.7561953],[99.8150075,13.7564881],[99.8149489,13.7566066],[99.8148889,13.7567931],[99.8148509,13.7570728],[99.814861,13.7572103],[99.8149283,13.7574661],[99.8150052,13.757614],[99.8151525,13.7578427],[99.8153231,13.7582995],[99.8153627,13.7584731],[99.8153631,13.7585874],[99.8153399,13.7586666],[99.815035,13.758957],[99.8149393,13.7590826],[99.8149231,13.7591695],[99.8149285,13.7594834],[99.8148897,13.7595462],[99.8147815,13.7595805],[99.8142035,13.7595584],[99.8139886,13.7595879],[99.8138473,13.75964],[99.8137659,13.7597532],[99.8136651,13.759988],[99.8135308,13.7601839],[99.8134159,13.7603032],[99.8130907,13.7605814],[99.8127237,13.7609427],[99.8126545,13.7609892],[99.8125262,13.7610277],[99.8123897,13.7610281],[99.8122124,13.7609871],[99.8121666,13.7609444],[99.8119256,13.760511],[99.8118596,13.7604701],[99.8105881,13.7601652],[99.8104418,13.7601513],[99.8103852,13.7601605],[99.8102721,13.7602305],[99.8100543,13.7607048],[99.8100234,13.760737],[99.8098919,13.7607929],[99.8095138,13.7608817],[99.8093281,13.7608964],[99.8088981,13.7610242],[99.8076475,13.7620162],[99.8071867,13.7622677],[99.8068907,13.7623732],[99.8066631,13.7624158],[99.8059142,13.7623451],[99.8047845,13.7622024],[99.8044476,13.7622035],[99.8035809,13.7623527],[99.8022219,13.7626681],[99.8009816,13.7630259],[99.8003524,13.7632901],[99.8000971,13.7634373],[99.7998669,13.7636088],[99.7994816,13.7640614],[99.7993207,13.7642126],[99.7991726,13.7643334],[99.7990397,13.7643738],[99.7988837,13.7643621],[99.7987649,13.7643335],[99.7986512,13.7642764],[99.7978456,13.7636459],[99.7976708,13.7636038],[99.7974524,13.7636045],[99.7973627,13.7636202],[99.7971033,13.7636971],[99.7966797,13.7638875],[99.7962128,13.764269],[99.7961066,13.7644171],[99.7960706,13.7645481],[99.7959935,13.7657558],[99.7959502,13.7658413],[99.7958436,13.7659281],[99.79574,13.7659527],[99.7951758,13.7658654],[99.7950306,13.7658659],[99.7949437,13.7659026],[99.7947153,13.7660536],[99.7937213,13.7661619],[99.7935431,13.7662071],[99.7934023,13.7662643],[99.7929718,13.7665008],[99.79286,13.7665457],[99.7927398,13.7665704],[99.7923086,13.766584],[99.791695,13.7666305],[99.7907264,13.7669105],[99.7888551,13.7658058],[99.7884597,13.7656187],[99.7872841,13.7653609],[99.7871662,13.7653034],[99.7870836,13.765195],[99.7865304,13.7640694],[99.7865026,13.764029],[99.7864565,13.7640066],[99.7863919,13.7640068],[99.7850751,13.764412],[99.7850244,13.7644076],[99.7849874,13.7643762],[99.7842857,13.762671],[99.7915943,13.759761],[99.7939582,13.7588361],[99.794406,13.758642],[99.7947036,13.7584687],[99.7949156,13.7583033],[99.7950784,13.7581406],[99.7952166,13.7579625],[99.7954377,13.7575689],[99.7955242,13.7573485],[99.7970462,13.7529103],[99.7966216,13.7528177],[99.7964402,13.7527603],[99.7964093,13.7527353],[99.7963716,13.7526218],[99.7963434,13.7525882],[99.7961981,13.7525515],[99.7939202,13.7525724],[99.7937923,13.7525525],[99.7937526,13.752514],[99.7936395,13.7522668],[99.7935075,13.752043],[99.7934922,13.7518144],[99.7934542,13.7517292],[99.793423,13.751709],[99.793298,13.7517086],[99.7930418,13.7517508],[99.7926471,13.7518829],[99.7923882,13.7518918],[99.7922579,13.7518718],[99.7922361,13.7518506],[99.792222,13.7517754],[99.792232,13.7508585],[99.7922253,13.7507816],[99.7921948,13.7506995],[99.7921537,13.7506517],[99.7920961,13.7506203],[99.7916197,13.7504106],[99.7915379,13.7503961],[99.7907409,13.7505551],[99.7906835,13.7506102],[99.7905841,13.7509206],[99.7905145,13.750974],[99.7900258,13.7510964],[99.7893617,13.7512338],[99.7892438,13.7512217],[99.7892012,13.7511882],[99.7891027,13.7510526],[99.7889988,13.7509934],[99.7887106,13.7509826],[99.7881661,13.7510556],[99.7878292,13.7510734],[99.7875334,13.7510645],[99.7868904,13.7509978],[99.7862908,13.7510877],[99.7861686,13.7510896],[99.786054,13.7510531],[99.7858951,13.7509087],[99.7857672,13.7508325],[99.7856782,13.7508005],[99.7855567,13.750792],[99.7853921,13.7508122],[99.7852197,13.7508435],[99.7845733,13.7510281],[99.7829699,13.7516167],[99.7825572,13.7517425],[99.7818661,13.7518991],[99.7803745,13.7518527],[99.7801697,13.7518082],[99.7788375,13.7513799],[99.7783688,13.7519414],[99.7783125,13.751964],[99.777833,13.7518088],[99.7777396,13.7517923],[99.7755028,13.7516844],[99.7750751,13.7516356],[99.7734492,13.7515692],[99.7734044,13.7516032],[99.7733911,13.7517654],[99.7733773,13.7517789],[99.772631,13.7518759],[99.7718325,13.7518885],[99.771269,13.7518633],[99.7700199,13.751974],[99.769994,13.7520227],[99.7700481,13.7526882],[99.7700232,13.7527394],[99.7699235,13.752811],[99.7699034,13.7528575],[99.769919,13.7529314],[99.7700219,13.7531444],[99.7700123,13.753174],[99.7688727,13.753318],[99.7686722,13.7529254],[99.7686435,13.7528963],[99.7685611,13.7528945],[99.7666387,13.7539644],[99.7661109,13.7542802],[99.7659314,13.7543619],[99.7629843,13.7548272],[99.7614635,13.7551234],[99.7598503,13.7552598],[99.7557969,13.7554291],[99.7553301,13.7554313],[99.7552675,13.7554537],[99.7552278,13.7555025],[99.7552217,13.7555544],[99.7552414,13.7558531],[99.7554525,13.7578231],[99.7554409,13.7579065],[99.7553839,13.7579889],[99.7553541,13.7580087],[99.7546373,13.758225],[99.7545531,13.7582195],[99.7544772,13.7581591],[99.7544081,13.7580225],[99.7543522,13.7578307],[99.754307,13.7575661],[99.7542552,13.7575384],[99.7542123,13.7575385],[99.7541847,13.7575476],[99.754023,13.7577775],[99.753808,13.7579452],[99.7534952,13.7581218],[99.7531315,13.7582446],[99.7527214,13.7582909],[99.7523536,13.7582821],[99.7521357,13.7582216],[99.7518772,13.7581016],[99.7517563,13.7580707],[99.7517278,13.758086],[99.751713,13.7581192],[99.7517493,13.7583975],[99.7517318,13.7584376],[99.7517084,13.7584689],[99.751516,13.7585976],[99.7514372,13.7588355],[99.7514126,13.7588701],[99.7513499,13.758888],[99.751314,13.7588833],[99.7510176,13.7587505],[99.7509761,13.7587513],[99.7508428,13.7588155],[99.7507782,13.7588027],[99.7507439,13.7587729],[99.7507288,13.7587064],[99.7507996,13.7583463],[99.7508085,13.7582292],[99.7507621,13.7581482],[99.7507113,13.7581168],[99.7506329,13.758099],[99.7505315,13.7580994],[99.7504532,13.7581176],[99.7504072,13.7581493],[99.7502841,13.7583548],[99.750252,13.7583757],[99.7500855,13.7584161],[99.7499653,13.7584705],[99.7498103,13.7586092],[99.7497622,13.758631],[99.7496422,13.7586292],[99.7495162,13.7585722],[99.7493663,13.7586255],[99.7492814,13.7586207],[99.749173,13.758549],[99.748956,13.7583294],[99.7488568,13.7582795],[99.7486913,13.7582737],[99.7485411,13.7583172],[99.7484012,13.7584034],[99.7483824,13.7584301],[99.7483812,13.7585318],[99.748405,13.7585769],[99.7484673,13.7586251],[99.7487152,13.7587207],[99.7487551,13.7587488],[99.7487794,13.7588228],[99.7487603,13.7589567],[99.7487648,13.7590734],[99.7488177,13.7593313],[99.74886,13.7594095],[99.7490983,13.759584],[99.7491589,13.7596436],[99.7492007,13.7597471],[99.7491955,13.7598095],[99.7491621,13.7598505],[99.7491245,13.7598686],[99.7489091,13.7598993],[99.7486863,13.7600776],[99.7485968,13.7600883],[99.7484119,13.7600076],[99.7483003,13.7599984],[99.7482376,13.7600319],[99.7481374,13.7601638],[99.7478491,13.76023],[99.7478105,13.7602728],[99.7477964,13.7603267],[99.7478092,13.7605768],[99.747786,13.7606104],[99.7477399,13.7606342],[99.7476671,13.7606439],[99.74759,13.7606153],[99.7474504,13.7603519],[99.7473419,13.7603179],[99.7472253,13.7603444],[99.7471736,13.7604188],[99.7471687,13.7604652],[99.7472719,13.7608169],[99.7472541,13.760855],[99.7471957,13.7608819],[99.7471129,13.7608774],[99.7469746,13.7607833],[99.7469089,13.7607657],[99.7468322,13.760773],[99.7466311,13.7608341],[99.7461158,13.760906],[99.7460562,13.7609127],[99.745829,13.7608934],[99.7457274,13.7609406],[99.7456507,13.7610516],[99.7455943,13.7611019],[99.7452464,13.7612109],[99.7451385,13.7612626],[99.7449994,13.76142],[99.7449476,13.7614532],[99.7445274,13.7614605],[99.7443937,13.7614473],[99.7443014,13.7614251],[99.7442561,13.7614037],[99.7442229,13.7613668],[99.7441153,13.7610405],[99.7440919,13.7609983],[99.7440483,13.7609654],[99.7436916,13.7609477],[99.7431608,13.7608826],[99.743111,13.76086],[99.7430664,13.7607862],[99.7430605,13.7606663],[99.7431124,13.7605991],[99.743277,13.7605043],[99.7432889,13.7604518],[99.7432807,13.7604178],[99.7432579,13.7604021],[99.7431199,13.7604004],[99.7430636,13.7603766],[99.7430289,13.7603188],[99.743004,13.760162],[99.7429679,13.7601165],[99.7429028,13.7601068],[99.7426842,13.7601325],[99.7425232,13.7601748],[99.7424958,13.7602023],[99.74246,13.760354],[99.742376,13.7603934],[99.7423526,13.7604331],[99.7423282,13.7610019],[99.7422816,13.7610888],[99.7422114,13.7611252],[99.7421404,13.7611353],[99.7418274,13.7611005],[99.7416661,13.761104],[99.7416228,13.761112],[99.7415327,13.7611761],[99.7415177,13.7612428],[99.7415356,13.7612983],[99.7417112,13.7614509],[99.741776,13.7615228],[99.7418084,13.7615948],[99.7417908,13.7618336],[99.7417679,13.7618923],[99.7417219,13.7619285],[99.7415424,13.7619876],[99.7414366,13.762051],[99.7413676,13.7621097],[99.7413409,13.7621661],[99.7413461,13.7622468],[99.7413728,13.7622899],[99.7415833,13.7623765],[99.7416107,13.7623996],[99.7416176,13.7624365],[99.7415918,13.7624818],[99.7413619,13.7626234],[99.7412699,13.7626399],[99.7410135,13.7625904],[99.7409498,13.7626246],[99.7409223,13.7626652],[99.7409085,13.7628083],[99.7409242,13.7629045],[99.7410668,13.7633305],[99.7407201,13.763327],[99.7405649,13.7633604],[99.7404747,13.7634362],[99.7404244,13.7635202],[99.7403532,13.7637236],[99.7402421,13.76395],[99.7400003,13.7641558],[99.7396726,13.7643291],[99.7394156,13.7644366],[99.7380306,13.7648685],[99.7379338,13.7649317],[99.7378209,13.7650318],[99.7376719,13.765233],[99.7375971,13.7652802],[99.7374113,13.7653281],[99.7363593,13.7654685],[99.7362074,13.7655346],[99.7360936,13.7656459],[99.735905,13.7660102],[99.7356108,13.7668196],[99.7355231,13.7670076],[99.7354628,13.767048],[99.7352493,13.7670817],[99.7351119,13.7670507],[99.7349274,13.766986],[99.7348785,13.7669868],[99.7347663,13.7670356],[99.7347134,13.7670845],[99.7345531,13.7673721],[99.7338309,13.7685159],[99.7337447,13.76861],[99.7336495,13.7686769],[99.7334794,13.7687774],[99.7333309,13.7688371],[99.7331079,13.7688799],[99.7328337,13.7688927],[99.7326887,13.7688814],[99.73259,13.7688395],[99.7324426,13.7687382],[99.7322132,13.7686364],[99.7320178,13.7686034],[99.731751,13.7685806],[99.7312086,13.7684942],[99.7305747,13.7683346],[99.7301275,13.7682542],[99.7300334,13.7682196],[99.7297731,13.7680799],[99.7296858,13.7680683],[99.7291509,13.7682636],[99.728922,13.7683277],[99.728522,13.7685166],[99.7276011,13.769069],[99.7274447,13.7691294],[99.7272569,13.7691439],[99.7271197,13.7691281],[99.7264849,13.7689619],[99.7260979,13.7688925],[99.7259559,13.7688809],[99.7254232,13.7689006],[99.7249204,13.768938],[99.7243528,13.7689187],[99.7236092,13.7689322],[99.7226856,13.7690473],[99.7224551,13.769098],[99.7218469,13.769267],[99.7206158,13.7697539],[99.7204475,13.7698758],[99.7200105,13.7703551],[99.7197908,13.7705204],[99.7196933,13.7705808],[99.7194652,13.7706863],[99.7189725,13.7708514],[99.7188,13.7708844],[99.7186347,13.7708829],[99.7184649,13.7708322],[99.7179804,13.7706263],[99.7173748,13.7703452],[99.717262,13.7703161],[99.7171839,13.7703196],[99.7170451,13.7703511],[99.7169056,13.7705121],[99.7167204,13.7707922],[99.7166089,13.7709153],[99.7162131,13.7712447],[99.7161633,13.7713075],[99.7161062,13.7714258],[99.7160863,13.7715024],[99.7160524,13.77189],[99.7160164,13.7720268],[99.7159434,13.7722021],[99.7158801,13.7723105],[99.7154852,13.7727395],[99.714625,13.7733274],[99.7135342,13.7739921],[99.7134075,13.7740351],[99.713249,13.7740588],[99.7121088,13.7740798],[99.711985,13.7740944],[99.7104158,13.7743814],[99.709785,13.7744458],[99.7091015,13.7744822],[99.7089739,13.7745036],[99.7088388,13.7745513],[99.7086843,13.7746388],[99.707942,13.7751855],[99.70791,13.7752281],[99.7078714,13.7753544],[99.7078104,13.775696],[99.707707,13.7759049],[99.7075621,13.7760853],[99.7073121,13.7763031],[99.707229,13.7763515],[99.7069684,13.7764493],[99.7061676,13.7766063],[99.7058027,13.7767164],[99.7054055,13.7769252],[99.7052325,13.7769994],[99.705126,13.7770166],[99.7049333,13.7769813],[99.7046207,13.7768362],[99.7042658,13.7766277],[99.7040411,13.7765452],[99.7037212,13.776494],[99.703312,13.7765315],[99.7025012,13.7766721],[99.7022007,13.7767682],[99.7016195,13.7770271],[99.7014235,13.7771734],[99.7013318,13.7773579],[99.7013237,13.7774667],[99.7013394,13.7775545],[99.7014358,13.7778261],[99.7014766,13.777989],[99.7014741,13.778081],[99.7014237,13.7782568],[99.7014231,13.7783614],[99.7014784,13.7784783],[99.7016266,13.7786514],[99.7019617,13.7788582],[99.7020134,13.7789432],[99.7020269,13.7790491],[99.7020071,13.7791123],[99.7019653,13.7791567],[99.7017346,13.7792172],[99.7016648,13.7792946],[99.7016361,13.7794433],[99.7016195,13.7798547],[99.7015764,13.7799648],[99.7015335,13.7800288],[99.7013968,13.78016],[99.7013573,13.7802636],[99.7013479,13.7803976],[99.7013146,13.7804894],[99.7012818,13.7805215],[99.7011959,13.7805561],[99.7010978,13.7805746],[99.7009723,13.7805593],[99.7005198,13.7803703],[99.7004326,13.780354],[99.7003404,13.7803627],[99.7000604,13.7804783],[99.6999137,13.7804784],[99.6994997,13.7801699],[99.6994349,13.7801467],[99.6993078,13.7801551],[99.6992184,13.7801826],[99.6991415,13.7802269],[99.6991042,13.78026],[99.6990468,13.7803601],[99.6990289,13.7804654],[99.6990312,13.7807662],[99.6990106,13.7808272],[99.698965,13.7808525],[99.6989022,13.7808603],[99.698868,13.7808485],[99.6987054,13.7807298],[99.6986307,13.7806936],[99.6985672,13.780682],[99.6984786,13.7806919],[99.6984362,13.7807139],[99.698411,13.780764],[99.6984052,13.7809708],[99.6983873,13.7810403],[99.6983402,13.7810807],[99.6982862,13.7810936],[99.6982026,13.7810781],[99.6978496,13.7809163],[99.6977568,13.7809113],[99.697624,13.7809602],[99.6975405,13.7809717],[99.6973827,13.7809299],[99.6972923,13.7809402],[99.6972567,13.7810013],[99.6972699,13.7810804],[99.6974325,13.7814229],[99.6974207,13.7815014],[99.6973412,13.7815459],[99.6971217,13.7815672],[99.6969966,13.7815484],[99.6969556,13.7814981],[99.696917,13.7813078],[99.6968555,13.7812545],[99.6967517,13.7812719],[99.6966621,13.781315],[99.6964798,13.7814502],[99.6963945,13.7814611],[99.6962929,13.7814062],[99.6961421,13.7811654],[99.6960864,13.7811474],[99.6959885,13.7811439],[99.6958561,13.7811717],[99.6958273,13.7812097],[99.6958126,13.7812719],[99.695837,13.7814557],[99.6958843,13.7815439],[99.6959243,13.7815606],[99.6961428,13.7815763],[99.6961854,13.7816104],[99.6963299,13.7817904],[99.6963952,13.7818414],[99.6964384,13.7818569],[99.6967196,13.7818795],[99.6967699,13.7819062],[99.6968029,13.7819497],[99.6968111,13.7820104],[99.6967913,13.782068],[99.6965869,13.7821729],[99.6964962,13.7823243],[99.6964466,13.7823726],[99.6963949,13.7823767],[99.6963472,13.782344],[99.6962617,13.7821255],[99.696206,13.7820267],[99.6961723,13.7819981],[99.696059,13.7819602],[99.6958222,13.7819552],[99.6957001,13.7819263],[99.6956196,13.7818794],[99.6954944,13.7817632],[99.6952352,13.78156],[99.6951732,13.7815294],[99.6951454,13.78153],[99.6951081,13.781549],[99.6949385,13.7817635],[99.6947812,13.7818401],[99.6946595,13.7819184],[99.6943807,13.7822433],[99.6943156,13.7822502],[99.6941791,13.7821946],[99.6940619,13.7821733],[99.6939055,13.7821983],[99.6938032,13.7822682],[99.6936257,13.7825342],[99.6935125,13.7825754],[99.6933732,13.7825448],[99.6932464,13.782535],[99.6931881,13.7825464],[99.6929925,13.7826409],[99.6928355,13.7826662],[99.6927921,13.7826587],[99.6926422,13.7825818],[99.6925105,13.782592],[99.6924072,13.7826697],[99.6922622,13.7828367],[99.6922429,13.7828865],[99.6922584,13.7829559],[99.6924678,13.7830666],[99.6924818,13.7831488],[99.6924395,13.7832819],[99.6924393,13.7833365],[99.6925228,13.7834267],[99.6926302,13.783505],[99.6926572,13.7835593],[99.6926469,13.7836168],[99.6925069,13.7837348],[99.6924956,13.7837865],[99.6925137,13.7838409],[99.6926761,13.784058],[99.6927301,13.7841818],[99.6927166,13.7843088],[99.6926657,13.7844384],[99.6926036,13.7845236],[99.6925553,13.7845478],[99.6925011,13.7845503],[99.6922668,13.7843938],[99.6921445,13.7843725],[99.6919345,13.7843859],[99.6918574,13.7843637],[99.6918139,13.7843325],[99.6917768,13.784257],[99.6917609,13.7841634],[99.691839,13.7839041],[99.691839,13.7837891],[99.6918019,13.7837443],[99.6917117,13.7837309],[99.6916543,13.7837527],[99.691606,13.7837921],[99.6914653,13.7839827],[99.6914006,13.7840101],[99.6912226,13.7840467],[99.6911872,13.784073],[99.6911632,13.7843763],[99.6910397,13.7848973],[99.6909318,13.7850478],[99.6907429,13.7851671],[99.6906175,13.7852185],[99.6904393,13.7852615],[99.6903628,13.7852624],[99.6902784,13.7849504],[99.6902388,13.7848732],[99.690175,13.7848328],[99.6901196,13.7848479],[99.6900891,13.7848905],[99.69002,13.78513],[99.6899793,13.7851824],[99.6898935,13.7852104],[99.6897741,13.7851969],[99.6896878,13.7851394],[99.689434,13.7849141],[99.6892264,13.7847561],[99.6891596,13.7847461],[99.6891195,13.7847904],[99.6891076,13.7849852],[99.689068,13.7850011],[99.6888613,13.7850185],[99.6888089,13.7850531],[99.6888181,13.7851317],[99.6889709,13.7852058],[99.6890444,13.7853075],[99.6890691,13.7854076],[99.6890652,13.7854477],[99.6890407,13.7854839],[99.6889816,13.7854905],[99.6888771,13.7853897],[99.6888091,13.7853913],[99.6887728,13.7854564],[99.6887556,13.785529],[99.6886842,13.7860279],[99.6886049,13.7863123],[99.6885563,13.7863948],[99.6884766,13.78644],[99.6883189,13.7864433],[99.6882438,13.7864097],[99.6882021,13.786332],[99.6881459,13.7861325],[99.6881139,13.7861134],[99.6880604,13.7861279],[99.6877353,13.7864843],[99.6876597,13.7865007],[99.6875962,13.7864792],[99.6875611,13.7864463],[99.6875479,13.7863801],[99.6876201,13.7861065],[99.6876318,13.7860245],[99.6876218,13.785968],[99.6875848,13.7859356],[99.6875257,13.7859352],[99.6873158,13.7860865],[99.6872509,13.786104],[99.6871723,13.7860829],[99.6871561,13.7860102],[99.6872525,13.7857483],[99.6872481,13.7856677],[99.687219,13.7856305],[99.6871802,13.7856186],[99.6868997,13.7856513],[99.6868849,13.7856001],[99.6869184,13.785493],[99.6869159,13.785447],[99.6867882,13.7852888],[99.6867339,13.7851877],[99.6867287,13.7851256],[99.686761,13.785098],[99.6869812,13.7850722],[99.6870479,13.7850339],[99.6870739,13.7849775],[99.6870881,13.7848898],[99.6870756,13.7847806],[99.6870215,13.7847545],[99.6867507,13.7847509],[99.6865459,13.7846713],[99.6863724,13.7846456],[99.6862235,13.784678],[99.6861864,13.7847075],[99.6861356,13.7847991],[99.6861098,13.7848178],[99.6860594,13.7848276],[99.6859935,13.7848151],[99.6859208,13.7847374],[99.685806,13.7845201],[99.6857652,13.7843801],[99.6857312,13.7841529],[99.6857121,13.7841147],[99.6856634,13.7840794],[99.6855945,13.7840687],[99.6855298,13.784106],[99.6854094,13.7843248],[99.6853506,13.784402],[99.6852751,13.7844671],[99.6851763,13.7845176],[99.6847728,13.7846188],[99.684691,13.7846267],[99.6844719,13.7845996],[99.6843313,13.7845327],[99.6842278,13.7844477],[99.6842044,13.7844107],[99.6842028,13.7843407],[99.6842881,13.7842576],[99.6843003,13.7842046],[99.6842867,13.7841812],[99.684146,13.7840757],[99.6841121,13.7840289],[99.6840997,13.7839622],[99.6841213,13.7837992],[99.6841032,13.7837078],[99.6840753,13.7836634],[99.6840186,13.7836263],[99.6839318,13.7835995],[99.6837582,13.7835909],[99.6836844,13.783602],[99.6836694,13.7836203],[99.6836692,13.7836667],[99.6837147,13.7837646],[99.6837121,13.7838075],[99.6836896,13.7838391],[99.6833336,13.7840586],[99.6830357,13.7842143],[99.6829613,13.7842333],[99.6828574,13.7842109],[99.6828302,13.7841672],[99.6828168,13.7840898],[99.6828138,13.7840074],[99.6827393,13.78361],[99.6827414,13.7835403],[99.682776,13.7834962],[99.6829839,13.7833836],[99.6830025,13.7833212],[99.6829925,13.7832653],[99.6829488,13.7832486],[99.6826023,13.7833124],[99.6825028,13.7833106],[99.6824646,13.7832316],[99.6824485,13.7830697],[99.682422,13.7830263],[99.6823526,13.7830128],[99.6822374,13.7830633],[99.6821766,13.783045],[99.6821583,13.7827289],[99.6821392,13.7826615],[99.682112,13.7826375],[99.6820682,13.7826321],[99.6816476,13.7827712],[99.6815679,13.7828195],[99.6815188,13.7828707],[99.6814793,13.7830089],[99.6814494,13.7832793],[99.6814003,13.7833064],[99.6813726,13.7833065],[99.6812434,13.7832498],[99.6810126,13.7831333],[99.6809451,13.7831455],[99.6807734,13.7832601],[99.6807365,13.7832602],[99.6806564,13.7832094],[99.6805794,13.7831345],[99.6804625,13.7830868],[99.6803886,13.783036],[99.6801666,13.7827453],[99.6800126,13.7826316],[99.6798618,13.7825539],[99.6797108,13.7823438],[99.679658,13.7821911],[99.6795932,13.7821042],[99.6794422,13.7819515],[99.6793807,13.7819156],[99.6793192,13.7819128],[99.6791811,13.7819672],[99.6790892,13.7820696],[99.6789852,13.782223],[99.6789331,13.7822562],[99.6788223,13.7822756],[99.6787203,13.7822645],[99.6785983,13.7822136],[99.6784419,13.7820997],[99.6783529,13.7820001],[99.6782894,13.7819582],[99.6782171,13.7818628],[99.6781807,13.7818436],[99.6781303,13.7818516],[99.6780776,13.7819113],[99.678026,13.7819343],[99.6778191,13.7819108],[99.6776776,13.781913],[99.6776285,13.781945],[99.677566,13.7820432],[99.6774511,13.782105],[99.6773232,13.7821124],[99.677213,13.7820752],[99.6771783,13.7820125],[99.6772016,13.7818632],[99.6772035,13.7817015],[99.6771786,13.781553],[99.6771218,13.7814678],[99.6770761,13.7814733],[99.6770319,13.781505],[99.6768808,13.7816852],[99.6767867,13.7817537],[99.6767068,13.7817531],[99.6766532,13.7817207],[99.6766211,13.781676],[99.6766356,13.7815827],[99.676723,13.7814842],[99.6768198,13.7814072],[99.6768492,13.7813517],[99.6768311,13.7812958],[99.676604,13.7811449],[99.6765808,13.7810904],[99.676618,13.781033],[99.6768174,13.7809232],[99.6768681,13.7808623],[99.6769315,13.7804336],[99.676923,13.7803682],[99.6768906,13.780343],[99.6768228,13.7803437],[99.6766946,13.7803914],[99.676473,13.7806568],[99.6764145,13.7806975],[99.6763447,13.7806842],[99.6762063,13.780529],[99.6761338,13.7804976],[99.6760642,13.7805203],[99.6759755,13.7806532],[99.6759308,13.7806844],[99.6758736,13.7806927],[99.6757157,13.7806656],[99.6756779,13.7806752],[99.6756606,13.780746],[99.675665,13.7808086],[99.6757543,13.7811212],[99.6757522,13.7811894],[99.6757112,13.7812241],[99.6756149,13.7812401],[99.6755499,13.7812732],[99.6753771,13.7816755],[99.675327,13.7817307],[99.6752601,13.7817543],[99.6751998,13.7817171],[99.6752028,13.781456],[99.6751404,13.7813704],[99.6749538,13.7812474],[99.6749024,13.7812416],[99.6748521,13.7812606],[99.6747663,13.7813746],[99.6746939,13.7814383],[99.6746248,13.781485],[99.6745667,13.7814811],[99.6745139,13.78142],[99.6744268,13.7811378],[99.6743781,13.7810712],[99.6743417,13.7810753],[99.6742501,13.7811274],[99.6741078,13.7812412],[99.6740358,13.781266],[99.6739582,13.7812169],[99.6738024,13.7809789],[99.6737608,13.7809592],[99.6736916,13.7809634],[99.6736571,13.7809816],[99.6735532,13.7811303],[99.6735021,13.7811728],[99.6734085,13.78121],[99.6733197,13.7812041],[99.6731858,13.7810844],[99.6730649,13.781046],[99.6729776,13.7809945],[99.672762,13.7807222],[99.6724317,13.7804815],[99.6723254,13.7803807],[99.6722144,13.7802537],[99.6720818,13.7800476],[99.6719661,13.7797865],[99.6719308,13.7797508],[99.6718453,13.7797037],[99.6717149,13.7797097],[99.6715047,13.7798826],[99.6714374,13.7799005],[99.6712775,13.7799079],[99.6711695,13.77994],[99.6710044,13.7800211],[99.6708639,13.7801167],[99.6707409,13.7801644],[99.6706634,13.7801567],[99.6704149,13.7800704],[99.6699268,13.7797341],[99.6697236,13.7796643],[99.6695666,13.7796509],[99.6694607,13.7796579],[99.6691396,13.7797378],[99.668842,13.779865],[99.6686577,13.7799265],[99.6685648,13.7799177],[99.6683746,13.7798426],[99.6682646,13.7798469],[99.668124,13.7799833],[99.6680626,13.7800179],[99.6677813,13.7800684],[99.6677395,13.7800877],[99.6677251,13.7801753],[99.6677504,13.7803444],[99.6677376,13.7803979],[99.66764,13.7804806],[99.6674568,13.780543],[99.6673375,13.7805536],[99.6672724,13.7805351],[99.6671066,13.7802914],[99.6670221,13.7802327],[99.6669064,13.7801939],[99.6667491,13.7801963],[99.6665245,13.7802785],[99.6664692,13.7803184],[99.6664233,13.7803835],[99.6663711,13.7805109],[99.6663636,13.7805971],[99.6663841,13.7806722],[99.6665518,13.7808244],[99.6665595,13.7809559],[99.6665266,13.7810309],[99.6664534,13.781087],[99.6662438,13.7811176],[99.666167,13.7811557],[99.665879,13.7814336],[99.665808,13.7814782],[99.6657555,13.7814655],[99.6656804,13.7813078],[99.6656204,13.781267],[99.6654654,13.7812779],[99.6652926,13.7814306],[99.6652327,13.7814595],[99.6651729,13.7814792],[99.6650193,13.7814894],[99.6649589,13.7814797],[99.6648957,13.7814502],[99.6647099,13.7812428],[99.6646371,13.7812242],[99.6645686,13.7812293],[99.6643682,13.7813207],[99.6640663,13.7815334],[99.6639829,13.7815741],[99.6638704,13.7815832],[99.6636974,13.7815248],[99.6635811,13.781533],[99.6634901,13.7815821],[99.663344,13.7817163],[99.6632704,13.7817344],[99.6632163,13.7817201],[99.6631817,13.7816922],[99.6629544,13.7813945],[99.6628561,13.7813528],[99.6617411,13.781363],[99.6616277,13.781334],[99.6615431,13.7812913],[99.6613266,13.7811216],[99.6611802,13.7810853],[99.6609211,13.7811047],[99.6606949,13.7811586],[99.6604191,13.7813048],[99.6602936,13.7813537],[99.6602197,13.7813352],[99.6601071,13.7812248],[99.6599835,13.7811533],[99.6599141,13.7811471],[99.6598412,13.7811679],[99.6597894,13.7812113],[99.6597807,13.7812755],[99.6597934,13.7813292],[99.6599745,13.781599],[99.6600305,13.7817523],[99.6600401,13.7818302],[99.6600256,13.78197],[99.6598725,13.782389],[99.6598185,13.7824357],[99.65973,13.7824504],[99.6596388,13.7824057],[99.6595125,13.7822974],[99.6593422,13.782275],[99.6592897,13.7822816],[99.6592427,13.7823066],[99.6591528,13.7824141],[99.6591246,13.7824736],[99.6591421,13.7825217],[99.6593532,13.7826591],[99.6593993,13.782712],[99.6595361,13.7829555],[99.6595451,13.7830221],[99.6595256,13.7830757],[99.6594865,13.7830973],[99.6594277,13.7830885],[99.6592988,13.783012],[99.6591721,13.7829718],[99.6589599,13.7829485],[99.6588803,13.7829599],[99.6587946,13.7830182],[99.6586767,13.7831485],[99.6585719,13.7832183],[99.6581874,13.7833663],[99.6579858,13.7834603],[99.6579534,13.7834975],[99.6579278,13.783564],[99.6579254,13.7839535],[99.6578529,13.784477],[99.6577879,13.7847371],[99.6576826,13.7849712],[99.6576009,13.7850597],[99.6574822,13.7851306],[99.657337,13.7851598],[99.6571803,13.7851338],[99.6571103,13.785061],[99.6570874,13.7849631],[99.6570978,13.7847773],[99.6571449,13.7845285],[99.6571375,13.7844964],[99.6571144,13.7844764],[99.6570725,13.7844753],[99.6569682,13.7845402],[99.656901,13.7846907],[99.6567792,13.7854869],[99.6567463,13.785588],[99.6566779,13.7856403],[99.6565507,13.7856785],[99.6562753,13.7857231],[99.6562016,13.7857498],[99.6561738,13.7857739],[99.6561417,13.7858329],[99.6561445,13.7858997],[99.65626,13.7860824],[99.6562733,13.7861601],[99.6562479,13.7861998],[99.656054,13.7863464],[99.6560213,13.786392],[99.6560048,13.7864601],[99.655996,13.7866934],[99.6559551,13.7867982],[99.6558653,13.7868903],[99.6556287,13.7869871],[99.6553991,13.7870222],[99.6552629,13.7870135],[99.6551948,13.7869817],[99.655027,13.7868332],[99.6549249,13.7868051],[99.6548341,13.7868115],[99.6547491,13.7868525],[99.6542163,13.7872842],[99.6541483,13.7873124],[99.6540589,13.7873071],[99.6538978,13.7872049],[99.6537851,13.7871065],[99.6537488,13.7870527],[99.6537073,13.7868558],[99.6536659,13.7867914],[99.6533817,13.7865419],[99.6533729,13.78648],[99.6533919,13.786422],[99.6534126,13.7863938],[99.653545,13.7863037],[99.6535768,13.7862291],[99.6535479,13.7861891],[99.6533491,13.7860909],[99.6532866,13.7860165],[99.6532731,13.7858943],[99.6533312,13.7855473],[99.6532917,13.7854977],[99.6532409,13.7854869],[99.6531941,13.7854972],[99.6530907,13.7855657],[99.6530297,13.7856574],[99.6530083,13.7857228],[99.6529877,13.7858916],[99.6529568,13.7859615],[99.6528801,13.7859969],[99.6527864,13.7860011],[99.652555,13.7859435],[99.6523813,13.7858615],[99.6522353,13.7857507],[99.6520002,13.785469],[99.6517685,13.7853263],[99.6516721,13.7853119],[99.6514941,13.7853235],[99.6510914,13.7854298],[99.6510287,13.7854375],[99.6509443,13.785419],[99.6508965,13.7853622],[99.6508832,13.7852964],[99.6508937,13.7852379],[99.6509891,13.7850348],[99.6509915,13.7849898],[99.650975,13.7849674],[99.6509012,13.7849692],[99.6508044,13.7849927],[99.6505364,13.7850825],[99.6504978,13.7850617],[99.6504155,13.7849756],[99.6503424,13.7849365],[99.6500697,13.7849942],[99.6499196,13.7850061],[99.6497317,13.7849496],[99.6496598,13.7849477],[99.6496173,13.7849799],[99.6496119,13.7850297],[99.6497431,13.7851766],[99.6497592,13.7852193],[99.6497544,13.7852532],[99.6497205,13.7853127],[99.6496822,13.7853404],[99.6495743,13.7853676],[99.6494083,13.7853837],[99.6493693,13.7854156],[99.6492526,13.7856332],[99.6490202,13.7861796],[99.6490049,13.7862635],[99.6490373,13.7864342],[99.6489919,13.7865719],[99.6489267,13.7866562],[99.6488443,13.7867211],[99.648782,13.7867365],[99.6486023,13.7867153],[99.6485203,13.7867316],[99.6484217,13.7867883],[99.6483602,13.7868772],[99.6483452,13.7869393],[99.6483538,13.7870221],[99.6484078,13.7871222],[99.6486006,13.7873348],[99.6486377,13.787405],[99.6486304,13.7874662],[99.648565,13.787482],[99.6483614,13.7874513],[99.6482278,13.7874845],[99.6481219,13.7875683],[99.6480369,13.7876637],[99.6477956,13.7879805],[99.6476953,13.7880496],[99.6476158,13.7880746],[99.647528,13.7880717],[99.6474508,13.7880438],[99.6473959,13.7880068],[99.6472209,13.7877829],[99.6470676,13.7876538],[99.6470152,13.7876272],[99.6468995,13.7875957],[99.6467883,13.7875852],[99.6465987,13.7876198],[99.6465464,13.7876469],[99.6464528,13.7877271],[99.6463936,13.7878005],[99.6461062,13.7882661],[99.6457615,13.7886447],[99.6454565,13.788826],[99.645207,13.7890333],[99.6451242,13.7890649],[99.6450697,13.7890645],[99.6449933,13.7890463],[99.6449063,13.788998],[99.6447817,13.7887716],[99.6447004,13.7886672],[99.6445209,13.7885524],[99.6442144,13.7884489],[99.6441111,13.7884599],[99.6440208,13.7885147],[99.6438814,13.78875],[99.6438394,13.788801],[99.6437581,13.7888451],[99.6436738,13.7888458],[99.6434919,13.7888044],[99.6433118,13.7888001],[99.6432432,13.7888124],[99.6430587,13.7888928],[99.6429425,13.7889153],[99.6427491,13.7889082],[99.6426447,13.78889],[99.6425818,13.7888582],[99.6424113,13.7886886],[99.6423203,13.7885621],[99.6422095,13.7883535],[99.6420919,13.7880843],[99.6420589,13.7880475],[99.6419966,13.7880405],[99.6416802,13.788168],[99.6416314,13.7881643],[99.6415678,13.7881016],[99.6414962,13.7879834],[99.6410981,13.7870666],[99.6410552,13.7870182],[99.6409053,13.7869123],[99.640825,13.7868865],[99.6407352,13.7869017],[99.6406061,13.7869822],[99.640487,13.7871367],[99.64047,13.7872218],[99.6404873,13.7872985],[99.640568,13.7874178],[99.6409018,13.7877897],[99.6409164,13.7878685],[99.6409089,13.7879263],[99.6408285,13.7880481],[99.6406842,13.7881891],[99.6405929,13.7882636],[99.6404134,13.7883723],[99.6403228,13.7883975],[99.640216,13.7883955],[99.6401006,13.7883493],[99.6400687,13.7883175],[99.640015,13.7881363],[99.6399609,13.7877502],[99.6399274,13.7876379],[99.6398833,13.7875451],[99.6397091,13.7873378],[99.6394617,13.7871657],[99.639212,13.7870515],[99.6389315,13.7869843],[99.6386394,13.7869753],[99.6383283,13.7870294],[99.6380804,13.7871251],[99.6380053,13.787171],[99.638008,13.7872496],[99.6381669,13.7875368],[99.6382223,13.7877114],[99.6381987,13.7878777],[99.6381186,13.788069],[99.6379998,13.7882597],[99.6379593,13.7883059],[99.6378565,13.7883788],[99.6376583,13.7884686],[99.6374709,13.788508],[99.6373727,13.7885054],[99.637318,13.7884696],[99.6372894,13.788317],[99.6372603,13.7882655],[99.6371278,13.78816],[99.6370306,13.7881103],[99.6369436,13.7881094],[99.636738,13.7882466],[99.6366378,13.78824],[99.6365543,13.7881439],[99.6364204,13.7879341],[99.6362257,13.7878249],[99.6361559,13.7877677],[99.6360781,13.787641],[99.6360352,13.7875257],[99.6359368,13.7870844],[99.6359063,13.7870243],[99.6358561,13.7869874],[99.6358361,13.7869482],[99.6358327,13.786636],[99.6358214,13.7865939],[99.6357573,13.7865628],[99.6357073,13.7865758],[99.6356482,13.7866285],[99.6354973,13.7869853],[99.6354152,13.7871153],[99.6353937,13.7871262],[99.6351192,13.7871046],[99.6349195,13.7871536],[99.634478,13.7873002],[99.6344038,13.7872793],[99.6342246,13.7871415],[99.6341469,13.7871339],[99.6339529,13.7872007],[99.6337918,13.787292],[99.6337691,13.7873385],[99.6337197,13.787576],[99.6336549,13.7876075],[99.6335987,13.7875918],[99.6334472,13.7874189],[99.6334066,13.7874036],[99.6330805,13.787407],[99.6328107,13.7873688],[99.6327403,13.7873728],[99.6326356,13.7874011],[99.632529,13.7874767],[99.6323447,13.7878021],[99.6320896,13.7880664],[99.632062,13.788226],[99.6320656,13.7884724],[99.6321041,13.7886401],[99.6322451,13.7888382],[99.6324718,13.788983],[99.6325172,13.7890539],[99.632512,13.7891738],[99.6324358,13.7893994],[99.6324855,13.7897086],[99.632488,13.7898127],[99.6324721,13.7898639],[99.632413,13.7899242],[99.6320449,13.7901355],[99.6315709,13.7904333],[99.6314893,13.7905001],[99.6314529,13.7905954],[99.6314693,13.7906585],[99.6316742,13.7907545],[99.6317069,13.7908164],[99.6317084,13.7908718],[99.6316234,13.7910149],[99.6312235,13.7914658],[99.6310685,13.7917068],[99.631032,13.7918071],[99.6309722,13.792175],[99.6309233,13.7923781],[99.6308835,13.7924618],[99.6308407,13.7924884],[99.6308047,13.792482],[99.6307735,13.7924516],[99.6305583,13.7920893],[99.6305214,13.7920594],[99.6304522,13.7920358],[99.6303868,13.7920362],[99.6301993,13.7920735],[99.6300447,13.7920339],[99.629671,13.7918273],[99.6293367,13.7916104],[99.6292603,13.7915766],[99.6292194,13.7915734],[99.6290729,13.7916182],[99.6284723,13.7919282],[99.6282607,13.7920706],[99.6281823,13.7921033],[99.6281409,13.7921075],[99.6281106,13.7920948],[99.6280182,13.7919914],[99.6279639,13.7919651],[99.6277782,13.7919986],[99.6275944,13.7919933],[99.6273074,13.7919465],[99.6271607,13.7918988],[99.6270744,13.7918462],[99.6270377,13.7917591],[99.627022,13.7910671],[99.6269578,13.7909357],[99.6268996,13.7909094],[99.6268104,13.7908969],[99.6266991,13.7909025],[99.626598,13.7909282],[99.6265123,13.7909703],[99.6263175,13.7911568],[99.6262478,13.7911927],[99.6261582,13.7911768],[99.626087,13.7908251],[99.6260503,13.7907395],[99.62598,13.790658],[99.6258839,13.7905922],[99.6257183,13.7905177],[99.6256008,13.790521],[99.6254018,13.7906267],[99.6252632,13.7906716],[99.6250931,13.7906954],[99.6249424,13.7906837],[99.624795,13.7906459],[99.6245528,13.7904538],[99.6243703,13.7903894],[99.6240775,13.7903628],[99.6236734,13.7903583],[99.6229966,13.7902602],[99.6225959,13.7902751],[99.6222968,13.7903839],[99.6219727,13.7904565],[99.6218346,13.7904662],[99.6215395,13.7904549],[99.6210021,13.7904163],[99.6209145,13.7904304],[99.6208522,13.7904672],[99.6207423,13.7906024],[99.6205685,13.7907561],[99.6193675,13.7913701],[99.6190834,13.7915434],[99.6187793,13.7917006],[99.6184069,13.7871999],[99.6148206,13.7880711],[99.6148415,13.7876874],[99.6147466,13.7872577],[99.6147547,13.7871392],[99.6148231,13.7869698],[99.6147914,13.7866241],[99.6148643,13.7864063],[99.6148689,13.7862993],[99.6147957,13.7861357],[99.6144802,13.785781],[99.6144479,13.7855875],[99.6145062,13.7852824],[99.6146208,13.7851536],[99.6147779,13.7850993],[99.6147964,13.7850309],[99.6146839,13.7848561],[99.6146938,13.7846496],[99.6151466,13.7838477],[99.6133231,13.7822478],[99.6134272,13.7805729],[99.6131621,13.7799363],[99.612024,13.7804015],[99.6116808,13.7803863],[99.6112604,13.7802063],[99.6112255,13.7798529],[99.6101557,13.7804386],[99.6096829,13.7804834],[99.6071662,13.7801465],[99.6064897,13.7795093],[99.6063315,13.7791004],[99.6061143,13.7788443],[99.6060634,13.7785421],[99.6061225,13.7783479],[99.6060931,13.7781919],[99.6059949,13.7781282],[99.6051005,13.7781249],[99.6044606,13.7778689],[99.6041237,13.7775802],[99.6038136,13.7774017],[99.603742,13.7771241],[99.6036351,13.7769882],[99.6029046,13.776679],[99.6024229,13.7762557],[99.6023063,13.7760858],[99.6002781,13.7766732],[99.5994054,13.7760724],[99.5986868,13.7760695],[99.5978953,13.7761858],[99.5976129,13.7755513],[99.5962645,13.7732074],[99.5949112,13.7746351],[99.5940107,13.7730431],[99.5945034,13.7729305],[99.5942698,13.7724842],[99.5959259,13.7717965],[99.595766,13.7708631],[99.5956131,13.7702445],[99.5950336,13.7701901],[99.5942227,13.7704438],[99.5933583,13.7709777],[99.5924565,13.7713705],[99.5920605,13.771577],[99.5916489,13.7716613],[99.5917585,13.7722161],[99.590777,13.7724884],[99.5902192,13.7728503],[99.5870371,13.773278],[99.5862055,13.7711906],[99.584609,13.7693995],[99.584362,13.7689708],[99.5838284,13.7692454],[99.5833603,13.769428],[99.5836996,13.7682766],[99.5835729,13.7678632],[99.5830884,13.7679688],[99.5816284,13.7651428],[99.5808701,13.7653455],[99.5789432,13.7618025],[99.5771983,13.7620784],[99.575809,13.7614853],[99.5715741,13.7592739],[99.5703112,13.7579472],[99.570103,13.7557101],[99.5695807,13.7532944],[99.5697866,13.751067],[99.5694042,13.7506356],[99.568794,13.7505834],[99.567993,13.7510112],[99.5664764,13.7522604],[99.5640041,13.7524733],[99.5630998,13.7519978],[99.5612604,13.7519953],[99.5598504,13.7527696],[99.5572927,13.7558362],[99.5565045,13.7563941],[99.555403,13.7565237],[99.5530518,13.7556241],[99.549316,13.7574172],[99.5471955,13.7585908],[99.5457339,13.7590919],[99.5429435,13.7595896],[99.5388081,13.7613401],[99.5371567,13.761649],[99.5351737,13.7615472],[99.5341455,13.7613123],[99.5326248,13.7607133]]]}},{"type":"Feature","id":"relation/18931811","properties":{"name_th":"อำเภอบางแพ","name_en":"Bang Phae District"},"geometry":{"type":"Polygon","coordinates":[[[99.9527173,13.7290852],[99.9504483,13.7289213],[99.9476113,13.7365228],[99.9442341,13.7366685],[99.9430787,13.7362328],[99.9409457,13.7349951],[99.9402309,13.7347952],[99.9393326,13.7347298],[99.9385648,13.7348578],[99.9379603,13.7350276],[99.9368616,13.7355088],[99.9361013,13.7358116],[99.935839,13.7358481],[99.9355482,13.7358029],[99.9344927,13.7353679],[99.933071,13.7346251],[99.9317002,13.7338306],[99.9300824,13.7323823],[99.9253626,13.7287564],[99.9252087,13.7288248],[99.9249775,13.7288634],[99.9247143,13.7288651],[99.9244916,13.7289286],[99.9239079,13.7291822],[99.9233072,13.7295442],[99.9216511,13.7301538],[99.921529,13.7302331],[99.921458,13.7303203],[99.9213891,13.7304716],[99.9213001,13.7308255],[99.921256,13.7308964],[99.9211787,13.7309727],[99.9208532,13.7311741],[99.9206331,13.7312417],[99.9204288,13.7312671],[99.9203099,13.7312501],[99.9202516,13.7312254],[99.9199822,13.7310318],[99.9198656,13.7309658],[99.9187454,13.7308812],[99.9181054,13.7307413],[99.9175879,13.7305326],[99.9170727,13.7301937],[99.9163545,13.7295564],[99.9149456,13.728115],[99.9147146,13.7280983],[99.9143982,13.728037],[99.9143136,13.7280081],[99.9142302,13.7279566],[99.9141597,13.727841],[99.9141181,13.7276947],[99.9139786,13.726758],[99.9139753,13.7266565],[99.9140703,13.7263253],[99.9140588,13.7262016],[99.9138585,13.7262071],[99.9130724,13.7262829],[99.9129271,13.7262771],[99.9125749,13.7262311],[99.912168,13.7262073],[99.9117132,13.7262248],[99.9115251,13.7262465],[99.9109429,13.7263745],[99.9084809,13.7268239],[99.9081911,13.7269031],[99.9075825,13.7271359],[99.9066927,13.7242874],[99.9062386,13.7227541],[99.9061472,13.7225002],[99.906001,13.7221779],[99.9057485,13.7217462],[99.9055046,13.7214183],[99.9050661,13.7208797],[99.9033816,13.7188905],[99.9028852,13.7192893],[99.9025403,13.7196118],[99.9024878,13.7196936],[99.9024476,13.7198121],[99.9024428,13.7201383],[99.902425,13.7202613],[99.9023909,13.7203135],[99.9021906,13.7204188],[99.9020316,13.7204415],[99.9019497,13.7204293],[99.9017368,13.7203425],[99.9016574,13.720334],[99.9015734,13.7203493],[99.9014326,13.7204217],[99.9013567,13.7205023],[99.9012645,13.7206374],[99.9011755,13.7207112],[99.9010911,13.7207434],[99.9007139,13.720779],[99.9003907,13.7207704],[99.8997489,13.7206674],[99.8992176,13.720613],[99.898644,13.7205302],[99.8982498,13.7204157],[99.8975774,13.7201438],[99.8973899,13.720083],[99.8972539,13.7200593],[99.8970384,13.7200478],[99.8967027,13.7200539],[99.8966319,13.7200245],[99.8966019,13.7199724],[99.8966049,13.7193691],[99.8966703,13.7189529],[99.8966848,13.7187415],[99.8966363,13.718525],[99.8965264,13.7183403],[99.8959916,13.717784],[99.895776,13.7175981],[99.8956179,13.7174322],[99.8955726,13.7173774],[99.895515,13.7172613],[99.8952704,13.7162239],[99.8952784,13.716035],[99.8954189,13.7154708],[99.8954528,13.7152269],[99.8952608,13.713363],[99.8951968,13.7122708],[99.8951863,13.7122057],[99.8951632,13.7121679],[99.8951184,13.7121385],[99.894993,13.7121148],[99.8949303,13.7120756],[99.8947551,13.7118556],[99.8949993,13.711366],[99.8950222,13.7112885],[99.8949965,13.7112382],[99.8945744,13.7107639],[99.8944904,13.7106457],[99.8944283,13.7105181],[99.8943807,13.7103381],[99.8943816,13.7101632],[99.8945446,13.7095344],[99.8945397,13.7093832],[99.8944807,13.7092444],[99.8944398,13.7092014],[99.8942802,13.7090935],[99.8941871,13.7089703],[99.8941503,13.7088342],[99.8941248,13.708499],[99.8940793,13.7083897],[99.8940143,13.7083094],[99.8938357,13.7081697],[99.8937376,13.7080022],[99.8936671,13.7077262],[99.8936262,13.7070603],[99.8932693,13.7061446],[99.8932743,13.7059517],[99.8933884,13.7056271],[99.8933972,13.7054852],[99.8932466,13.7047752],[99.8931509,13.7044567],[99.8930583,13.7042584],[99.8930464,13.7041737],[99.8933357,13.7031004],[99.89341,13.7029655],[99.8938322,13.7025527],[99.895014,13.7011439],[99.8950726,13.701049],[99.8950625,13.7004405],[99.8950791,13.7003733],[99.8953255,13.6998183],[99.8956697,13.6991516],[99.8959222,13.6988356],[99.8960385,13.6985753],[99.8961752,13.6981768],[99.8962064,13.6980364],[99.8962232,13.6976845],[99.8963096,13.6972591],[99.8963736,13.697083],[99.8964856,13.6969555],[99.8965114,13.6969028],[99.8964939,13.6968055],[99.8963972,13.6966512],[99.8963691,13.696582],[99.8964011,13.6963103],[99.8964683,13.6961274],[99.8969467,13.6955295],[99.8987445,13.6936699],[99.8989581,13.6934058],[99.899089,13.6931489],[99.8991157,13.6929613],[99.8991051,13.6928861],[99.8990758,13.6928268],[99.8990063,13.6927701],[99.8989266,13.69273],[99.8985093,13.6925602],[99.8984475,13.6924964],[99.8984198,13.692432],[99.8984047,13.6921892],[99.8984216,13.6920701],[99.8986141,13.691539],[99.8986307,13.6913147],[99.8986047,13.6911385],[99.8985759,13.6910427],[99.8983907,13.6906715],[99.8983809,13.6905254],[99.8984078,13.6903353],[99.898575,13.6899927],[99.8986701,13.6896088],[99.8987282,13.6895189],[99.8990324,13.689224],[99.899113,13.6891247],[99.8991791,13.6890047],[99.8992004,13.6889079],[99.8991966,13.6887471],[99.899151,13.6883916],[99.8991432,13.6881854],[99.899166,13.6880878],[99.8992018,13.6880116],[99.8992852,13.6879163],[99.8994224,13.6878184],[99.8999761,13.6875459],[99.9005366,13.6872124],[99.9006137,13.6871847],[99.9007275,13.6871679],[99.901571,13.6871855],[99.902323,13.6875023],[99.9026438,13.6875898],[99.9028653,13.6875973],[99.9031364,13.6875715],[99.9032419,13.6875388],[99.9033583,13.6874821],[99.9034907,13.6873702],[99.9035577,13.6872442],[99.9035671,13.6871407],[99.9035353,13.6868958],[99.9035348,13.6867804],[99.903634,13.6862418],[99.9036671,13.6861254],[99.903735,13.6859738],[99.9040567,13.6854187],[99.9042427,13.6851409],[99.9043636,13.6850375],[99.9044832,13.68498],[99.9045678,13.684958],[99.9050764,13.684929],[99.9051776,13.6849122],[99.9053056,13.6848638],[99.9055623,13.6846727],[99.9058117,13.6845255],[99.906146,13.6842475],[99.9063306,13.6840193],[99.9066357,13.6835567],[99.9068805,13.6832956],[99.9071851,13.6830883],[99.9072541,13.6830596],[99.907444,13.6830434],[99.9074469,13.6829684],[99.9074284,13.6828926],[99.9072558,13.6826105],[99.9071005,13.6822367],[99.9070154,13.6817072],[99.9068586,13.681267],[99.906753,13.6810626],[99.9063744,13.6807082],[99.905409,13.6805231],[99.9047885,13.6802883],[99.9047624,13.6802609],[99.9043577,13.6795028],[99.9037976,13.677187],[99.9036266,13.6757053],[99.9037864,13.6742493],[99.9040759,13.6733598],[99.904403,13.6730064],[99.9063881,13.6712483],[99.9088249,13.6698403],[99.9124716,13.6678839],[99.9126357,13.6675599],[99.9126202,13.6674355],[99.9108548,13.6657098],[99.9076571,13.6629964],[99.9057491,13.6613324],[99.9051665,13.6603373],[99.9049257,13.6594238],[99.9050105,13.6584676],[99.9050635,13.6583728],[99.9050684,13.6583385],[99.9050074,13.6572229],[99.9050672,13.6571624],[99.9050704,13.6571346],[99.905028,13.6565035],[99.9050474,13.6564741],[99.9051253,13.6564207],[99.9051509,13.6563725],[99.9051165,13.6556516],[99.9051079,13.6555815],[99.9045978,13.6555875],[99.9055003,13.6529595],[99.9055167,13.6528533],[99.905515,13.6527226],[99.9054761,13.6524135],[99.9051727,13.6511183],[99.905164,13.6508643],[99.9052197,13.650231],[99.9052193,13.6501021],[99.9051783,13.649791],[99.9042541,13.6495361],[99.9043694,13.6475425],[99.9047378,13.6401358],[99.9050094,13.6395836],[99.905046,13.6394688],[99.9051064,13.6391509],[99.9051193,13.6382914],[99.9053275,13.6366048],[99.9053499,13.6365848],[99.9054514,13.6365646],[99.9059803,13.6365918],[99.906073,13.6365915],[99.9061289,13.6365654],[99.9061486,13.6365298],[99.9061713,13.6364101],[99.9061922,13.6358282],[99.9061852,13.6357312],[99.9060686,13.635486],[99.9060652,13.6354505],[99.9060848,13.6354051],[99.9087495,13.6336932],[99.9087859,13.6336185],[99.9087798,13.6335697],[99.9083835,13.6332333],[99.9089052,13.6328621],[99.9090734,13.63283],[99.9096448,13.6327979],[99.9096903,13.6327712],[99.9097092,13.6327485],[99.9098171,13.6322963],[99.9099694,13.6318501],[99.9100198,13.6317963],[99.9100957,13.631796],[99.910328,13.6318694],[99.9109661,13.6321332],[99.911116,13.6321801],[99.9111624,13.6321717],[99.9112086,13.6321138],[99.9112898,13.631835],[99.9113483,13.6316986],[99.9113778,13.6316799],[99.9114621,13.6316714],[99.9124311,13.6319379],[99.9132926,13.6322658],[99.9138566,13.6325003],[99.9142682,13.6326272],[99.9146375,13.6327057],[99.9148372,13.6327263],[99.9158498,13.6327508],[99.9164351,13.6328253],[99.9168714,13.6327668],[99.9169179,13.6327743],[99.9169914,13.6328469],[99.9170265,13.6329819],[99.9170269,13.6330934],[99.916977,13.6336055],[99.9169884,13.6336357],[99.9171719,13.6338276],[99.9172086,13.6338494],[99.9172507,13.6338465],[99.9174277,13.6337854],[99.9175457,13.6337657],[99.9176329,13.6337626],[99.917844,13.6338031],[99.9179453,13.6338082],[99.9180296,13.6337914],[99.9181138,13.6337608],[99.9182289,13.6336916],[99.9184757,13.6335174],[99.9185627,13.6334704],[99.9186414,13.6334481],[99.9187004,13.6334506],[99.9187568,13.6334724],[99.9188892,13.6335517],[99.9190272,13.6335759],[99.9195446,13.633563],[99.919775,13.6335209],[99.9199282,13.633461],[99.9212457,13.6328456],[99.9213829,13.6328122],[99.9215178,13.6328573],[99.9215903,13.6328418],[99.9226996,13.6322599],[99.9229428,13.6321475],[99.9236932,13.6318964],[99.9238406,13.6318198],[99.9240937,13.6315959],[99.9243696,13.6312502],[99.9246972,13.630874],[99.9247046,13.6307878],[99.9251507,13.6300865],[99.9253493,13.6296229],[99.9253734,13.6295958],[99.9254044,13.6295889],[99.9257818,13.6297902],[99.925844,13.6298137],[99.925882,13.6298034],[99.9261331,13.6295152],[99.9265179,13.6289833],[99.9265972,13.6289324],[99.9266697,13.628922],[99.9268074,13.6290117],[99.9271694,13.6293215],[99.9279751,13.6284988],[99.9286191,13.6278731],[99.9290509,13.6272844],[99.929431,13.6268345],[99.9306915,13.6255268],[99.930819,13.6254776],[99.9311267,13.6259764],[99.931173,13.6260303],[99.9312067,13.6260375],[99.9318828,13.6255352],[99.9319314,13.6255176],[99.9319684,13.6255283],[99.9328116,13.6264915],[99.9328843,13.6265216],[99.9329119,13.6265148],[99.9329463,13.6264741],[99.9331627,13.6261591],[99.9340336,13.625355],[99.9340715,13.6253346],[99.9341234,13.6253513],[99.9354494,13.6269445],[99.9355116,13.6269544],[99.9355599,13.6269407],[99.9356976,13.6268287],[99.9360212,13.62652],[99.9365011,13.6260977],[99.9373996,13.62703],[99.9381922,13.626371],[99.9383528,13.6264364],[99.9385958,13.6265675],[99.9387884,13.6267174],[99.940267,13.6251337],[99.9403091,13.6251026],[99.9403407,13.625088],[99.9404019,13.625096],[99.9406688,13.6253756],[99.9407153,13.6254063],[99.9407933,13.625406],[99.9418335,13.624416],[99.941903,13.6243869],[99.9419684,13.6244011],[99.9423561,13.624837],[99.9423942,13.6248678],[99.9424554,13.6248696],[99.942941,13.6244717],[99.9434143,13.6241439],[99.9437111,13.6239736],[99.9437869,13.6239445],[99.9439934,13.6239107],[99.944162,13.6238543],[99.944296,13.6237759],[99.9455288,13.6229381],[99.9484792,13.6214772],[99.9484094,13.6175507],[99.9494423,13.6177502],[99.9509004,13.6179641],[99.9528346,13.6182969],[99.9558331,13.6189901],[99.9589431,13.619544],[99.960132,13.6196652],[99.961827,13.6199172],[99.9619742,13.6201779],[99.9627911,13.6219166],[99.9628229,13.6220786],[99.9627101,13.6242327],[99.9627439,13.6245289],[99.96278,13.6246382],[99.9628033,13.6247791],[99.962804,13.6249422],[99.9627677,13.6253428],[99.9626566,13.6259959],[99.9626652,13.6262554],[99.9627222,13.6266144],[99.9628351,13.6270186],[99.9628433,13.6271743],[99.9627985,13.6273451],[99.9626551,13.6277425],[99.9626296,13.6278562],[99.9626421,13.6280354],[99.9626881,13.6281761],[99.9627646,13.6283242],[99.9628941,13.6284868],[99.9641266,13.6294758],[99.9644919,13.6298007],[99.9651317,13.6305102],[99.9653267,13.6307857],[99.9654259,13.6309575],[99.9654915,13.6311526],[99.9655099,13.6312788],[99.9654992,13.6313839],[99.9651924,13.6322092],[99.9647482,13.6331815],[99.9644252,13.6338475],[99.9641172,13.634645],[99.9636902,13.6359445],[99.9629555,13.6380165],[99.9626042,13.6390556],[99.9632761,13.6394027],[99.9645813,13.6399559],[99.9656059,13.6404554],[99.9661113,13.6406798],[99.9664469,13.640817],[99.9683719,13.6414269],[99.9684827,13.641485],[99.9686398,13.6416015],[99.969738,13.6420568],[99.9697612,13.6421062],[99.9697286,13.642224],[99.9695471,13.6426472],[99.969584,13.6427151],[99.9696395,13.6427509],[99.9702209,13.6429964],[99.9704469,13.6430721],[99.9705529,13.6430852],[99.9706496,13.6430713],[99.9707599,13.6430078],[99.9708611,13.6429849],[99.9715755,13.6430722],[99.972368,13.6431142],[99.9731234,13.6430977],[99.9744345,13.6431008],[99.9745792,13.6431235],[99.9754832,13.6433903],[99.9763455,13.6436121],[99.9780512,13.6439343],[99.9784153,13.6439599],[99.9787544,13.6440129],[99.97883,13.6439852],[99.9789461,13.6436009],[99.9789992,13.6435541],[99.9790412,13.6435512],[99.979364,13.6436486],[99.9798663,13.6437755],[99.9799196,13.6437808],[99.9799532,13.6437669],[99.9800506,13.6435883],[99.9802228,13.6432011],[99.9802618,13.6431461],[99.9803486,13.6431211],[99.9811762,13.6432823],[99.9823379,13.6435519],[99.9841305,13.6438765],[99.985373,13.6441961],[99.9854024,13.6441878],[99.9854266,13.6441593],[99.986296,13.6414444],[99.9910256,13.6423256],[99.9923776,13.6425124],[99.9932055,13.6426933],[99.9962635,13.6435077],[99.9975022,13.640099],[99.9975674,13.6400426],[99.9976575,13.6400503],[99.998453,13.6403114],[99.999456,13.6407106],[99.9996118,13.6408012],[99.9996954,13.6408104],[99.999773,13.6407625],[99.9998637,13.6406082],[100.0001524,13.6399476],[100.0004081,13.6392832],[100.0004271,13.6391824],[100.0004211,13.6391597],[100.0003529,13.6391067],[100.000341,13.6390535],[100.0003525,13.6390193],[100.0005551,13.638665],[100.0006579,13.6386266],[100.0006734,13.6386037],[100.0008911,13.6381638],[100.00097,13.6379867],[100.000958,13.6378955],[100.0009673,13.6378024],[100.0013022,13.6370161],[100.0013389,13.6369779],[100.0014516,13.6369642],[100.0015096,13.6369126],[100.002027,13.6356315],[100.0020288,13.6355877],[100.0020054,13.6355669],[100.0015089,13.6353523],[100.0014795,13.6352916],[100.001485,13.6352246],[100.0015905,13.6348977],[100.0019941,13.6338204],[100.0022141,13.6332597],[100.0024077,13.6328171],[100.0026683,13.6324169],[100.0031032,13.6318621],[100.0032271,13.6317381],[100.0036615,13.6313964],[100.0038173,13.6312328],[100.0040381,13.6309307],[100.0042687,13.6305447],[100.0044695,13.6302723],[100.004806,13.6298612],[100.0051327,13.6295241],[100.0052828,13.629341],[100.0053787,13.629199],[100.0054099,13.6291794],[100.0055263,13.6291817],[100.006896,13.6294067],[100.0092882,13.6296997],[100.0095211,13.6297099],[100.0099552,13.6296331],[100.0101285,13.629638],[100.0102706,13.6296707],[100.010464,13.6297449],[100.0106292,13.6298664],[100.0108202,13.6300434],[100.0109739,13.6301372],[100.0113437,13.6302746],[100.0119606,13.6304387],[100.0124838,13.6306115],[100.0128338,13.6307684],[100.0130672,13.6309035],[100.0134773,13.6311935],[100.0138335,13.631467],[100.0139675,13.6316108],[100.0142789,13.6320511],[100.0144871,13.6322641],[100.0147293,13.6324409],[100.0150423,13.6325951],[100.0154177,13.6327325],[100.0157759,13.6328227],[100.0161083,13.6328657],[100.0166053,13.6328859],[100.0172615,13.6329388],[100.0174347,13.6329242],[100.0178347,13.6328364],[100.017971,13.632822],[100.0183744,13.6328676],[100.0187152,13.6328745],[100.0194617,13.6328062],[100.0194247,13.63301],[100.0192231,13.6336625],[100.0190184,13.6345039],[100.018647,13.6357492],[100.0186303,13.6358298],[100.0186362,13.635877],[100.0186591,13.635913],[100.0186932,13.6359268],[100.0187301,13.6359211],[100.0189031,13.6357812],[100.0192365,13.6355923],[100.0195213,13.6355191],[100.0198457,13.6355033],[100.0202979,13.6355111],[100.0209527,13.6355496],[100.0226257,13.6271699],[100.023398,13.622761],[100.0236767,13.6215309],[100.023952,13.6201096],[100.0244463,13.6179507],[100.0245363,13.617467],[100.0261501,13.6178114],[100.0264762,13.6178468],[100.0273303,13.6179809],[100.0276447,13.618055],[100.0278003,13.6180761],[100.0278502,13.618065],[100.0279166,13.6180105],[100.0279776,13.6179885],[100.0280942,13.617988],[100.0290502,13.6182393],[100.0304239,13.6186699],[100.0307803,13.6183773],[100.030914,13.6182937],[100.0309387,13.6182271],[100.0309541,13.6179557],[100.0309248,13.6177377],[100.0307966,13.6174455],[100.0307188,13.6173078],[100.0306516,13.6171265],[100.0306217,13.616999],[100.0306329,13.6168516],[100.0308077,13.6162761],[100.0307997,13.615931],[100.0307583,13.6154485],[100.0307669,13.6142761],[100.030757,13.6132825],[100.0307984,13.6130958],[100.0310103,13.6127017],[100.0310531,13.6126625],[100.0311095,13.6126138],[100.031445,13.6122121],[100.0316223,13.6119999],[100.0316848,13.61192],[100.0319945,13.6115231],[100.0322928,13.6111329],[100.032489,13.6108508],[100.0327232,13.6105642],[100.0327921,13.6104675],[100.0328446,13.6103009],[100.0328479,13.6102904],[100.0328497,13.6102789],[100.0328835,13.6100564],[100.0328765,13.6098138],[100.032906,13.6094658],[100.0329038,13.6092717],[100.0329389,13.6091313],[100.0330535,13.6088407],[100.0331173,13.6087208],[100.0331324,13.6087005],[100.0333147,13.6085296],[100.0334585,13.6084063],[100.033574,13.6083059],[100.0336848,13.608217],[100.0338072,13.6081303],[100.0339108,13.6080574],[100.0340025,13.6080165],[100.0340989,13.6079802],[100.034334,13.6078735],[100.0344191,13.6078401],[100.0345783,13.607769],[100.0349017,13.6076163],[100.0349223,13.6076066],[100.0350944,13.6074907],[100.0352518,13.6073747],[100.0353371,13.6073089],[100.035539,13.6071411],[100.0355714,13.6071142],[100.035722,13.6069603],[100.035889,13.6068171],[100.0362239,13.6063688],[100.0365391,13.6060508],[100.0369811,13.6056828],[100.0374558,13.6052169],[100.0378197,13.6048802],[100.0381612,13.6045055],[100.038258,13.6044018],[100.0383433,13.6043104],[100.0384127,13.6041985],[100.0385976,13.6039006],[100.0388298,13.6033959],[100.0391246,13.6027336],[100.0449702,13.6056194],[100.0445081,13.6065474],[100.0464552,13.6073724],[100.0463571,13.6080293],[100.0468938,13.6082249],[100.0461883,13.6095338],[100.048378,13.6101695],[100.0507384,13.6107243],[100.0505926,13.6111747],[100.0543324,13.6123601],[100.0538128,13.6130761],[100.0532607,13.6146613],[100.0557913,13.6156268],[100.0557819,13.6161076],[100.0558402,13.6166311],[100.0570167,13.6171647],[100.0566149,13.6177864],[100.0561818,13.6183013],[100.0590866,13.6198414],[100.0586674,13.6205322],[100.0601357,13.6219401],[100.0605478,13.6216119],[100.0628811,13.6231831],[100.0618633,13.6245324],[100.0642661,13.6264521],[100.0644816,13.6263473],[100.0647792,13.6259978],[100.0649454,13.6260579],[100.0674364,13.6286834],[100.0679288,13.6285391],[100.0684604,13.6299665],[100.0686046,13.6307401],[100.0694233,13.6307037],[100.0705113,13.6325952],[100.0714412,13.6342299],[100.0714949,13.6350146],[100.0714616,13.6358043],[100.0713918,13.6368843],[100.0714106,13.6380233],[100.0712083,13.6394049],[100.0711816,13.6402176],[100.0710331,13.6433137],[100.0707295,13.6483885],[100.0710548,13.6484834],[100.0710948,13.649003],[100.0710224,13.6494334],[100.0708598,13.6496486],[100.0706153,13.6503251],[100.0705176,13.6507951],[100.0704508,13.6516902],[100.0703878,13.6527991],[100.0703001,13.6532075],[100.0685562,13.6563398],[100.0682405,13.6568243],[100.0655258,13.661802],[100.0653305,13.6619717],[100.0649366,13.6630235],[100.0644824,13.6631421],[100.0644317,13.6639207],[100.0641862,13.6640417],[100.0640073,13.6641103],[100.0638396,13.6641385],[100.0632808,13.664414],[100.0628392,13.6645204],[100.063005,13.6648367],[100.0634127,13.6661086],[100.0634878,13.6666403],[100.0634127,13.6670573],[100.0631552,13.6680164],[100.0631444,13.6683604],[100.0632195,13.6688504],[100.0635307,13.6697782],[100.0636916,13.6703828],[100.0636058,13.6712272],[100.063638,13.6717589],[100.0636272,13.6722697],[100.0635629,13.6728952],[100.0635951,13.6733852],[100.064153,13.6739585],[100.0645821,13.6744694],[100.0650649,13.6752616],[100.0656722,13.6762457],[100.0640564,13.6767941],[100.0623827,13.6773153],[100.0609772,13.6776801],[100.0611382,13.6784933],[100.0613527,13.6789207],[100.0617068,13.6792334],[100.0624739,13.6800569],[100.0615593,13.6833771],[100.0609772,13.6831426],[100.0605588,13.6836951],[100.0577159,13.6875902],[100.0573653,13.6875116],[100.0571336,13.6874285],[100.0570114,13.6873371],[100.056323,13.6864297],[100.0562083,13.6863117],[100.0560093,13.6863006],[100.054812,13.6867213],[100.0538762,13.6870926],[100.0526876,13.6874479],[100.0524654,13.6875586],[100.0522465,13.687734],[100.052108,13.6878301],[100.0519058,13.6878925],[100.0512678,13.6879706],[100.050887,13.6880832],[100.0506059,13.6882069],[100.0503562,13.6882564],[100.0471724,13.6884595],[100.0465924,13.6885332],[100.0451533,13.6888567],[100.0447519,13.6889234],[100.0441781,13.6889547],[100.0437861,13.6890181],[100.0418036,13.6894357],[100.0413339,13.6895511],[100.0362685,13.691075],[100.0338164,13.6917281],[100.0327329,13.692148],[100.0325829,13.6924561],[100.0322342,13.6933572],[100.0334274,13.6946734],[100.0332025,13.6948197],[100.0326741,13.6951037],[100.0313349,13.6957031],[100.0308038,13.695931],[100.0304376,13.6959615],[100.0275868,13.6969787],[100.026362,13.6975912],[100.0259838,13.6976991],[100.0249555,13.6983269],[100.0239998,13.6990673],[100.0236529,13.6993104],[100.0218758,13.7002187],[100.0237244,13.7026893],[100.0225837,13.7037007],[100.0232135,13.7045841],[100.0229819,13.705819],[100.0225895,13.705817],[100.0223434,13.707652],[100.0226198,13.707681],[100.0221496,13.7099439],[100.0220771,13.7118234],[100.0221464,13.7136678],[100.02244,13.7136554],[100.0224714,13.7157164],[100.0224263,13.7166437],[100.0224102,13.717935],[100.0235674,13.7179072],[100.0236243,13.719158],[100.0236484,13.7193071],[100.0237407,13.721443],[100.023466,13.7214471],[100.0231591,13.723489],[100.0231441,13.7237723],[100.0233182,13.7237645],[100.0233722,13.7256591],[100.0233693,13.7278447],[100.0230336,13.7301278],[100.0230939,13.730612],[100.0230856,13.7309588],[100.0231654,13.7323219],[100.023022,13.7347465],[100.0229591,13.7349896],[100.0229537,13.735334],[100.0230932,13.7361569],[100.0233391,13.7367409],[100.0238469,13.7376212],[100.0240964,13.7383716],[100.0242332,13.7385409],[100.0243972,13.7391351],[100.0250106,13.7391755],[100.025179,13.7415046],[100.024833,13.7436736],[100.0247757,13.7448483],[100.0247127,13.7448401],[100.0243856,13.7459778],[100.0243064,13.7465231],[100.0238393,13.7486239],[100.0233781,13.7498588],[100.0231283,13.7510811],[100.0229117,13.7509981],[100.0226724,13.7508785],[100.022477,13.7507563],[100.022282,13.7506014],[100.0220837,13.7503782],[100.0218792,13.7500648],[100.0216382,13.7497646],[100.0215554,13.7496199],[100.0213692,13.7492074],[100.0211161,13.7488212],[100.0209277,13.7484617],[100.0207974,13.7483038],[100.0203789,13.7478989],[100.0202553,13.7477187],[100.0201566,13.7475299],[100.0196911,13.7469909],[100.019651,13.7469781],[100.0194722,13.7469704],[100.0193299,13.746946],[100.0191851,13.7469242],[100.0190572,13.7469114],[100.0188813,13.746894],[100.0187735,13.7468794],[100.0186737,13.7468594],[100.0185797,13.7468317],[100.0184721,13.7467891],[100.0183509,13.7467325],[100.0182281,13.7466978],[100.0180127,13.7466691],[100.0177819,13.746642],[100.0175673,13.7466277],[100.0173163,13.7466049],[100.0171703,13.7465812],[100.0170152,13.7465609],[100.0169096,13.7465509],[100.0167657,13.7465418],[100.0165827,13.7465046],[100.0163693,13.7464515],[100.0161607,13.7463945],[100.0160486,13.7463434],[100.0159639,13.7462866],[100.015899,13.7462182],[100.0158715,13.7461841],[100.0157683,13.7461031],[100.0156556,13.7459982],[100.0155626,13.7459006],[100.0154797,13.745818],[100.0154343,13.7457712],[100.0153997,13.7457376],[100.0153083,13.7456684],[100.0152213,13.7456077],[100.0150926,13.7455308],[100.0149285,13.7454717],[100.0146062,13.7453802],[100.0141569,13.7452729],[100.013724,13.7451808],[100.013618,13.7451615],[100.0134713,13.7451478],[100.013249,13.7451086],[100.0130684,13.7451154],[100.0128598,13.7451334],[100.0126065,13.7451792],[100.0123961,13.7452279],[100.0120656,13.7453193],[100.0119398,13.7453646],[100.0117831,13.7453935],[100.0115554,13.7454192],[100.0114573,13.7454132],[100.01136,13.7453998],[100.0112871,13.7453778],[100.0109055,13.7451995],[100.0108072,13.7451379],[100.0107333,13.7450819],[100.0106863,13.7450351],[100.0106334,13.7449743],[100.0105751,13.7448635],[100.0105233,13.7447175],[100.0104773,13.7445749],[100.0104109,13.7442101],[100.0103398,13.74389],[100.0102793,13.7437288],[100.0102251,13.7436239],[100.0100927,13.7434755],[100.0100097,13.743392],[100.0098733,13.743244],[100.0097606,13.7431301],[100.0095645,13.7429725],[100.0093555,13.7427938],[100.0091785,13.7426175],[100.0090276,13.7425066],[100.00878,13.7423022],[100.0085482,13.7421023],[100.0084699,13.742041],[100.0083708,13.741977],[100.0081904,13.741882],[100.0080688,13.7418203],[100.0079187,13.7417502],[100.007755,13.7416486],[100.007604,13.7416033],[100.0074537,13.7415721],[100.0073876,13.7415668],[100.0073209,13.7415724],[100.0072405,13.7415846],[100.0071874,13.7416019],[100.0071363,13.7416249],[100.0070601,13.7416687],[100.0069687,13.7417309],[100.0068248,13.7418735],[100.0066674,13.7420108],[100.0064668,13.7421674],[100.0063718,13.7422291],[100.0062859,13.7422787],[100.0062167,13.7423003],[100.0061451,13.7423064],[100.0060449,13.7422973],[100.0058613,13.7422539],[100.005564,13.7421627],[100.0052021,13.742042],[100.0050999,13.7420006],[100.0050052,13.7419535],[100.0048995,13.7418731],[100.0048016,13.7417897],[100.0047243,13.7417308],[100.0043959,13.741499],[100.0042129,13.7413705],[100.0039795,13.7412172],[100.0038434,13.7411162],[100.0037162,13.7410264],[100.0035957,13.7409169],[100.0034752,13.7407791],[100.0033419,13.7406186],[100.0031779,13.7404181],[100.0030229,13.7402004],[100.0029009,13.740048],[100.0028124,13.7399438],[100.0027104,13.7398469],[100.0024827,13.7396171],[100.0023854,13.7395431],[100.0022496,13.7394546],[100.0020184,13.7392838],[100.0019358,13.7392326],[100.0018371,13.7391756],[100.0016438,13.7390778],[100.0015189,13.7390297],[100.001359,13.7389693],[100.001188,13.7388804],[100.0010354,13.7387893],[100.0007638,13.738599],[100.0007338,13.7385882],[100.0006677,13.7385573],[100.0006034,13.7385173],[100.0005433,13.7384738],[100.0004772,13.7384096],[100.0004268,13.7383516],[100.0003619,13.7382611],[100.0002959,13.7381572],[100.000256,13.7380901],[100.0002121,13.7380058],[100.0001884,13.737944],[100.0001738,13.7378881],[100.0001548,13.7378031],[100.0001428,13.7377223],[100.0001326,13.7376585],[100.0001174,13.7375891],[100.0000911,13.7374908],[99.9999899,13.737242],[99.9975876,13.7378599],[99.9974234,13.7390392],[99.9974856,13.7392221],[99.997261,13.739238],[99.9966066,13.7390708],[99.995211,13.7384899],[99.9943416,13.7380087],[99.9931945,13.7377174],[99.993163,13.7380734],[99.9929516,13.7390861],[99.9903948,13.7379863],[99.9892107,13.7374135],[99.9897684,13.7347428],[99.98946,13.7345191],[99.9893461,13.7344582],[99.9892403,13.7344118],[99.9891101,13.7343747],[99.9889573,13.7343256],[99.9885793,13.7341894],[99.9884857,13.7341599],[99.9884268,13.734147],[99.9883759,13.7341413],[99.9882956,13.7341432],[99.9882314,13.7341491],[99.9881496,13.7341654],[99.9880825,13.7341844],[99.987766,13.7342925],[99.9876993,13.7343096],[99.9876133,13.7343226],[99.987525,13.7343303],[99.9873645,13.734323],[99.9872085,13.7343005],[99.9869872,13.7342519],[99.986772,13.734195],[99.9865728,13.7341296],[99.9863948,13.7340563],[99.9862117,13.7339707],[99.9860358,13.7338853],[99.9858813,13.7338281],[99.9858027,13.7338121],[99.9857247,13.7338013],[99.9856122,13.7337941],[99.9854875,13.7337902],[99.9853571,13.7337974],[99.985208,13.7338071],[99.9848886,13.733824],[99.9845788,13.7338573],[99.9844904,13.7338742],[99.9844434,13.7338887],[99.9842351,13.733804],[99.9834167,13.7336643],[99.9812358,13.7328069],[99.9812452,13.7327207],[99.980965,13.7325393],[99.9791717,13.7324848],[99.9786346,13.7323657],[99.9767141,13.7317247],[99.9756305,13.7315215],[99.9761161,13.7296834],[99.9744841,13.7291862],[99.9739035,13.7313569],[99.9734776,13.7313236],[99.9709993,13.7308442],[99.9696153,13.7304898],[99.969946,13.7294816],[99.9682182,13.7293315],[99.9675271,13.7292999],[99.9675921,13.7288734],[99.9669986,13.7288102],[99.9669417,13.7292644],[99.9668197,13.7299397],[99.9645512,13.7295171],[99.9632497,13.7294711],[99.9634519,13.7276573],[99.9634724,13.7269279],[99.9626649,13.7268551],[99.9628044,13.726188],[99.9627615,13.7254115],[99.962842,13.7246507],[99.9626757,13.7246142],[99.962783,13.7240358],[99.9607606,13.7233583],[99.9597681,13.7234521],[99.9597735,13.7238325],[99.9594999,13.7238325],[99.9594838,13.7250051],[99.9598003,13.7251093],[99.9594946,13.725891],[99.9590171,13.7257451],[99.9588562,13.7261359],[99.9578477,13.7258128],[99.9576063,13.7261984],[99.9574955,13.7265485],[99.9563586,13.7286915],[99.9543343,13.7285119],[99.9528369,13.7284461],[99.9527173,13.7290852]]]}},{"type":"Feature","id":"relation/18934445","properties":{"name_th":"อำเภอดำเนินสะดวก","name_en":"Damnoen Saduak District"},"geometry":{"type":"Polygon","coordinates":[[[99.8890468,13.609923],[99.8883244,13.607831],[99.8882249,13.607222],[99.8881753,13.6071963],[99.8866013,13.6071843],[99.8816224,13.6071995],[99.8815951,13.6071685],[99.881579,13.6071198],[99.881411,13.6017306],[99.8813625,13.6005662],[99.8812498,13.6001555],[99.8810357,13.5994858],[99.881032,13.599436],[99.8810347,13.5994072],[99.8810648,13.5993818],[99.881514,13.5993115],[99.8815474,13.5992796],[99.881285,13.5976728],[99.8813102,13.5975878],[99.8813288,13.5975628],[99.8813831,13.597541],[99.8820586,13.5973855],[99.8821143,13.5973262],[99.8817793,13.595016],[99.8817836,13.5949628],[99.8818445,13.5948849],[99.8818943,13.5948559],[99.8820031,13.5948533],[99.8828364,13.5951387],[99.8828705,13.5951386],[99.8829361,13.595094],[99.883397,13.5940454],[99.8834038,13.5939252],[99.8833693,13.5935941],[99.8833751,13.5935438],[99.8834143,13.5934904],[99.8838068,13.5933471],[99.8848672,13.5931067],[99.8858912,13.5928457],[99.8866652,13.5928489],[99.8867865,13.5928658],[99.8867113,13.5911502],[99.887498,13.5912883],[99.8881849,13.5914381],[99.8885681,13.5914757],[99.8889394,13.5915408],[99.8890674,13.5916184],[99.889276,13.5919065],[99.889344,13.5919414],[99.8894517,13.5919371],[99.8895434,13.5919055],[99.8896946,13.5917918],[99.8897881,13.5911903],[99.8898713,13.5910261],[99.8900064,13.5908812],[99.8897108,13.5906566],[99.8895224,13.5904371],[99.8893178,13.5900594],[99.8891667,13.5893376],[99.8891084,13.5889745],[99.8889232,13.5875938],[99.8888655,13.5873905],[99.8888045,13.5872497],[99.8886831,13.5870696],[99.8885214,13.5868766],[99.8882716,13.5864574],[99.8878603,13.5859141],[99.887715,13.5856554],[99.8876677,13.585544],[99.887624,13.5855245],[99.8872564,13.5856088],[99.8872339,13.5855904],[99.8871926,13.5854017],[99.887184,13.5851121],[99.8873578,13.5844698],[99.8875258,13.5832922],[99.8876845,13.5823191],[99.8877702,13.581465],[99.887848,13.581228],[99.8877167,13.5807752],[99.8876351,13.5803849],[99.8875729,13.5798987],[99.8876438,13.5798577],[99.8877936,13.5798724],[99.887992,13.5800052],[99.8881074,13.5800264],[99.8881658,13.5800115],[99.8882322,13.5799705],[99.8883779,13.5797937],[99.8884421,13.5797541],[99.8887715,13.5796549],[99.8891556,13.5795793],[99.889427,13.5795472],[99.8895456,13.5795647],[99.8896274,13.579612],[99.8896977,13.5796972],[99.8900138,13.5801948],[99.890375,13.5805285],[99.8906164,13.5807927],[99.8910031,13.5813273],[99.8912348,13.581544],[99.8912489,13.5818658],[99.8912716,13.5819196],[99.8913125,13.5819537],[99.8915398,13.5820701],[99.8917606,13.5822289],[99.8920406,13.5824809],[99.8920803,13.582559],[99.8921862,13.5829851],[99.8922177,13.5830281],[99.8922928,13.5830656],[99.8924115,13.5830762],[99.8926963,13.5830593],[99.8932509,13.5831105],[99.8933933,13.5830771],[99.8936906,13.5829138],[99.8937578,13.5828933],[99.8941232,13.5829123],[99.8943123,13.582904],[99.8948843,13.5827676],[99.8950422,13.5827443],[99.8953453,13.5827533],[99.8957495,13.5828248],[99.896008,13.5827733],[99.8961902,13.5827727],[99.8962915,13.5827943],[99.8965138,13.5828727],[99.8966383,13.5828877],[99.8969418,13.5828536],[99.8974952,13.5826645],[99.897547,13.5826618],[99.8976003,13.5826823],[99.8977033,13.5828599],[99.8977913,13.5828864],[99.898314,13.5828901],[99.8984555,13.5828492],[99.8985968,13.5827612],[99.8988325,13.5825195],[99.8988023,13.5824148],[99.8987559,13.5823817],[99.8987343,13.5823425],[99.8987301,13.5820409],[99.8986437,13.5817846],[99.8984301,13.5813959],[99.8981085,13.5810074],[99.8980713,13.5808929],[99.8979904,13.5805461],[99.8978994,13.5798194],[99.8978405,13.5796656],[99.8976951,13.5794306],[99.8976702,13.5793281],[99.8976771,13.5791571],[99.8976659,13.5790368],[99.8975072,13.5780344],[99.8975285,13.5779198],[99.8977038,13.5776889],[99.8977623,13.5775011],[99.8977992,13.5774447],[99.8978553,13.577403],[99.8980442,13.5773254],[99.8981756,13.5772411],[99.8983069,13.57712],[99.8986636,13.5768566],[99.8987332,13.5767724],[99.8990479,13.5762788],[99.8992215,13.5760788],[99.8993666,13.5758047],[99.8994178,13.5756398],[99.8994059,13.5753815],[99.8993456,13.5752338],[99.8991376,13.5750011],[99.8991037,13.5749427],[99.8990993,13.574833],[99.8991613,13.5746133],[99.8993454,13.574232],[99.8996042,13.5738687],[99.8997998,13.5735387],[99.900077,13.5731462],[99.9000879,13.5731023],[99.9000614,13.573044],[99.8999453,13.5729642],[99.8995585,13.5726232],[99.8993262,13.5723755],[99.8992581,13.5722152],[99.8991815,13.5718905],[99.8991244,13.571817],[99.8989932,13.5717081],[99.8987799,13.5715887],[99.8985334,13.5715097],[99.8982797,13.5714745],[99.8981117,13.5714316],[99.8979305,13.5712761],[99.8977226,13.5708264],[99.8975839,13.5706836],[99.8974426,13.5705752],[99.8973332,13.5704179],[99.8972799,13.5703008],[99.8972557,13.5702002],[99.8972698,13.5700968],[99.8973918,13.5699153],[99.8974793,13.5698431],[99.897608,13.5697994],[99.8980969,13.569705],[99.8983638,13.569738],[99.8984603,13.5697145],[99.8984835,13.5696685],[99.8985091,13.5695392],[99.8985651,13.5691114],[99.8985028,13.5689855],[99.8984459,13.5687822],[99.8984087,13.5684525],[99.8984289,13.5684037],[99.8985582,13.5683143],[99.8986014,13.5682956],[99.8987679,13.5682717],[99.8988734,13.5682813],[99.8990589,13.5684147],[99.8994099,13.5687829],[99.8995069,13.5688397],[99.8996212,13.5688477],[99.8997568,13.5687573],[99.8998034,13.5686223],[99.8998094,13.5682745],[99.8997703,13.5679233],[99.8997285,13.5677916],[99.8997309,13.5677085],[99.8997803,13.567648],[99.8998998,13.5675614],[99.9002941,13.5673787],[99.9004575,13.5672861],[99.9007337,13.5669808],[99.900812,13.5668686],[99.9008582,13.5667652],[99.9008857,13.5665431],[99.9008304,13.5662624],[99.9007537,13.5661035],[99.9007452,13.5659775],[99.9007825,13.5658847],[99.9008163,13.5658401],[99.901054,13.565737],[99.9010975,13.5656906],[99.9011373,13.5656299],[99.9012054,13.5653556],[99.9011906,13.5651974],[99.90114,13.5649903],[99.9010321,13.5647058],[99.9010092,13.56468],[99.9009446,13.5646544],[99.900748,13.5646814],[99.9006752,13.5646422],[99.9006459,13.5645996],[99.9006271,13.5644466],[99.9006631,13.5643504],[99.9007174,13.5642754],[99.9008228,13.5642323],[99.9009827,13.5641926],[99.9010955,13.5641922],[99.901212,13.5642096],[99.9014087,13.5642836],[99.90169,13.5645851],[99.9019385,13.5648974],[99.9020123,13.564955],[99.9020698,13.5649753],[99.9022516,13.5649497],[99.9023434,13.5648913],[99.9024419,13.5647873],[99.902554,13.564545],[99.9025604,13.5643549],[99.9025279,13.5641684],[99.9025521,13.5640301],[99.9026341,13.5638304],[99.9027133,13.563684],[99.9028927,13.5635071],[99.9033546,13.5632203],[99.9034213,13.5631631],[99.903571,13.5630795],[99.9038197,13.5630265],[99.9041139,13.5630366],[99.9043327,13.5630704],[99.9044324,13.5631204],[99.9045364,13.5632054],[99.904597,13.5632844],[99.9047221,13.5635852],[99.9047905,13.5637054],[99.9049286,13.5638418],[99.9049958,13.5638762],[99.9050806,13.5638931],[99.9052148,13.5638892],[99.9056281,13.5638222],[99.9057549,13.5637836],[99.9058289,13.5637453],[99.9058606,13.5637106],[99.9058755,13.5635445],[99.9060588,13.5630962],[99.9061061,13.5629005],[99.9061054,13.5628111],[99.9060736,13.5626494],[99.9061187,13.5625288],[99.9062213,13.5624066],[99.9064491,13.5622174],[99.9072026,13.561677],[99.9075093,13.5613689],[99.9076739,13.5612616],[99.9079913,13.5612046],[99.9080908,13.5611275],[99.9081564,13.5610468],[99.9081866,13.5609658],[99.9081789,13.5608176],[99.9081494,13.5606521],[99.9081643,13.5604212],[99.9082045,13.5603322],[99.9082899,13.5602557],[99.9083252,13.5601096],[99.9083027,13.559959],[99.9082415,13.5598513],[99.9080636,13.5596639],[99.9080053,13.5595601],[99.9080008,13.559504],[99.9080422,13.5593742],[99.9080408,13.5593273],[99.9080011,13.5592384],[99.9075806,13.5591292],[99.9074815,13.5591152],[99.907115,13.5591667],[99.9070787,13.55916],[99.9070122,13.5590498],[99.9068106,13.5584643],[99.9067168,13.558272],[99.9066968,13.5581929],[99.9067041,13.5579741],[99.9066884,13.5579291],[99.9066729,13.5579091],[99.9064327,13.5577856],[99.9061832,13.5575838],[99.9061495,13.5575339],[99.9061491,13.5574813],[99.9064915,13.5569162],[99.9065158,13.5568486],[99.9065108,13.5567293],[99.9064714,13.5566577],[99.9063905,13.556569],[99.9061635,13.5563775],[99.9058727,13.5562486],[99.9058482,13.55622],[99.9058431,13.5561722],[99.9058575,13.5561003],[99.9059012,13.5560093],[99.9059058,13.5559423],[99.9058552,13.5554927],[99.9058494,13.5552583],[99.9058608,13.5551484],[99.9059217,13.554971],[99.9059752,13.5548895],[99.906095,13.5546244],[99.9062044,13.5542728],[99.9062375,13.5540865],[99.9061995,13.5538574],[99.9061342,13.5536923],[99.9059873,13.5533994],[99.9058352,13.553031],[99.9057683,13.5527598],[99.9056993,13.5517216],[99.9056384,13.5513809],[99.9055154,13.5511202],[99.9054394,13.5510233],[99.9053229,13.5509101],[99.9042397,13.5501806],[99.9040138,13.5500059],[99.9038654,13.549848],[99.9038226,13.5497104],[99.9038116,13.54959],[99.9038218,13.5494935],[99.9038531,13.5493867],[99.9040783,13.5490221],[99.9041185,13.5488486],[99.9041386,13.5485763],[99.9040707,13.5481129],[99.9039877,13.5477081],[99.9039281,13.5472599],[99.9038796,13.5466674],[99.9038517,13.5465189],[99.9038082,13.5464014],[99.9037323,13.5463171],[99.9036796,13.546281],[99.9035848,13.5462553],[99.9034689,13.5462503],[99.9032105,13.5463144],[99.9026729,13.5464889],[99.9023565,13.5465299],[99.9021251,13.5464936],[99.9019565,13.5464216],[99.9015246,13.5460045],[99.9010734,13.5453612],[99.9009998,13.5451675],[99.9009787,13.5450382],[99.9009751,13.5448685],[99.9009956,13.5447054],[99.9011505,13.5440504],[99.9012908,13.5435932],[99.9014342,13.5434259],[99.9015368,13.5433479],[99.9017832,13.5432147],[99.9018799,13.5431367],[99.9020229,13.5429846],[99.9021665,13.5427387],[99.9022281,13.5425723],[99.9022586,13.5423933],[99.9022429,13.5422022],[99.9021692,13.5420319],[99.902041,13.5418616],[99.9019543,13.5418019],[99.9017982,13.5417305],[99.9015241,13.5416431],[99.9006508,13.5414902],[99.9004154,13.5414191],[99.89987,13.5411663],[99.8996748,13.5410477],[99.8996115,13.5409754],[99.8995588,13.5408825],[99.8995482,13.540805],[99.899564,13.5407482],[99.8995957,13.5407017],[99.899659,13.54065],[99.8997405,13.54061],[99.8999036,13.5405667],[99.9002328,13.5405656],[99.9005583,13.5404623],[99.9008023,13.5403593],[99.901025,13.5402203],[99.9011288,13.5401248],[99.9013624,13.5398484],[99.901576,13.5395283],[99.9016161,13.5394446],[99.9016567,13.5392978],[99.9016652,13.5392172],[99.9016056,13.5389988],[99.9014513,13.5388001],[99.9014011,13.5387625],[99.9011693,13.5386582],[99.900466,13.5384737],[99.9001452,13.5383713],[99.9000333,13.5383056],[99.8998536,13.5381595],[99.8997004,13.5379861],[99.8996347,13.537867],[99.8996197,13.5377807],[99.8996221,13.5376369],[99.8996306,13.5375535],[99.8996627,13.5374901],[99.8997985,13.5373887],[99.9000172,13.5373164],[99.9004597,13.5372495],[99.900772,13.5371658],[99.9009462,13.5370674],[99.9010518,13.5369586],[99.9011205,13.5368189],[99.9011355,13.536714],[99.9011174,13.536599],[99.9010435,13.5364813],[99.9005928,13.5361078],[99.9002613,13.5358644],[99.9000105,13.5356358],[99.8998986,13.5355045],[99.8998559,13.5354106],[99.8998517,13.535294],[99.8998783,13.5352037],[99.8999357,13.5351132],[99.9003536,13.5348832],[99.9005629,13.5347456],[99.9008135,13.5345261],[99.9009325,13.5343682],[99.901036,13.5341938],[99.9012097,13.5337933],[99.9013332,13.5333727],[99.9013739,13.5331156],[99.9013809,13.5327769],[99.9013631,13.532467],[99.9012485,13.531933],[99.901205,13.5314476],[99.9012494,13.5310599],[99.901373,13.5306556],[99.9015215,13.5302349],[99.9020383,13.5291067],[99.902093,13.5289579],[99.9021602,13.5284801],[99.9022471,13.5280475],[99.9038284,13.5269213],[99.9040402,13.5266998],[99.9043348,13.5263406],[99.9047196,13.5258166],[99.9050657,13.5251057],[99.9051661,13.5247823],[99.9052506,13.5244244],[99.9052604,13.523768],[99.9045959,13.5198396],[99.9045151,13.519207],[99.9045277,13.5188853],[99.9046001,13.5185427],[99.9046608,13.5183803],[99.9048073,13.5181515],[99.9050252,13.5179926],[99.9062516,13.5174537],[99.9071996,13.5172899],[99.9078596,13.5172683],[99.9083956,13.5173507],[99.9088917,13.5173777],[99.9090824,13.5173688],[99.9095014,13.5173183],[99.9099005,13.5172059],[99.9102644,13.5170354],[99.9107538,13.5167473],[99.9109563,13.5165572],[99.9111041,13.5163122],[99.9112673,13.5159881],[99.9115009,13.5153551],[99.9116206,13.5146992],[99.9117387,13.5137132],[99.9118827,13.5131003],[99.9120145,13.5127075],[99.9122194,13.5123001],[99.913208,13.5108063],[99.9142074,13.5114117],[99.9153119,13.5118771],[99.9166245,13.5123317],[99.9191263,13.5128753],[99.919211,13.5125778],[99.919338,13.5123392],[99.9194711,13.5121998],[99.9209749,13.5127758],[99.9222469,13.5134316],[99.9230813,13.5139257],[99.9250489,13.5150959],[99.9253318,13.5151994],[99.9254269,13.5150193],[99.9256655,13.5141265],[99.9264077,13.5131542],[99.9272761,13.5119289],[99.9280148,13.5111175],[99.9283272,13.5099797],[99.9287422,13.5090709],[99.9291067,13.5083884],[99.9322454,13.5042782],[99.9323489,13.5044118],[99.9328868,13.505002],[99.9331785,13.5051846],[99.9334145,13.5044649],[99.9338233,13.5038702],[99.9340555,13.5033249],[99.9340722,13.5031295],[99.9340987,13.5029546],[99.9340798,13.5025467],[99.9341388,13.5023879],[99.9342937,13.5024343],[99.9344952,13.5024428],[99.936807,13.5024101],[99.9394522,13.5024404],[99.9400063,13.5024105],[99.9406319,13.5023047],[99.940659,13.5025041],[99.940884,13.5030405],[99.9446515,13.5023161],[99.9458005,13.5022054],[99.9475367,13.5025649],[99.9497681,13.5025372],[99.9521275,13.502247],[99.9560929,13.5017771],[99.9566614,13.5001325],[99.9567325,13.4994692],[99.9566756,13.4989302],[99.9554391,13.4978107],[99.9551833,13.4974394],[99.9554977,13.4973994],[99.955601,13.4973835],[99.9557162,13.4973519],[99.9557996,13.4973322],[99.9558988,13.4972812],[99.9559424,13.4972616],[99.9560098,13.4971952],[99.9561283,13.497008],[99.9561602,13.4969608],[99.9561837,13.4969373],[99.9562392,13.4968947],[99.9562788,13.4968673],[99.9563304,13.4968438],[99.9563661,13.4968242],[99.9564316,13.4968138],[99.9565261,13.4967966],[99.9566515,13.4967825],[99.9567588,13.4967821],[99.956871,13.4967864],[99.9570428,13.4968184],[99.9571575,13.4968553],[99.9573271,13.4969177],[99.9574466,13.4969733],[99.9575446,13.4970172],[99.9576258,13.4970426],[99.9577189,13.4970586],[99.9578573,13.4970791],[99.9579957,13.4970832],[99.9580864,13.4970805],[99.9581817,13.4970685],[99.9583581,13.4970281],[99.9585144,13.496984],[99.9585565,13.4969702],[99.9588556,13.496872],[99.9588656,13.4968675],[99.9589799,13.496832],[99.959028,13.4968191],[99.959043,13.4968151],[99.9590867,13.4968033],[99.9591361,13.4968015],[99.9591682,13.496803],[99.9592098,13.4968108],[99.9592444,13.4968238],[99.9592686,13.4968379],[99.9594504,13.4969493],[99.9594835,13.4969656],[99.9595914,13.4970188],[99.9597204,13.4970673],[99.9598996,13.4971506],[99.9600024,13.4971876],[99.9601385,13.4972338],[99.9602508,13.4972777],[99.9603249,13.4973124],[99.9604027,13.4973549],[99.9604523,13.4973831],[99.9604913,13.4974024],[99.960555,13.4974237],[99.9606883,13.4974601],[99.9606937,13.4974337],[99.9607976,13.4970831],[99.9609924,13.4964981],[99.9609972,13.4964775],[99.9610078,13.4964326],[99.9610633,13.4961953],[99.9612304,13.4956443],[99.9615064,13.4950354],[99.9615643,13.4948759],[99.961783,13.4942738],[99.9619258,13.4939233],[99.9620022,13.4937355],[99.9620249,13.4936936],[99.9622765,13.4931958],[99.9625037,13.4926964],[99.9626125,13.4924572],[99.9630051,13.4915552],[99.9631529,13.4911353],[99.9633383,13.4906924],[99.9635065,13.4902904],[99.9637289,13.489716],[99.9639193,13.4894048],[99.964276,13.4889416],[99.96458,13.4885145],[99.9647822,13.4882077],[99.9652603,13.4875373],[99.9655274,13.4870467],[99.9659,13.4864962],[99.9662482,13.4859458],[99.9664425,13.4856587],[99.9665698,13.4855042],[99.966598,13.4855891],[99.9666043,13.4856807],[99.9666103,13.4861621],[99.9666181,13.4862022],[99.9666367,13.4862276],[99.9666731,13.4862528],[99.9667263,13.4862651],[99.9667788,13.4862583],[99.966906,13.4862291],[99.9675356,13.4860122],[99.9676947,13.4859574],[99.9677905,13.4859596],[99.9678579,13.4859695],[99.9679435,13.4860071],[99.9681409,13.4861534],[99.9682215,13.4862341],[99.9682581,13.4863151],[99.9682713,13.4863809],[99.9682715,13.4864316],[99.9682614,13.4864925],[99.968223,13.4866016],[99.9680916,13.4868764],[99.9680458,13.4869722],[99.9680306,13.4870458],[99.9680294,13.4870693],[99.9680258,13.4871396],[99.9680262,13.487246],[99.9680395,13.4873321],[99.9680683,13.487408],[99.9684567,13.4880451],[99.9688085,13.4886038],[99.9688217,13.4886646],[99.9688194,13.4887431],[99.9688043,13.4888446],[99.9687833,13.4889127],[99.968766,13.4889689],[99.9687437,13.4890382],[99.9685921,13.4895119],[99.9684526,13.4902524],[99.9684477,13.4903233],[99.968456,13.4904551],[99.9684692,13.4905158],[99.9684761,13.4905332],[99.9684823,13.4905487],[99.9685588,13.4905672],[99.9686427,13.4905605],[99.9690681,13.4905266],[99.9698863,13.4904613],[99.9711373,13.4903616],[99.971226,13.4903545],[99.9731614,13.4902002],[99.9732891,13.490193],[99.9734591,13.4901447],[99.9737237,13.4900697],[99.9738341,13.4900659],[99.9738895,13.4900825],[99.9739414,13.4901229],[99.9739658,13.4901904],[99.9739627,13.4902715],[99.973939,13.4903695],[99.9738909,13.4904441],[99.9735468,13.4907225],[99.9735193,13.490753],[99.9735091,13.4908037],[99.9735231,13.490851],[99.9735613,13.4908947],[99.9736616,13.4909484],[99.9739107,13.4910556],[99.9741946,13.4912538],[99.9754029,13.4920634],[99.9765658,13.4927482],[99.9778777,13.4935776],[99.9787915,13.4941451],[99.9792625,13.4944744],[99.9805301,13.4954324],[99.9820571,13.496511],[99.9837535,13.4976194],[99.9848578,13.4982946],[99.9854116,13.4986332],[99.986451,13.4992832],[99.9873563,13.4998626],[99.9885524,13.5005844],[99.9891994,13.5010113],[99.9898326,13.5013601],[99.9898849,13.5029901],[99.9897206,13.5033265],[99.9889571,13.5042444],[99.9903216,13.5050755],[99.9916754,13.5025405],[99.9924911,13.5036151],[99.9929554,13.5031946],[99.9933017,13.5036692],[99.995786,13.5019629],[99.9964889,13.5030707],[99.9990923,13.5009265],[99.9995487,13.5016723],[99.9998609,13.5021961],[100.0004257,13.5031268],[100.0012062,13.5043918],[100.0016986,13.5052477],[100.0019229,13.5056169],[100.0024193,13.5064341],[100.0026813,13.5068426],[100.002824,13.5070651],[100.0029999,13.5073395],[100.0034951,13.5081828],[100.0043363,13.5095251],[100.0047183,13.5100943],[100.0053339,13.5110753],[100.005535,13.5114083],[100.006,13.5121778],[100.0065796,13.5130506],[100.007499,13.5145156],[100.0083452,13.5158926],[100.0085583,13.5162317],[100.0085996,13.5162492],[100.0086358,13.5162618],[100.0086657,13.5162647],[100.0086922,13.5162547],[100.0087412,13.516219],[100.0088068,13.5161618],[100.0089623,13.5160506],[100.009098,13.5159532],[100.0092422,13.5158947],[100.0095635,13.5158696],[100.0095792,13.5158637],[100.0096708,13.5158562],[100.0097294,13.5158308],[100.0098099,13.5157839],[100.0099269,13.5156973],[100.0101169,13.515553],[100.0102265,13.5154485],[100.0103177,13.5153297],[100.0103905,13.5151967],[100.0104379,13.5150714],[100.010593,13.5148133],[100.0106068,13.514798],[100.0106818,13.5147111],[100.0107584,13.5146103],[100.0108204,13.5145311],[100.0108494,13.51447],[100.0108558,13.5144448],[100.0108603,13.5144269],[100.0108709,13.5143407],[100.0108994,13.514154],[100.0109146,13.5140631],[100.0109353,13.5139529],[100.0109461,13.5139027],[100.0109598,13.5138409],[100.0109676,13.5138251],[100.0109823,13.5137985],[100.0110005,13.5137733],[100.0110298,13.513748],[100.0110737,13.5137263],[100.0110979,13.5137196],[100.0111396,13.5137081],[100.0112534,13.5136758],[100.0112903,13.5136663],[100.0113473,13.5136516],[100.011363,13.5136475],[100.0115967,13.5135995],[100.011625,13.5135936],[100.0116672,13.5135912],[100.0117405,13.5135945],[100.0118358,13.5135761],[100.011898,13.51354],[100.0119314,13.5135174],[100.0119706,13.5134653],[100.011993,13.5134234],[100.0120111,13.5133626],[100.0120025,13.5133174],[100.0118571,13.5130108],[100.0116203,13.5123849],[100.0116159,13.5123585],[100.0116192,13.512332],[100.0116302,13.5123015],[100.0116414,13.5122787],[100.0116642,13.5122593],[100.0117025,13.5122397],[100.0117251,13.5122272],[100.0118022,13.5121923],[100.01185,13.5121719],[100.0119516,13.5121582],[100.0120427,13.5121462],[100.0120806,13.5121333],[100.0121377,13.5120993],[100.0124076,13.5119182],[100.0124706,13.5118766],[100.0126947,13.5117284],[100.0127947,13.5116961],[100.0128955,13.5117016],[100.013031,13.5117064],[100.0131623,13.5116924],[100.0134173,13.5116684],[100.0135408,13.511647],[100.0136252,13.5116113],[100.0137055,13.5115605],[100.0138006,13.5114755],[100.0140803,13.5111258],[100.0142436,13.51096],[100.0143852,13.5108778],[100.0145077,13.5108072],[100.0146606,13.5107021],[100.0147597,13.5106206],[100.0148864,13.5105651],[100.0152984,13.5104471],[100.0158303,13.5103191],[100.0158724,13.5102956],[100.0159221,13.5102606],[100.0159716,13.510218],[100.0160513,13.5101294],[100.0163735,13.5097598],[100.016391,13.5097476],[100.0164808,13.509696],[100.016548,13.5096558],[100.0167112,13.5096415],[100.0168825,13.5096545],[100.016937,13.5096792],[100.0173742,13.5098771],[100.0174768,13.5099028],[100.017607,13.5098946],[100.0177086,13.5098704],[100.0179332,13.5097495],[100.0182992,13.5096092],[100.0183785,13.5096076],[100.0184692,13.5096057],[100.0186446,13.5096525],[100.0188168,13.5096984],[100.0189187,13.5096908],[100.0190147,13.5096722],[100.0190768,13.5096543],[100.0191495,13.5095975],[100.0192332,13.5095238],[100.0194048,13.5092877],[100.0195496,13.5091407],[100.019568,13.509122],[100.0195886,13.5091012],[100.0196276,13.5090811],[100.0196659,13.5090614],[100.0196784,13.509055],[100.019803,13.509034],[100.0200516,13.508992],[100.020142,13.5089736],[100.0202431,13.5089161],[100.0203942,13.5088022],[100.0206729,13.5085251],[100.0209524,13.5082922],[100.0215586,13.5079252],[100.0222367,13.5075676],[100.022328,13.5075117],[100.0224576,13.5074345],[100.0225291,13.5073925],[100.0225567,13.5073809],[100.0225827,13.507366],[100.0226699,13.507335],[100.0227264,13.5073154],[100.0227661,13.5073017],[100.0228484,13.5072834],[100.0228869,13.5072749],[100.0229595,13.5072625],[100.0231891,13.5072233],[100.0234062,13.5071939],[100.0234185,13.507191],[100.0234802,13.5071763],[100.0235158,13.5071628],[100.0235384,13.5071488],[100.0235538,13.5071429],[100.0236901,13.5070634],[100.0238465,13.5069751],[100.0239671,13.5068935],[100.024081,13.5068229],[100.0241682,13.5067722],[100.024286,13.5067037],[100.0245822,13.506834],[100.0252741,13.5071639],[100.0272571,13.5080837],[100.0291313,13.5087752],[100.0292755,13.5089666],[100.0296023,13.5091773],[100.029695,13.5095993],[100.0295873,13.5099794],[100.0294341,13.5100806],[100.0289042,13.510258],[100.0287289,13.5104787],[100.0287276,13.5108458],[100.0290416,13.5112224],[100.029025,13.5115106],[100.0289536,13.5118207],[100.0288867,13.5119223],[100.0288547,13.5120421],[100.0288755,13.5127914],[100.028733,13.5132175],[100.0285802,13.5133971],[100.0283504,13.5135541],[100.0281756,13.5135999],[100.0279449,13.5136207],[100.0278627,13.5137338],[100.0277702,13.5141333],[100.0276898,13.5143976],[100.027717,13.5146474],[100.0277668,13.5148282],[100.0278533,13.514946],[100.0278994,13.5150757],[100.0278955,13.5151668],[100.027895,13.5152799],[100.027847,13.5153146],[100.0277427,13.5153543],[100.0277212,13.515402],[100.027727,13.5155725],[100.0276817,13.5156606],[100.0276643,13.5158011],[100.0275197,13.516102],[100.0271812,13.5166084],[100.0271893,13.516772],[100.0277179,13.517153],[100.0276935,13.5173899],[100.0274882,13.5175654],[100.0274478,13.5177271],[100.0273366,13.5179197],[100.0269943,13.5179579],[100.0269136,13.518212],[100.0270027,13.5184249],[100.0271902,13.5186354],[100.0277679,13.5190089],[100.0279278,13.5191263],[100.02807,13.5192469],[100.0281069,13.519488],[100.0280234,13.5196947],[100.0279544,13.5200216],[100.0279789,13.5203084],[100.028062,13.5204638],[100.0283176,13.5204754],[100.0290009,13.520924],[100.0292164,13.5212845],[100.029432,13.5214179],[100.0296689,13.5214201],[100.030245,13.521067],[100.0304848,13.5209364],[100.0307653,13.5209366],[100.0310363,13.5208277],[100.0312418,13.5208413],[100.0313866,13.5209277],[100.0316679,13.5215191],[100.0319987,13.5217884],[100.0324472,13.5227248],[100.0327613,13.522973],[100.0327822,13.523245],[100.0325325,13.5234553],[100.0320069,13.5236414],[100.0319677,13.5238486],[100.032098,13.5244288],[100.0320548,13.5246787],[100.0318558,13.5248009],[100.0314656,13.5248336],[100.0313365,13.5249128],[100.031248,13.5251883],[100.0313968,13.5255451],[100.0312553,13.5257264],[100.0305103,13.5255868],[100.0303316,13.5257224],[100.0300094,13.5265183],[100.029564,13.5268902],[100.0294866,13.5270557],[100.0295433,13.527246],[100.0294654,13.5274983],[100.0289855,13.5280709],[100.0289516,13.5283202],[100.0290208,13.528757],[100.0291093,13.5289057],[100.0296723,13.5291743],[100.0299478,13.5295514],[100.0301987,13.5299106],[100.0304109,13.5304254],[100.0306063,13.5306348],[100.0308519,13.5307215],[100.0310513,13.5307603],[100.0311928,13.5309368],[100.0312357,13.5311133],[100.0313117,13.5312799],[100.0314338,13.5313925],[100.0324713,13.5316954],[100.0336047,13.5318223],[100.0340493,13.5320326],[100.0351773,13.5334403],[100.0357491,13.5338712],[100.036703,13.534338],[100.038787,13.5351881],[100.0396741,13.5362165],[100.0399528,13.536824],[100.0400651,13.5381024],[100.0403249,13.5387984],[100.0409261,13.5401179],[100.0425195,13.5406926],[100.0438559,13.5410269],[100.0439348,13.5414032],[100.0433172,13.5427415],[100.0429311,13.5443954],[100.0430295,13.5455742],[100.0427723,13.5468211],[100.041979,13.5478764],[100.0415705,13.5481945],[100.0417433,13.5500298],[100.0427963,13.5499724],[100.0447347,13.5507006],[100.0443934,13.5512476],[100.0435066,13.5522944],[100.0411383,13.5567244],[100.0407871,13.5569043],[100.0397059,13.5592101],[100.0389413,13.5610389],[100.0386513,13.5609387],[100.0387887,13.5618795],[100.0388608,13.5634185],[100.0384246,13.5644626],[100.0396145,13.5648752],[100.0391197,13.5662663],[100.0388531,13.5662164],[100.0378189,13.570302],[100.0392343,13.5706233],[100.0389893,13.5713798],[100.0387802,13.572037],[100.0384925,13.5728988],[100.0382827,13.5738224],[100.0404084,13.5743132],[100.039557,13.57729],[100.0389458,13.577167],[100.038719,13.5794941],[100.0385032,13.5794877],[100.0382017,13.5802393],[100.0383389,13.5802829],[100.0369089,13.583587],[100.0371425,13.583647],[100.036997,13.5843146],[100.0407873,13.584999],[100.0402567,13.5881312],[100.0405624,13.5881822],[100.0402534,13.5905682],[100.0402126,13.5917155],[100.0402652,13.5930172],[100.0426669,13.5936543],[100.0429005,13.593813],[100.0431901,13.5941714],[100.0432696,13.5945115],[100.0432213,13.5947518],[100.0426495,13.5957782],[100.0417224,13.5971598],[100.0413235,13.5980815],[100.0412803,13.5999595],[100.0410581,13.6004071],[100.0400853,13.6014604],[100.0391246,13.6027336],[100.0388298,13.6033959],[100.0385976,13.6039006],[100.0384127,13.6041985],[100.0383433,13.6043104],[100.038258,13.6044018],[100.0381612,13.6045055],[100.0378197,13.6048802],[100.0374558,13.6052169],[100.0369811,13.6056828],[100.0365391,13.6060508],[100.0362239,13.6063688],[100.035889,13.6068171],[100.035722,13.6069603],[100.0355714,13.6071142],[100.035539,13.6071411],[100.0353371,13.6073089],[100.0352518,13.6073747],[100.0350944,13.6074907],[100.0349223,13.6076066],[100.0349017,13.6076163],[100.0345783,13.607769],[100.0344191,13.6078401],[100.034334,13.6078735],[100.0340989,13.6079802],[100.0340025,13.6080165],[100.0339108,13.6080574],[100.0338072,13.6081303],[100.0336848,13.608217],[100.033574,13.6083059],[100.0334585,13.6084063],[100.0333147,13.6085296],[100.0331324,13.6087005],[100.0331173,13.6087208],[100.0330535,13.6088407],[100.0329389,13.6091313],[100.0329038,13.6092717],[100.032906,13.6094658],[100.0328765,13.6098138],[100.0328835,13.6100564],[100.0328497,13.6102789],[100.0328479,13.6102904],[100.0328446,13.6103009],[100.0327921,13.6104675],[100.0327232,13.6105642],[100.032489,13.6108508],[100.0322928,13.6111329],[100.0319945,13.6115231],[100.0316848,13.61192],[100.0316223,13.6119999],[100.031445,13.6122121],[100.0311095,13.6126138],[100.0310531,13.6126625],[100.0310103,13.6127017],[100.0307984,13.6130958],[100.030757,13.6132825],[100.0307669,13.6142761],[100.0307583,13.6154485],[100.0307997,13.615931],[100.0308077,13.6162761],[100.0306329,13.6168516],[100.0306217,13.616999],[100.0306516,13.6171265],[100.0307188,13.6173078],[100.0307966,13.6174455],[100.0309248,13.6177377],[100.0309541,13.6179557],[100.0309387,13.6182271],[100.030914,13.6182937],[100.0307803,13.6183773],[100.0304239,13.6186699],[100.0290502,13.6182393],[100.0280942,13.617988],[100.0279776,13.6179885],[100.0279166,13.6180105],[100.0278502,13.618065],[100.0278003,13.6180761],[100.0276447,13.618055],[100.0273303,13.6179809],[100.0264762,13.6178468],[100.0261501,13.6178114],[100.0245363,13.617467],[100.0244463,13.6179507],[100.023952,13.6201096],[100.0236767,13.6215309],[100.023398,13.622761],[100.0226257,13.6271699],[100.0209527,13.6355496],[100.0202979,13.6355111],[100.0198457,13.6355033],[100.0195213,13.6355191],[100.0192365,13.6355923],[100.0189031,13.6357812],[100.0187301,13.6359211],[100.0186932,13.6359268],[100.0186591,13.635913],[100.0186362,13.635877],[100.0186303,13.6358298],[100.018647,13.6357492],[100.0190184,13.6345039],[100.0192231,13.6336625],[100.0194247,13.63301],[100.0194617,13.6328062],[100.0187152,13.6328745],[100.0183744,13.6328676],[100.017971,13.632822],[100.0178347,13.6328364],[100.0174347,13.6329242],[100.0172615,13.6329388],[100.0166053,13.6328859],[100.0161083,13.6328657],[100.0157759,13.6328227],[100.0154177,13.6327325],[100.0150423,13.6325951],[100.0147293,13.6324409],[100.0144871,13.6322641],[100.0142789,13.6320511],[100.0139675,13.6316108],[100.0138335,13.631467],[100.0134773,13.6311935],[100.0130672,13.6309035],[100.0128338,13.6307684],[100.0124838,13.6306115],[100.0119606,13.6304387],[100.0113437,13.6302746],[100.0109739,13.6301372],[100.0108202,13.6300434],[100.0106292,13.6298664],[100.010464,13.6297449],[100.0102706,13.6296707],[100.0101285,13.629638],[100.0099552,13.6296331],[100.0095211,13.6297099],[100.0092882,13.6296997],[100.006896,13.6294067],[100.0055263,13.6291817],[100.0054099,13.6291794],[100.0053787,13.629199],[100.0052828,13.629341],[100.0051327,13.6295241],[100.004806,13.6298612],[100.0044695,13.6302723],[100.0042687,13.6305447],[100.0040381,13.6309307],[100.0038173,13.6312328],[100.0036615,13.6313964],[100.0032271,13.6317381],[100.0031032,13.6318621],[100.0026683,13.6324169],[100.0024077,13.6328171],[100.0022141,13.6332597],[100.0019941,13.6338204],[100.0015905,13.6348977],[100.001485,13.6352246],[100.0014795,13.6352916],[100.0015089,13.6353523],[100.0020054,13.6355669],[100.0020288,13.6355877],[100.002027,13.6356315],[100.0015096,13.6369126],[100.0014516,13.6369642],[100.0013389,13.6369779],[100.0013022,13.6370161],[100.0009673,13.6378024],[100.000958,13.6378955],[100.00097,13.6379867],[100.0008911,13.6381638],[100.0006734,13.6386037],[100.0006579,13.6386266],[100.0005551,13.638665],[100.0003525,13.6390193],[100.000341,13.6390535],[100.0003529,13.6391067],[100.0004211,13.6391597],[100.0004271,13.6391824],[100.0004081,13.6392832],[100.0001524,13.6399476],[99.9998637,13.6406082],[99.999773,13.6407625],[99.9996954,13.6408104],[99.9996118,13.6408012],[99.999456,13.6407106],[99.998453,13.6403114],[99.9976575,13.6400503],[99.9975674,13.6400426],[99.9975022,13.640099],[99.9962635,13.6435077],[99.9932055,13.6426933],[99.9923776,13.6425124],[99.9910256,13.6423256],[99.986296,13.6414444],[99.9854266,13.6441593],[99.9854024,13.6441878],[99.985373,13.6441961],[99.9841305,13.6438765],[99.9823379,13.6435519],[99.9811762,13.6432823],[99.9803486,13.6431211],[99.9802618,13.6431461],[99.9802228,13.6432011],[99.9800506,13.6435883],[99.9799532,13.6437669],[99.9799196,13.6437808],[99.9798663,13.6437755],[99.979364,13.6436486],[99.9790412,13.6435512],[99.9789992,13.6435541],[99.9789461,13.6436009],[99.97883,13.6439852],[99.9787544,13.6440129],[99.9784153,13.6439599],[99.9780512,13.6439343],[99.9763455,13.6436121],[99.9754832,13.6433903],[99.9745792,13.6431235],[99.9744345,13.6431008],[99.9731234,13.6430977],[99.972368,13.6431142],[99.9715755,13.6430722],[99.9708611,13.6429849],[99.9707599,13.6430078],[99.9706496,13.6430713],[99.9705529,13.6430852],[99.9704469,13.6430721],[99.9702209,13.6429964],[99.9696395,13.6427509],[99.969584,13.6427151],[99.9695471,13.6426472],[99.9697286,13.642224],[99.9697612,13.6421062],[99.969738,13.6420568],[99.9686398,13.6416015],[99.9684827,13.641485],[99.9683719,13.6414269],[99.9664469,13.640817],[99.9661113,13.6406798],[99.9656059,13.6404554],[99.9645813,13.6399559],[99.9632761,13.6394027],[99.9626042,13.6390556],[99.9629555,13.6380165],[99.9636902,13.6359445],[99.9641172,13.634645],[99.9644252,13.6338475],[99.9647482,13.6331815],[99.9651924,13.6322092],[99.9654992,13.6313839],[99.9655099,13.6312788],[99.9654915,13.6311526],[99.9654259,13.6309575],[99.9653267,13.6307857],[99.9651317,13.6305102],[99.9644919,13.6298007],[99.9641266,13.6294758],[99.9628941,13.6284868],[99.9627646,13.6283242],[99.9626881,13.6281761],[99.9626421,13.6280354],[99.9626296,13.6278562],[99.9626551,13.6277425],[99.9627985,13.6273451],[99.9628433,13.6271743],[99.9628351,13.6270186],[99.9627222,13.6266144],[99.9626652,13.6262554],[99.9626566,13.6259959],[99.9627677,13.6253428],[99.962804,13.6249422],[99.9628033,13.6247791],[99.96278,13.6246382],[99.9627439,13.6245289],[99.9627101,13.6242327],[99.9628229,13.6220786],[99.9627911,13.6219166],[99.9619742,13.6201779],[99.961827,13.6199172],[99.960132,13.6196652],[99.9589431,13.619544],[99.9558331,13.6189901],[99.9528346,13.6182969],[99.9509004,13.6179641],[99.9494423,13.6177502],[99.9484094,13.6175507],[99.9484792,13.6214772],[99.9455288,13.6229381],[99.944296,13.6237759],[99.944162,13.6238543],[99.9439934,13.6239107],[99.9437869,13.6239445],[99.9437111,13.6239736],[99.9434143,13.6241439],[99.942941,13.6244717],[99.9424554,13.6248696],[99.9423942,13.6248678],[99.9423561,13.624837],[99.9419684,13.6244011],[99.941903,13.6243869],[99.9418335,13.624416],[99.9407933,13.625406],[99.9407153,13.6254063],[99.9406688,13.6253756],[99.9404019,13.625096],[99.9403407,13.625088],[99.9403091,13.6251026],[99.940267,13.6251337],[99.9387884,13.6267174],[99.9385958,13.6265675],[99.9383528,13.6264364],[99.9381922,13.626371],[99.9373996,13.62703],[99.9365011,13.6260977],[99.9360212,13.62652],[99.9356976,13.6268287],[99.9355599,13.6269407],[99.9355116,13.6269544],[99.9354494,13.6269445],[99.9341234,13.6253513],[99.9340715,13.6253346],[99.9340336,13.625355],[99.9331627,13.6261591],[99.9329463,13.6264741],[99.9329119,13.6265148],[99.9328843,13.6265216],[99.9328116,13.6264915],[99.9319684,13.6255283],[99.9319314,13.6255176],[99.9318828,13.6255352],[99.9312067,13.6260375],[99.931173,13.6260303],[99.9311267,13.6259764],[99.930819,13.6254776],[99.9306915,13.6255268],[99.929431,13.6268345],[99.9290509,13.6272844],[99.9286191,13.6278731],[99.9279751,13.6284988],[99.9271694,13.6293215],[99.9268074,13.6290117],[99.9266697,13.628922],[99.9265972,13.6289324],[99.9265179,13.6289833],[99.9261331,13.6295152],[99.925882,13.6298034],[99.925844,13.6298137],[99.9257818,13.6297902],[99.9254044,13.6295889],[99.9253734,13.6295958],[99.9253493,13.6296229],[99.9251507,13.6300865],[99.9247046,13.6307878],[99.9246972,13.630874],[99.9243696,13.6312502],[99.9240937,13.6315959],[99.9238406,13.6318198],[99.9236932,13.6318964],[99.9229428,13.6321475],[99.9226996,13.6322599],[99.9215903,13.6328418],[99.9215178,13.6328573],[99.9213829,13.6328122],[99.9212457,13.6328456],[99.9199282,13.633461],[99.919775,13.6335209],[99.9195446,13.633563],[99.9190272,13.6335759],[99.9188892,13.6335517],[99.9187568,13.6334724],[99.9187004,13.6334506],[99.9186414,13.6334481],[99.9185627,13.6334704],[99.9184757,13.6335174],[99.9182289,13.6336916],[99.9181138,13.6337608],[99.9180296,13.6337914],[99.9179453,13.6338082],[99.917844,13.6338031],[99.9176329,13.6337626],[99.9175457,13.6337657],[99.9174277,13.6337854],[99.9172507,13.6338465],[99.9172086,13.6338494],[99.9171719,13.6338276],[99.9169884,13.6336357],[99.916977,13.6336055],[99.9170269,13.6330934],[99.9170265,13.6329819],[99.9169914,13.6328469],[99.9169179,13.6327743],[99.9168714,13.6327668],[99.9164351,13.6328253],[99.9158498,13.6327508],[99.9148372,13.6327263],[99.9146375,13.6327057],[99.9142682,13.6326272],[99.9138566,13.6325003],[99.9132926,13.6322658],[99.9124311,13.6319379],[99.9114621,13.6316714],[99.9113778,13.6316799],[99.9113483,13.6316986],[99.9112898,13.631835],[99.9112086,13.6321138],[99.9111624,13.6321717],[99.911116,13.6321801],[99.9109661,13.6321332],[99.910328,13.6318694],[99.9100957,13.631796],[99.9100198,13.6317963],[99.9099694,13.6318501],[99.9098171,13.6322963],[99.9097092,13.6327485],[99.9096903,13.6327712],[99.9096448,13.6327979],[99.9090734,13.63283],[99.9089052,13.6328621],[99.9083835,13.6332333],[99.9079082,13.6328812],[99.9065499,13.6318275],[99.9062314,13.6316574],[99.906065,13.6315094],[99.9058337,13.6312579],[99.9055938,13.6311462],[99.9051642,13.6308279],[99.9047121,13.6303804],[99.904225,13.6297636],[99.9039873,13.6293145],[99.903758,13.6286484],[99.9036844,13.6283101],[99.903663,13.6281333],[99.9037196,13.626713],[99.9039538,13.624258],[99.9039231,13.6236728],[99.9038976,13.6234667],[99.9038675,13.6233455],[99.9036271,13.6228603],[99.9033177,13.6220151],[99.9032739,13.6219595],[99.9031641,13.6218681],[99.9028713,13.6216677],[99.9026491,13.6215282],[99.9018365,13.6210682],[99.901438,13.6208086],[99.9010111,13.6204284],[99.9007691,13.6201726],[99.9006589,13.6199918],[99.900638,13.6199816],[99.9004477,13.6200002],[99.9004006,13.61999],[99.900364,13.6199418],[99.9003402,13.6198501],[99.9003265,13.6196767],[99.9003039,13.6195951],[99.9002186,13.6195938],[99.8995015,13.6196759],[99.8992801,13.6196734],[99.8989803,13.6196398],[99.8989267,13.6196257],[99.8988548,13.619581],[99.8986762,13.6193739],[99.8981152,13.6184198],[99.8980395,13.6182585],[99.8979293,13.6179537],[99.8978675,13.6176885],[99.8978158,13.6166358],[99.8977618,13.6159903],[99.8976697,13.6154677],[99.8971566,13.6142053],[99.8971367,13.614181],[99.8970695,13.6141731],[99.8970492,13.6141414],[99.8966181,13.6129581],[99.8970427,13.6128028],[99.8970938,13.6127651],[99.8971305,13.6127107],[99.8971644,13.6125982],[99.8971718,13.6125484],[99.8971569,13.6124309],[99.8969487,13.6118218],[99.8968882,13.6117323],[99.8967887,13.6116729],[99.896672,13.6116433],[99.8961497,13.6115851],[99.8960206,13.6115315],[99.8959528,13.6114777],[99.8958726,13.6113699],[99.8953579,13.6100682],[99.8952839,13.6099724],[99.89521,13.6099246],[99.8951178,13.6099069],[99.8948908,13.6099678],[99.8927262,13.6108526],[99.8926283,13.610931],[99.892445,13.6111779],[99.892399,13.6112191],[99.8923224,13.6112384],[99.892267,13.6112206],[99.8910055,13.6090838],[99.8909417,13.6090363],[99.8908719,13.6090361],[99.8890468,13.609923]]]}},{"type":"Feature","id":"relation/18934453","properties":{"name_th":"อำเภอวัดเพลง","name_en":"Wat Phleng District"},"geometry":{"type":"Polygon","coordinates":[[[99.8892365,13.4700861],[99.8887662,13.4703078],[99.8876135,13.4706243],[99.8867961,13.4708755],[99.8855461,13.4714485],[99.8850561,13.4717226],[99.8846479,13.4719963],[99.8843542,13.4722617],[99.8838489,13.4728241],[99.8829359,13.4737884],[99.8812391,13.4752761],[99.8803946,13.4759233],[99.8800146,13.4761213],[99.8796306,13.4762829],[99.8783387,13.4765997],[99.8779381,13.4767213],[99.8774724,13.4769312],[99.8767618,13.4773101],[99.8752836,13.4781642],[99.8728827,13.4796062],[99.8716743,13.4803873],[99.8710134,13.4809182],[99.8707442,13.4811755],[99.8705161,13.4814566],[99.8703372,13.4817856],[99.8699635,13.4825477],[99.8691326,13.4836159],[99.868578,13.4841544],[99.8684069,13.4843712],[99.8675946,13.486048],[99.8671146,13.4868586],[99.8667482,13.4873644],[99.8664467,13.4877339],[99.8655166,13.4885541],[99.8653454,13.4887308],[99.8652233,13.4889155],[99.8643305,13.4909849],[99.8641354,13.4913701],[99.8637851,13.4918118],[99.8633037,13.4922379],[99.8628058,13.4926161],[99.8625526,13.4927451],[99.8621362,13.4930269],[99.8606399,13.4947457],[99.8603745,13.4944211],[99.8601937,13.4942876],[99.8601138,13.4942498],[99.8599145,13.4941869],[99.8596068,13.4941506],[99.8592837,13.4941552],[99.85885,13.4942392],[99.8584952,13.4943782],[99.8582426,13.4945281],[99.8581657,13.4945996],[99.8580499,13.4947497],[99.8577933,13.4952158],[99.8577278,13.4952617],[99.8575936,13.4952625],[99.8574242,13.4952286],[99.8559602,13.4945638],[99.8558215,13.4944631],[99.8555362,13.4941163],[99.8551123,13.4936986],[99.8543305,13.4930113],[99.8532669,13.4921297],[99.8531618,13.4920546],[99.8529619,13.4919483],[99.8526205,13.4918027],[99.852184,13.4915276],[99.8520862,13.491488],[99.8517801,13.4914092],[99.850859,13.4912698],[99.8500878,13.4911113],[99.8486439,13.4910079],[99.8483918,13.4909674],[99.847759,13.4908113],[99.8471993,13.4907177],[99.8461692,13.4906242],[99.84578,13.4905571],[99.8456475,13.4905618],[99.8454262,13.4906054],[99.8453184,13.4906],[99.8450778,13.490541],[99.8448456,13.4903607],[99.8444959,13.490322],[99.8442113,13.4901832],[99.8441837,13.4901876],[99.8441488,13.4902186],[99.8438856,13.4905865],[99.8437289,13.4905839],[99.8432832,13.4904942],[99.8431382,13.4904913],[99.8428082,13.4905321],[99.8426964,13.4904954],[99.8426379,13.4904555],[99.8421955,13.4900303],[99.8418497,13.4897875],[99.8414997,13.4897168],[99.8414243,13.4896672],[99.841409,13.4896309],[99.8414141,13.4895924],[99.8415455,13.489232],[99.8415443,13.4892017],[99.8414929,13.4891421],[99.8414436,13.4891294],[99.8411225,13.4891338],[99.8409221,13.4890973],[99.840677,13.4891117],[99.8405977,13.489139],[99.8403393,13.4892953],[99.8401565,13.4893567],[99.8400771,13.4893637],[99.8396382,13.4892638],[99.8394822,13.4892523],[99.8427588,13.4747402],[99.8426918,13.4746541],[99.8424647,13.4741298],[99.8420238,13.473255],[99.8416886,13.4726937],[99.8413917,13.4722379],[99.8413161,13.4720858],[99.841056,13.4714588],[99.8409948,13.4714219],[99.8405631,13.4714367],[99.8403252,13.4713963],[99.8401622,13.4713529],[99.8403886,13.4697183],[99.8404663,13.468932],[99.8404742,13.4682776],[99.8404098,13.4678397],[99.8399829,13.4658151],[99.8396205,13.4642643],[99.8395979,13.4640667],[99.8395666,13.4630803],[99.8395852,13.4621295],[99.8395799,13.461869],[99.8400557,13.4617043],[99.8416319,13.4614028],[99.84291,13.4609345],[99.8429329,13.4608984],[99.8430283,13.4605557],[99.8430834,13.4605059],[99.8433596,13.4605185],[99.8436683,13.4605986],[99.8438525,13.460607],[99.8439306,13.4605752],[99.8443762,13.4603214],[99.8446199,13.460244],[99.8446474,13.4602123],[99.8446271,13.4597294],[99.844984,13.4586857],[99.8458538,13.4568927],[99.846005,13.4562812],[99.8461001,13.455284],[99.8460919,13.4529686],[99.8461339,13.4524433],[99.846198,13.4519928],[99.846269,13.4517909],[99.8463133,13.4517254],[99.8466125,13.4515091],[99.8478263,13.4509797],[99.8496853,13.4502017],[99.8513807,13.4496064],[99.8528489,13.4491836],[99.8534104,13.4490358],[99.8541297,13.4488966],[99.8547764,13.4487246],[99.856877,13.4482435],[99.8577436,13.4480252],[99.8584215,13.447886],[99.8587758,13.4477682],[99.8587964,13.4477301],[99.8587937,13.4477124],[99.8586016,13.4475661],[99.8585262,13.4474827],[99.8584741,13.4473942],[99.8576328,13.4454901],[99.8574663,13.4452727],[99.8568693,13.4441065],[99.8565613,13.4434183],[99.8557401,13.4417744],[99.8553218,13.4408635],[99.8551567,13.4403209],[99.8548214,13.4398018],[99.8545337,13.4391712],[99.8543021,13.438784],[99.8541359,13.4384577],[99.8531796,13.4363535],[99.8521716,13.4358479],[99.8498661,13.4351384],[99.8478835,13.4343867],[99.8464276,13.4337244],[99.8456179,13.4325504],[99.8442293,13.4307958],[99.8429119,13.4290318],[99.8425026,13.4283658],[99.842264,13.4279026],[99.8421445,13.427613],[99.8421199,13.4274036],[99.8426606,13.425047],[99.8431076,13.4229747],[99.8433365,13.4220257],[99.8434443,13.4213833],[99.8435384,13.4203471],[99.8435636,13.4180842],[99.8434971,13.4180365],[99.8428803,13.4180216],[99.8418614,13.41793],[99.8414282,13.4179043],[99.8403093,13.4177544],[99.840251,13.4177302],[99.8401954,13.417668],[99.840156,13.417508],[99.8401198,13.417443],[99.8400142,13.4173647],[99.839867,13.4173001],[99.8398448,13.4172784],[99.8398419,13.417254],[99.8399104,13.4170178],[99.8399124,13.4168034],[99.8398923,13.4165891],[99.8398613,13.4164454],[99.8398655,13.4160628],[99.8398964,13.4153654],[99.8399594,13.414784],[99.8400644,13.4121736],[99.8402132,13.410782],[99.8405406,13.4092145],[99.841534,13.4062303],[99.8429735,13.40571],[99.844879,13.4051773],[99.8455824,13.4049994],[99.846491,13.4049212],[99.8473232,13.404931],[99.8479252,13.4050292],[99.848694,13.4052396],[99.8499628,13.4056615],[99.8505785,13.4060228],[99.851392,13.4065774],[99.8515849,13.407521],[99.85188,13.4074946],[99.8520876,13.4075034],[99.852597,13.4075525],[99.8526238,13.4075639],[99.8526336,13.4075853],[99.8526299,13.4092785],[99.8526726,13.4096713],[99.8527165,13.4096974],[99.8529574,13.4097204],[99.8529842,13.4097346],[99.8530014,13.4097678],[99.8530088,13.4098107],[99.8529501,13.4104086],[99.8529533,13.4106087],[99.8529631,13.4106277],[99.8530872,13.4106392],[99.8531432,13.4106676],[99.8532,13.4109007],[99.8532269,13.4109364],[99.8532635,13.4109624],[99.8536163,13.4110041],[99.8538012,13.4109892],[99.8538158,13.4110058],[99.8538479,13.4118249],[99.8538908,13.4122439],[99.8539941,13.4125698],[99.8541657,13.413213],[99.8543537,13.4142948],[99.8544066,13.4145709],[99.8544248,13.4146011],[99.8544717,13.4146214],[99.8548864,13.4145026],[99.855149,13.4144509],[99.8557099,13.4143728],[99.8561023,13.4143682],[99.8563848,13.4144435],[99.8569104,13.4144862],[99.8570985,13.4144728],[99.8580127,13.4143364],[99.8580387,13.4143553],[99.8580518,13.4143902],[99.8580495,13.4146569],[99.8580738,13.4150919],[99.8581237,13.4154505],[99.8582026,13.4157551],[99.858602,13.4167793],[99.8587759,13.4173407],[99.8588269,13.4174138],[99.8604011,13.41746],[99.8610038,13.4175254],[99.8625541,13.4178167],[99.8630054,13.4178893],[99.8708674,13.4193788],[99.8741437,13.4199742],[99.8763188,13.4204013],[99.8763501,13.4203806],[99.8763856,13.4201247],[99.8763853,13.4200535],[99.876317,13.4196237],[99.8762947,13.4195901],[99.8762326,13.4195736],[99.8761549,13.4195836],[99.8759861,13.4196411],[99.8759407,13.4196346],[99.8759237,13.4196182],[99.8758422,13.4191032],[99.8758667,13.4190688],[99.8774124,13.4185655],[99.8776575,13.4184969],[99.8777916,13.4184388],[99.8779664,13.4183184],[99.8783583,13.4179661],[99.8787897,13.4177183],[99.8793579,13.417472],[99.8808419,13.4169447],[99.8815498,13.4167483],[99.8817721,13.4167055],[99.8820439,13.4166149],[99.882234,13.4165462],[99.882508,13.4164127],[99.8827567,13.4163545],[99.8830713,13.4163319],[99.8833074,13.4162822],[99.8834332,13.4162625],[99.8836213,13.4160789],[99.8839205,13.4165191],[99.8839457,13.4168127],[99.8840591,13.4170726],[99.8843557,13.4174409],[99.8848437,13.4184471],[99.8849615,13.4189524],[99.8850149,13.4195193],[99.8854517,13.4198959],[99.8855656,13.4201128],[99.8855533,13.4206084],[99.8856393,13.4208003],[99.8859718,13.4210941],[99.8864519,13.4220413],[99.8871499,13.4236065],[99.8881367,13.425392],[99.8882207,13.4257676],[99.8886593,13.4262998],[99.8891257,13.4271294],[99.8891757,13.4278338],[99.889764,13.4285173],[99.8904113,13.4298948],[99.8902978,13.4299902],[99.8900558,13.4301083],[99.8900364,13.4302253],[99.890384,13.4307996],[99.8904837,13.4314355],[99.890644,13.4316055],[99.8910123,13.4316627],[99.8914073,13.4325293],[99.8911963,13.434652],[99.8913988,13.4352974],[99.8916182,13.4355455],[99.8918051,13.4356873],[99.8919089,13.4358971],[99.8917932,13.4365521],[99.8918178,13.4372652],[99.8915794,13.437854],[99.8911823,13.4380422],[99.8911332,13.4386442],[99.8910166,13.4391302],[99.8910518,13.4397979],[99.8911346,13.4402544],[99.8914298,13.4411447],[99.8914815,13.4417828],[99.891383,13.4420981],[99.8911397,13.4423225],[99.8908585,13.4424079],[99.8905531,13.4425425],[99.8904886,13.4426799],[99.8905815,13.4443097],[99.8907618,13.4447703],[99.8910469,13.445147],[99.8912937,13.4456121],[99.8912632,13.4461132],[99.8910848,13.4463715],[99.8907539,13.4466073],[99.8905859,13.4467743],[99.8905622,13.4469323],[99.8905845,13.4471419],[99.8907384,13.4475588],[99.890694,13.447811],[99.8904526,13.4481146],[99.8903621,13.4482698],[99.890363,13.4485181],[99.8909277,13.449235],[99.8899249,13.4501804],[99.888737,13.4516435],[99.8882266,13.4524737],[99.8877826,13.4534071],[99.887599,13.4540492],[99.8874945,13.4549966],[99.8875377,13.4561947],[99.8875738,13.4564887],[99.8879107,13.4572451],[99.8883503,13.4579924],[99.8893376,13.4598171],[99.8901845,13.4616674],[99.8906811,13.4628388],[99.8910907,13.4642213],[99.8911989,13.4651393],[99.8911026,13.4663311],[99.8908141,13.4674752],[99.8903739,13.4686172],[99.8898746,13.4693125],[99.8892365,13.4700861]]]}},{"type":"Feature","id":"relation/18934531","properties":{"name_th":"อำเภอเมืองราชบุรี","name_en":"Mueang Ratchaburi District"},"geometry":{"type":"Polygon","coordinates":[[[99.913208,13.5108063],[99.9122194,13.5123001],[99.9120145,13.5127075],[99.9118827,13.5131003],[99.9117387,13.5137132],[99.9116206,13.5146992],[99.9115009,13.5153551],[99.9112673,13.5159881],[99.9111041,13.5163122],[99.9109563,13.5165572],[99.9107538,13.5167473],[99.9102644,13.5170354],[99.9099005,13.5172059],[99.9095014,13.5173183],[99.9090824,13.5173688],[99.9088917,13.5173777],[99.9083956,13.5173507],[99.9078596,13.5172683],[99.9071996,13.5172899],[99.9062516,13.5174537],[99.9050252,13.5179926],[99.9048073,13.5181515],[99.9046608,13.5183803],[99.9046001,13.5185427],[99.9045277,13.5188853],[99.9045151,13.519207],[99.9045959,13.5198396],[99.9052604,13.523768],[99.9052506,13.5244244],[99.9051661,13.5247823],[99.9050657,13.5251057],[99.9047196,13.5258166],[99.9043348,13.5263406],[99.9040402,13.5266998],[99.9038284,13.5269213],[99.9022471,13.5280475],[99.9021602,13.5284801],[99.902093,13.5289579],[99.9020383,13.5291067],[99.9015215,13.5302349],[99.901373,13.5306556],[99.9012494,13.5310599],[99.901205,13.5314476],[99.9012485,13.531933],[99.9013631,13.532467],[99.9013809,13.5327769],[99.9013739,13.5331156],[99.9013332,13.5333727],[99.9012097,13.5337933],[99.901036,13.5341938],[99.9009325,13.5343682],[99.9008135,13.5345261],[99.9005629,13.5347456],[99.9003536,13.5348832],[99.8999357,13.5351132],[99.8998783,13.5352037],[99.8998517,13.535294],[99.8998559,13.5354106],[99.8998986,13.5355045],[99.9000105,13.5356358],[99.9002613,13.5358644],[99.9005928,13.5361078],[99.9010435,13.5364813],[99.9011174,13.536599],[99.9011355,13.536714],[99.9011205,13.5368189],[99.9010518,13.5369586],[99.9009462,13.5370674],[99.900772,13.5371658],[99.9004597,13.5372495],[99.9000172,13.5373164],[99.8997985,13.5373887],[99.8996627,13.5374901],[99.8996306,13.5375535],[99.8996221,13.5376369],[99.8996197,13.5377807],[99.8996347,13.537867],[99.8997004,13.5379861],[99.8998536,13.5381595],[99.9000333,13.5383056],[99.9001452,13.5383713],[99.900466,13.5384737],[99.9011693,13.5386582],[99.9014011,13.5387625],[99.9014513,13.5388001],[99.9016056,13.5389988],[99.9016652,13.5392172],[99.9016567,13.5392978],[99.9016161,13.5394446],[99.901576,13.5395283],[99.9013624,13.5398484],[99.9011288,13.5401248],[99.901025,13.5402203],[99.9008023,13.5403593],[99.9005583,13.5404623],[99.9002328,13.5405656],[99.8999036,13.5405667],[99.8997405,13.54061],[99.899659,13.54065],[99.8995957,13.5407017],[99.899564,13.5407482],[99.8995482,13.540805],[99.8995588,13.5408825],[99.8996115,13.5409754],[99.8996748,13.5410477],[99.89987,13.5411663],[99.9004154,13.5414191],[99.9006508,13.5414902],[99.9015241,13.5416431],[99.9017982,13.5417305],[99.9019543,13.5418019],[99.902041,13.5418616],[99.9021692,13.5420319],[99.9022429,13.5422022],[99.9022586,13.5423933],[99.9022281,13.5425723],[99.9021665,13.5427387],[99.9020229,13.5429846],[99.9018799,13.5431367],[99.9017832,13.5432147],[99.9015368,13.5433479],[99.9014342,13.5434259],[99.9012908,13.5435932],[99.9011505,13.5440504],[99.9009956,13.5447054],[99.9009751,13.5448685],[99.9009787,13.5450382],[99.9009998,13.5451675],[99.9010734,13.5453612],[99.9015246,13.5460045],[99.9019565,13.5464216],[99.9021251,13.5464936],[99.9023565,13.5465299],[99.9026729,13.5464889],[99.9032105,13.5463144],[99.9034689,13.5462503],[99.9035848,13.5462553],[99.9036796,13.546281],[99.9037323,13.5463171],[99.9038082,13.5464014],[99.9038517,13.5465189],[99.9038796,13.5466674],[99.9039281,13.5472599],[99.9039877,13.5477081],[99.9040707,13.5481129],[99.9041386,13.5485763],[99.9041185,13.5488486],[99.9040783,13.5490221],[99.9038531,13.5493867],[99.9038218,13.5494935],[99.9038116,13.54959],[99.9038226,13.5497104],[99.9038654,13.549848],[99.9040138,13.5500059],[99.9042397,13.5501806],[99.9053229,13.5509101],[99.9054394,13.5510233],[99.9055154,13.5511202],[99.9056384,13.5513809],[99.9056993,13.5517216],[99.9057683,13.5527598],[99.9058352,13.553031],[99.9059873,13.5533994],[99.9061342,13.5536923],[99.9061995,13.5538574],[99.9062375,13.5540865],[99.9062044,13.5542728],[99.906095,13.5546244],[99.9059752,13.5548895],[99.9059217,13.554971],[99.9058608,13.5551484],[99.9058494,13.5552583],[99.9058552,13.5554927],[99.9059058,13.5559423],[99.9059012,13.5560093],[99.9058575,13.5561003],[99.9058431,13.5561722],[99.9058482,13.55622],[99.9058727,13.5562486],[99.9061635,13.5563775],[99.9063905,13.556569],[99.9064714,13.5566577],[99.9065108,13.5567293],[99.9065158,13.5568486],[99.9064915,13.5569162],[99.9061491,13.5574813],[99.9061495,13.5575339],[99.9061832,13.5575838],[99.9064327,13.5577856],[99.9066729,13.5579091],[99.9066884,13.5579291],[99.9067041,13.5579741],[99.9066968,13.5581929],[99.9067168,13.558272],[99.9068106,13.5584643],[99.9070122,13.5590498],[99.9070787,13.55916],[99.907115,13.5591667],[99.9074815,13.5591152],[99.9075806,13.5591292],[99.9080011,13.5592384],[99.9080408,13.5593273],[99.9080422,13.5593742],[99.9080008,13.559504],[99.9080053,13.5595601],[99.9080636,13.5596639],[99.9082415,13.5598513],[99.9083027,13.559959],[99.9083252,13.5601096],[99.9082899,13.5602557],[99.9082045,13.5603322],[99.9081643,13.5604212],[99.9081494,13.5606521],[99.9081789,13.5608176],[99.9081866,13.5609658],[99.9081564,13.5610468],[99.9080908,13.5611275],[99.9079913,13.5612046],[99.9076739,13.5612616],[99.9075093,13.5613689],[99.9072026,13.561677],[99.9064491,13.5622174],[99.9062213,13.5624066],[99.9061187,13.5625288],[99.9060736,13.5626494],[99.9061054,13.5628111],[99.9061061,13.5629005],[99.9060588,13.5630962],[99.9058755,13.5635445],[99.9058606,13.5637106],[99.9058289,13.5637453],[99.9057549,13.5637836],[99.9056281,13.5638222],[99.9052148,13.5638892],[99.9050806,13.5638931],[99.9049958,13.5638762],[99.9049286,13.5638418],[99.9047905,13.5637054],[99.9047221,13.5635852],[99.904597,13.5632844],[99.9045364,13.5632054],[99.9044324,13.5631204],[99.9043327,13.5630704],[99.9041139,13.5630366],[99.9038197,13.5630265],[99.903571,13.5630795],[99.9034213,13.5631631],[99.9033546,13.5632203],[99.9028927,13.5635071],[99.9027133,13.563684],[99.9026341,13.5638304],[99.9025521,13.5640301],[99.9025279,13.5641684],[99.9025604,13.5643549],[99.902554,13.564545],[99.9024419,13.5647873],[99.9023434,13.5648913],[99.9022516,13.5649497],[99.9020698,13.5649753],[99.9020123,13.564955],[99.9019385,13.5648974],[99.90169,13.5645851],[99.9014087,13.5642836],[99.901212,13.5642096],[99.9010955,13.5641922],[99.9009827,13.5641926],[99.9008228,13.5642323],[99.9007174,13.5642754],[99.9006631,13.5643504],[99.9006271,13.5644466],[99.9006459,13.5645996],[99.9006752,13.5646422],[99.900748,13.5646814],[99.9009446,13.5646544],[99.9010092,13.56468],[99.9010321,13.5647058],[99.90114,13.5649903],[99.9011906,13.5651974],[99.9012054,13.5653556],[99.9011373,13.5656299],[99.9010975,13.5656906],[99.901054,13.565737],[99.9008163,13.5658401],[99.9007825,13.5658847],[99.9007452,13.5659775],[99.9007537,13.5661035],[99.9008304,13.5662624],[99.9008857,13.5665431],[99.9008582,13.5667652],[99.900812,13.5668686],[99.9007337,13.5669808],[99.9004575,13.5672861],[99.9002941,13.5673787],[99.8998998,13.5675614],[99.8997803,13.567648],[99.8997309,13.5677085],[99.8997285,13.5677916],[99.8997703,13.5679233],[99.8998094,13.5682745],[99.8998034,13.5686223],[99.8997568,13.5687573],[99.8996212,13.5688477],[99.8995069,13.5688397],[99.8994099,13.5687829],[99.8990589,13.5684147],[99.8988734,13.5682813],[99.8987679,13.5682717],[99.8986014,13.5682956],[99.8985582,13.5683143],[99.8984289,13.5684037],[99.8984087,13.5684525],[99.8984459,13.5687822],[99.8985028,13.5689855],[99.8985651,13.5691114],[99.8985091,13.5695392],[99.8984835,13.5696685],[99.8984603,13.5697145],[99.8983638,13.569738],[99.8980969,13.569705],[99.897608,13.5697994],[99.8974793,13.5698431],[99.8973918,13.5699153],[99.8972698,13.5700968],[99.8972557,13.5702002],[99.8972799,13.5703008],[99.8973332,13.5704179],[99.8974426,13.5705752],[99.8975839,13.5706836],[99.8977226,13.5708264],[99.8979305,13.5712761],[99.8981117,13.5714316],[99.8982797,13.5714745],[99.8985334,13.5715097],[99.8987799,13.5715887],[99.8989932,13.5717081],[99.8991244,13.571817],[99.8991815,13.5718905],[99.8992581,13.5722152],[99.8993262,13.5723755],[99.8995585,13.5726232],[99.8999453,13.5729642],[99.9000614,13.573044],[99.9000879,13.5731023],[99.900077,13.5731462],[99.8997998,13.5735387],[99.8996042,13.5738687],[99.8993454,13.574232],[99.8991613,13.5746133],[99.8990993,13.574833],[99.8991037,13.5749427],[99.8991376,13.5750011],[99.8993456,13.5752338],[99.8994059,13.5753815],[99.8994178,13.5756398],[99.8993666,13.5758047],[99.8992215,13.5760788],[99.8990479,13.5762788],[99.8987332,13.5767724],[99.8986636,13.5768566],[99.8983069,13.57712],[99.8981756,13.5772411],[99.8980442,13.5773254],[99.8978553,13.577403],[99.8977992,13.5774447],[99.8977623,13.5775011],[99.8977038,13.5776889],[99.8975285,13.5779198],[99.8975072,13.5780344],[99.8976659,13.5790368],[99.8976771,13.5791571],[99.8976702,13.5793281],[99.8976951,13.5794306],[99.8978405,13.5796656],[99.8978994,13.5798194],[99.8979904,13.5805461],[99.8980713,13.5808929],[99.8981085,13.5810074],[99.8984301,13.5813959],[99.8986437,13.5817846],[99.8987301,13.5820409],[99.8987343,13.5823425],[99.8987559,13.5823817],[99.8988023,13.5824148],[99.8988325,13.5825195],[99.8985968,13.5827612],[99.8984555,13.5828492],[99.898314,13.5828901],[99.8977913,13.5828864],[99.8977033,13.5828599],[99.8976003,13.5826823],[99.897547,13.5826618],[99.8974952,13.5826645],[99.8969418,13.5828536],[99.8966383,13.5828877],[99.8965138,13.5828727],[99.8962915,13.5827943],[99.8961902,13.5827727],[99.896008,13.5827733],[99.8957495,13.5828248],[99.8953453,13.5827533],[99.8950422,13.5827443],[99.8948843,13.5827676],[99.8943123,13.582904],[99.8941232,13.5829123],[99.8937578,13.5828933],[99.8936906,13.5829138],[99.8933933,13.5830771],[99.8932509,13.5831105],[99.8926963,13.5830593],[99.8924115,13.5830762],[99.8922928,13.5830656],[99.8922177,13.5830281],[99.8921862,13.5829851],[99.8920803,13.582559],[99.8920406,13.5824809],[99.8917606,13.5822289],[99.8915398,13.5820701],[99.8913125,13.5819537],[99.8912716,13.5819196],[99.8912489,13.5818658],[99.8912348,13.581544],[99.8910031,13.5813273],[99.8906164,13.5807927],[99.890375,13.5805285],[99.8900138,13.5801948],[99.8896977,13.5796972],[99.8896274,13.579612],[99.8895456,13.5795647],[99.889427,13.5795472],[99.8891556,13.5795793],[99.8887715,13.5796549],[99.8884421,13.5797541],[99.8883779,13.5797937],[99.8882322,13.5799705],[99.8881658,13.5800115],[99.8881074,13.5800264],[99.887992,13.5800052],[99.8877936,13.5798724],[99.8876438,13.5798577],[99.8875729,13.5798987],[99.8876351,13.5803849],[99.8877167,13.5807752],[99.887848,13.581228],[99.8877702,13.581465],[99.8876845,13.5823191],[99.8875258,13.5832922],[99.8873578,13.5844698],[99.887184,13.5851121],[99.8871926,13.5854017],[99.8872339,13.5855904],[99.8872564,13.5856088],[99.887624,13.5855245],[99.8876677,13.585544],[99.887715,13.5856554],[99.8878603,13.5859141],[99.8882716,13.5864574],[99.8885214,13.5868766],[99.8886831,13.5870696],[99.8888045,13.5872497],[99.8888655,13.5873905],[99.8889232,13.5875938],[99.8891084,13.5889745],[99.8891667,13.5893376],[99.8893178,13.5900594],[99.8895224,13.5904371],[99.8897108,13.5906566],[99.8900064,13.5908812],[99.8898713,13.5910261],[99.8897881,13.5911903],[99.8896946,13.5917918],[99.8895434,13.5919055],[99.8894517,13.5919371],[99.889344,13.5919414],[99.889276,13.5919065],[99.8890674,13.5916184],[99.8889394,13.5915408],[99.8885681,13.5914757],[99.8881849,13.5914381],[99.887498,13.5912883],[99.8867113,13.5911502],[99.8867865,13.5928658],[99.8866652,13.5928489],[99.8858912,13.5928457],[99.8848672,13.5931067],[99.8838068,13.5933471],[99.8834143,13.5934904],[99.8833751,13.5935438],[99.8833693,13.5935941],[99.8834038,13.5939252],[99.883397,13.5940454],[99.8829361,13.595094],[99.8828705,13.5951386],[99.8828364,13.5951387],[99.8820031,13.5948533],[99.8818943,13.5948559],[99.8818445,13.5948849],[99.8817836,13.5949628],[99.8817793,13.595016],[99.8821143,13.5973262],[99.8820586,13.5973855],[99.8813831,13.597541],[99.8813288,13.5975628],[99.8813102,13.5975878],[99.881285,13.5976728],[99.8815474,13.5992796],[99.881514,13.5993115],[99.8810648,13.5993818],[99.8810347,13.5994072],[99.881032,13.599436],[99.8810357,13.5994858],[99.8812498,13.6001555],[99.8813625,13.6005662],[99.881411,13.6017306],[99.881579,13.6071198],[99.8815951,13.6071685],[99.8816224,13.6071995],[99.8866013,13.6071843],[99.8881753,13.6071963],[99.8882249,13.607222],[99.8883244,13.607831],[99.8890468,13.609923],[99.887772,13.6107852],[99.8872609,13.611094],[99.8858594,13.6118292],[99.8841577,13.6125243],[99.8835955,13.6127372],[99.8834783,13.6127788],[99.8829141,13.6128748],[99.8824913,13.613043],[99.8823562,13.6131142],[99.8823017,13.6131651],[99.8822877,13.6132258],[99.8823265,13.6133751],[99.8823077,13.6134078],[99.8816824,13.6137066],[99.8814519,13.6138487],[99.8813819,13.6138514],[99.8813354,13.6138324],[99.8811898,13.6136885],[99.8811401,13.6136737],[99.8810958,13.6136862],[99.8808328,13.6140014],[99.8804495,13.6145234],[99.8798715,13.6152247],[99.8798777,13.6152652],[99.8803256,13.6155464],[99.8803399,13.615581],[99.8803198,13.6156236],[99.8801434,13.6157686],[99.8799598,13.615881],[99.8792568,13.616373],[99.8784054,13.6169444],[99.8783934,13.6169787],[99.8784178,13.6170181],[99.8787816,13.6173491],[99.8791359,13.61763],[99.8794213,13.6179033],[99.879816,13.6181867],[99.880167,13.6184914],[99.880616,13.6189555],[99.8807765,13.6191455],[99.8808761,13.6192858],[99.8809902,13.6194869],[99.8810823,13.6196044],[99.8811508,13.6196516],[99.8812572,13.6196384],[99.8812853,13.619648],[99.8819748,13.6203785],[99.8819973,13.6204259],[99.8819469,13.6204894],[99.8815752,13.6208143],[99.8811329,13.621116],[99.8806143,13.6215046],[99.8801195,13.6218532],[99.8786924,13.6228021],[99.8786401,13.6228643],[99.8786336,13.6229408],[99.8786582,13.6230119],[99.8789441,13.6234262],[99.8790768,13.623584],[99.8793304,13.6239799],[99.8799126,13.624833],[99.8799212,13.6248905],[99.8796909,13.6250957],[99.8792498,13.625449],[99.8791947,13.625468],[99.8790461,13.6254404],[99.8790006,13.6254569],[99.8788883,13.6255652],[99.8786565,13.6257465],[99.8776382,13.626472],[99.8770449,13.6267671],[99.8770244,13.6267905],[99.8770166,13.6268774],[99.877036,13.6269336],[99.8778946,13.6282597],[99.8787196,13.6293211],[99.8787365,13.6293586],[99.8787319,13.6293938],[99.8786674,13.6294596],[99.8774222,13.6304087],[99.8764521,13.631202],[99.8761268,13.6309205],[99.8753943,13.6304039],[99.8750876,13.6301578],[99.8747021,13.6297348],[99.8746237,13.6296191],[99.874303,13.6289914],[99.8740643,13.6285893],[99.8731978,13.6271852],[99.8722908,13.6258087],[99.8714201,13.6241298],[99.8711492,13.623705],[99.8710742,13.6235517],[99.8709835,13.6232387],[99.8704333,13.6222713],[99.8703674,13.6221769],[99.8699727,13.6217845],[99.8698535,13.621608],[99.8698011,13.6214273],[99.8697495,13.6208919],[99.8697009,13.6206945],[99.8695606,13.620408],[99.8693459,13.6201041],[99.8676758,13.6182026],[99.8675542,13.6180226],[99.8672796,13.61745],[99.8672373,13.6172973],[99.8672193,13.616927],[99.8671853,13.616744],[99.8671222,13.6165611],[99.8670385,13.6164311],[99.8669634,13.61635],[99.8666295,13.6160988],[99.8664564,13.6159371],[99.8664123,13.6158676],[99.8661527,13.6153032],[99.8658305,13.6149295],[99.8658048,13.614883],[99.8657238,13.6146479],[99.8656763,13.6139447],[99.8656005,13.6137005],[99.8655359,13.6135974],[99.8654626,13.6135056],[99.8652957,13.6133759],[99.8645238,13.6129434],[99.864431,13.6128533],[99.8643419,13.6127336],[99.8640077,13.6119862],[99.8639142,13.6118558],[99.8636748,13.6116572],[99.8633187,13.611473],[99.8631192,13.6114082],[99.8625808,13.6113395],[99.8622923,13.6113459],[99.8614794,13.6114556],[99.8613846,13.6114577],[99.8612672,13.6114442],[99.8609343,13.6113108],[99.8607769,13.6113242],[99.8600624,13.6118292],[99.8600103,13.6119439],[99.8598873,13.6123111],[99.8596987,13.61254],[99.8596131,13.6126062],[99.8594466,13.6127031],[99.8589654,13.6128283],[99.8588506,13.6129082],[99.8586925,13.6130817],[99.858598,13.6131567],[99.8584692,13.6132344],[99.8581012,13.6134134],[99.8577107,13.6135577],[99.8574157,13.6136462],[99.8572311,13.6136799],[99.8566502,13.6137429],[99.8560317,13.61383],[99.8553898,13.6139842],[99.8546526,13.6140189],[99.854496,13.61404],[99.8543987,13.6140855],[99.8543738,13.6141152],[99.8542802,13.6144516],[99.8542606,13.6144929],[99.85422,13.6145226],[99.8541252,13.61455],[99.854012,13.6145568],[99.8539274,13.6145552],[99.8536392,13.6144989],[99.8535313,13.6145108],[99.8534754,13.6145427],[99.8534358,13.6145897],[99.8533924,13.6147148],[99.8533568,13.6153585],[99.8533163,13.6154381],[99.8531205,13.6156494],[99.8525675,13.6156639],[99.8522848,13.6156833],[99.8520437,13.6157174],[99.8514971,13.6157487],[99.8512974,13.6157517],[99.8507539,13.6157185],[99.8499339,13.6158154],[99.8477775,13.6158604],[99.8450377,13.6158107],[99.8428401,13.6157369],[99.8428278,13.6160813],[99.8428013,13.616218],[99.8427523,13.6163538],[99.8425183,13.6168048],[99.8424554,13.6168563],[99.8420334,13.6170203],[99.8416192,13.6171315],[99.8406785,13.6173188],[99.8400343,13.6174148],[99.8399112,13.6173887],[99.8397135,13.6172867],[99.8394379,13.6171725],[99.8388834,13.6170292],[99.8384716,13.6167685],[99.8379693,13.6165082],[99.8377072,13.6163993],[99.8376267,13.6163399],[99.8375355,13.6162439],[99.8372318,13.6157878],[99.8371433,13.6156005],[99.8368163,13.6150375],[99.8365955,13.614518],[99.836525,13.61448],[99.8364155,13.6144957],[99.8361577,13.6145807],[99.8361108,13.6145809],[99.8358905,13.6142297],[99.8353515,13.6144075],[99.8346795,13.614601],[99.8344252,13.6146344],[99.8340473,13.6146068],[99.8338114,13.614604],[99.8336372,13.6146188],[99.8335683,13.6146439],[99.8333008,13.614975],[99.8331995,13.6150676],[99.8330437,13.6151569],[99.8329205,13.6152141],[99.8325577,13.6152935],[99.8323072,13.6152943],[99.8320856,13.6152311],[99.8318677,13.6151048],[99.8318145,13.6150197],[99.8318004,13.6149634],[99.8317379,13.6144227],[99.8317014,13.6143803],[99.8304005,13.6140082],[99.8299901,13.6139563],[99.8296884,13.6138508],[99.8293065,13.6136355],[99.8289238,13.6132142],[99.8284936,13.6126689],[99.8284105,13.6139927],[99.8278391,13.6139678],[99.8269332,13.6139957],[99.8269194,13.613946],[99.8266591,13.6139315],[99.8248262,13.6140811],[99.8244349,13.6140882],[99.8235308,13.6140299],[99.823421,13.6145508],[99.8233314,13.6152152],[99.822083,13.615204],[99.8220601,13.6153706],[99.8220288,13.6153803],[99.8216278,13.6154103],[99.821315,13.6154841],[99.8206717,13.6156048],[99.820734,13.616108],[99.8208307,13.6174549],[99.8204941,13.617458],[99.8196119,13.6175393],[99.8187224,13.6177489],[99.8182298,13.6178998],[99.8187714,13.6194788],[99.8182006,13.6196338],[99.8173012,13.6198511],[99.8177761,13.6219432],[99.8168964,13.6222478],[99.8166686,13.6213861],[99.8160277,13.6216447],[99.8156828,13.6213514],[99.8152893,13.6214385],[99.8149177,13.6214818],[99.8147007,13.6215419],[99.8150999,13.622708],[99.8146308,13.6228454],[99.8146191,13.6228645],[99.8143611,13.6229324],[99.8143416,13.6229573],[99.814342,13.6236367],[99.8143362,13.6236769],[99.8143128,13.6237019],[99.8132869,13.624109],[99.8132204,13.6240978],[99.813008,13.6238037],[99.812961,13.6237943],[99.8128847,13.6237965],[99.8125151,13.6238609],[99.8120672,13.6239082],[99.8119773,13.6239487],[99.8118875,13.6240045],[99.811669,13.6241985],[99.8116125,13.6242638],[99.8114104,13.6246778],[99.811043,13.6250289],[99.810094,13.6261023],[99.8096387,13.62708],[99.8095784,13.6272242],[99.8095537,13.627392],[99.8095893,13.6275131],[99.810251,13.6285239],[99.8103216,13.628654],[99.8103995,13.6288928],[99.8103998,13.6290124],[99.8103683,13.6291152],[99.8103364,13.6291654],[99.8102639,13.6292539],[99.8101737,13.6293131],[99.8100211,13.6293767],[99.8081385,13.6297406],[99.8064385,13.6301745],[99.8059236,13.630361],[99.8051567,13.6307168],[99.8048869,13.630775],[99.8042153,13.6307792],[99.8037302,13.6307291],[99.8033843,13.6306739],[99.8031608,13.6306088],[99.8018599,13.6299955],[99.8013166,13.6297742],[99.8011868,13.6297441],[99.8009852,13.6297518],[99.8008052,13.6297852],[99.7994853,13.6299515],[99.7994037,13.6299471],[99.7992715,13.6298935],[99.7985544,13.629383],[99.7984519,13.6293416],[99.7983665,13.6293252],[99.7981744,13.6293383],[99.7975091,13.6294698],[99.7972657,13.6294372],[99.7970518,13.6293043],[99.7969025,13.629126],[99.7960329,13.6277411],[99.7954372,13.6265177],[99.7953992,13.6264791],[99.7953253,13.6264458],[99.7944762,13.6261474],[99.7943118,13.6259683],[99.7942574,13.6258611],[99.7941774,13.6256359],[99.7940343,13.6253722],[99.7939565,13.6252686],[99.7938536,13.6251703],[99.7937742,13.6251159],[99.7936894,13.6250792],[99.7935543,13.625062],[99.7929866,13.625114],[99.7922727,13.6250788],[99.7914561,13.6249999],[99.7909662,13.6249358],[99.7907229,13.6249271],[99.7904605,13.6249562],[99.7902751,13.6250538],[99.7890518,13.6267756],[99.7879129,13.6282597],[99.7876815,13.6284689],[99.7876215,13.6287562],[99.7875676,13.6288858],[99.7873818,13.6291553],[99.7872533,13.6292852],[99.786961,13.629536],[99.786022,13.6302472],[99.7853657,13.630692],[99.7851251,13.630917],[99.7834958,13.6327635],[99.7827381,13.6335745],[99.7826057,13.6336871],[99.782437,13.6337938],[99.7816598,13.634174],[99.7815033,13.6342807],[99.781401,13.6343755],[99.7812127,13.6346194],[99.7810167,13.634961],[99.7809147,13.6351561],[99.780849,13.6353628],[99.7808017,13.6356404],[99.7807491,13.6361599],[99.780747,13.6367178],[99.7804773,13.6367157],[99.7802505,13.6366945],[99.7790336,13.6365169],[99.7776034,13.6363333],[99.7766889,13.6361804],[99.7766653,13.6361563],[99.7766547,13.6360724],[99.7766094,13.6360578],[99.7757763,13.6360639],[99.774755,13.636101],[99.7742438,13.6360953],[99.7741889,13.6360713],[99.7741464,13.6358876],[99.7741174,13.635874],[99.772956,13.6359914],[99.770969,13.6355532],[99.7703523,13.6352735],[99.769671,13.6347985],[99.7688303,13.6344805],[99.7679664,13.6344284],[99.7671189,13.6344936],[99.766622,13.6346821],[99.7664003,13.6348335],[99.7659448,13.6357085],[99.7658296,13.6358016],[99.7657081,13.635809],[99.7654935,13.6357116],[99.7651941,13.6354449],[99.7645185,13.6346705],[99.7638621,13.63447],[99.7633273,13.6345392],[99.7617067,13.6350843],[99.7598786,13.635495],[99.7595335,13.6355129],[99.7591704,13.6353283],[99.7586165,13.6348237],[99.7575,13.6339459],[99.7568874,13.6337824],[99.7563391,13.6337382],[99.7562473,13.6337469],[99.7557315,13.6339379],[99.7551284,13.6342266],[99.7541299,13.635023],[99.7535013,13.6356911],[99.753209,13.6357793],[99.752922,13.6358119],[99.7528372,13.6358342],[99.7522335,13.6360265],[99.75171,13.6362942],[99.75063,13.636654],[99.7498419,13.6369665],[99.74965,13.6370721],[99.749513,13.6371678],[99.7494507,13.6372192],[99.7493637,13.6373343],[99.7493064,13.6373735],[99.7492041,13.6374251],[99.749052,13.6374646],[99.7488899,13.6375433],[99.7483914,13.6378378],[99.7478628,13.6380738],[99.7470798,13.6383936],[99.7469277,13.6384478],[99.7468055,13.6384734],[99.7466247,13.6384829],[99.7462728,13.6385444],[99.745594,13.6387793],[99.7449603,13.6389277],[99.7446164,13.6390899],[99.7440945,13.6393758],[99.7433968,13.6396951],[99.7431527,13.6398325],[99.7429337,13.6399893],[99.7426916,13.6401278],[99.7425105,13.6403299],[99.7423152,13.6405924],[99.7421838,13.6407276],[99.7420323,13.6409394],[99.7417936,13.6411277],[99.7413838,13.6412091],[99.7412522,13.64126],[99.740932,13.641429],[99.7402035,13.6417524],[99.7393055,13.6421845],[99.738567,13.6423231],[99.7383132,13.6423854],[99.7368673,13.6428622],[99.7353896,13.6435781],[99.7350781,13.6437597],[99.7349583,13.6436409],[99.7348904,13.6435123],[99.7348387,13.6433863],[99.7347661,13.6431389],[99.7347453,13.6430195],[99.7347579,13.642704],[99.7350083,13.6405],[99.7350339,13.6399887],[99.7350092,13.6384397],[99.7350855,13.6383639],[99.7354764,13.6381846],[99.7357341,13.6380942],[99.7362119,13.6380075],[99.736324,13.6379519],[99.7363426,13.6379322],[99.7363749,13.6378334],[99.7364738,13.6372982],[99.7365295,13.6372356],[99.7381998,13.6367509],[99.7382689,13.6366957],[99.7383054,13.6366335],[99.7383293,13.6364631],[99.7382778,13.6350441],[99.7382988,13.6349093],[99.7383502,13.6347654],[99.7383935,13.6346976],[99.7387737,13.6342462],[99.7392726,13.6336991],[99.7394436,13.6335561],[99.7396379,13.6334227],[99.7398865,13.6333202],[99.7404419,13.6331273],[99.7408475,13.6328757],[99.740947,13.632752],[99.7410006,13.6326169],[99.7410236,13.6325285],[99.7410421,13.6323228],[99.7410124,13.6319732],[99.7409539,13.6315537],[99.7408238,13.6311343],[99.7407099,13.6308886],[99.7404933,13.6306457],[99.740221,13.6304646],[99.7398629,13.6303118],[99.7394906,13.630187],[99.7389754,13.6301186],[99.7387895,13.6301191],[99.7383606,13.6302043],[99.7379888,13.6302474],[99.7378304,13.6302479],[99.7377457,13.6302302],[99.7375994,13.6301694],[99.7373999,13.6300033],[99.7372727,13.6298456],[99.7370794,13.6295482],[99.7369714,13.6293584],[99.7368119,13.6289778],[99.7366302,13.6286141],[99.7364511,13.6283762],[99.7350406,13.6268553],[99.7348954,13.6267455],[99.7346698,13.626636],[99.7344603,13.6265579],[99.7342268,13.6265114],[99.733785,13.626469],[99.7336671,13.6264411],[99.7335345,13.6263876],[99.7333652,13.6262857],[99.7332537,13.6261713],[99.7331898,13.6260782],[99.7330903,13.6258537],[99.7330222,13.6256186],[99.7330241,13.625248],[99.7332706,13.6243121],[99.7333755,13.6235459],[99.7331338,13.6216894],[99.7331119,13.6214121],[99.7331348,13.6212578],[99.7332062,13.6210397],[99.7332709,13.6209335],[99.7337198,13.6203313],[99.7337812,13.6201188],[99.7337927,13.6196624],[99.7335552,13.6185342],[99.7334824,13.6184104],[99.7331195,13.61814],[99.7329539,13.6179686],[99.7325068,13.6170044],[99.7323929,13.6168568],[99.7321928,13.6166306],[99.7319425,13.6164847],[99.7315965,13.616312],[99.7310927,13.6161976],[99.7302732,13.6161227],[99.7293352,13.6160579],[99.7289693,13.6160143],[99.7285549,13.6158961],[99.7282089,13.6157233],[99.7279405,13.6154623],[99.7278911,13.6153928],[99.7278621,13.6152898],[99.7278415,13.6150099],[99.7279392,13.614691],[99.7280966,13.6145168],[99.728333,13.614352],[99.7286977,13.6141675],[99.7301669,13.6136418],[99.7310244,13.6132531],[99.7312974,13.6130918],[99.7314257,13.6129938],[99.7316236,13.6127991],[99.7317815,13.6125334],[99.7318328,13.6123774],[99.7318615,13.6120687],[99.7318513,13.6114493],[99.7318151,13.6110796],[99.7317814,13.610894],[99.7317329,13.6107313],[99.7314321,13.61014],[99.7312545,13.6098928],[99.730975,13.6095831],[99.7309093,13.6094866],[99.7308807,13.6094321],[99.7308607,13.6092651],[99.730885,13.6091384],[99.7309239,13.6090759],[99.7311157,13.6089243],[99.7314135,13.6086412],[99.7315825,13.6084606],[99.731682,13.6083276],[99.7317854,13.6081388],[99.7319532,13.6076334],[99.73199,13.6073332],[99.7319958,13.6070427],[99.7319257,13.6057855],[99.7316036,13.6016892],[99.7311166,13.6017678],[99.7299954,13.6016127],[99.7297313,13.6015535],[99.7291888,13.6015051],[99.729216,13.6012665],[99.7292047,13.6012283],[99.7291754,13.6012089],[99.7288973,13.6011732],[99.7277685,13.6009412],[99.7274085,13.600844],[99.7267697,13.6007158],[99.7263977,13.60058],[99.7257467,13.600465],[99.7254243,13.6004545],[99.7249455,13.6004788],[99.7247353,13.6004634],[99.7244151,13.6004095],[99.7236256,13.6003706],[99.7234538,13.6003884],[99.7231102,13.6004589],[99.7229186,13.6004656],[99.7227769,13.6004394],[99.7226476,13.6003916],[99.7222538,13.6001324],[99.7219545,13.6000237],[99.7213794,13.5998471],[99.7209215,13.5998096],[99.7207813,13.5997849],[99.7206526,13.5997304],[99.7205005,13.5996326],[99.7204092,13.5995552],[99.7203414,13.5995371],[99.7199608,13.5995748],[99.7190126,13.5996072],[99.7188443,13.5995574],[99.7185092,13.5993574],[99.7179162,13.5999652],[99.7164948,13.6013801],[99.7163063,13.6015521],[99.715974,13.600945],[99.7158652,13.600649],[99.7155856,13.6008161],[99.7153958,13.6009513],[99.7152996,13.6010038],[99.7150417,13.6011083],[99.7146691,13.6013319],[99.7145571,13.6015167],[99.7145055,13.6015588],[99.7140531,13.601613],[99.7139161,13.6016599],[99.713679,13.6017746],[99.7135032,13.6018279],[99.7133802,13.6018356],[99.7131025,13.6017235],[99.7130215,13.601711],[99.7128682,13.6017188],[99.7127917,13.6017433],[99.7125644,13.6019277],[99.7121783,13.6020344],[99.7119886,13.6021152],[99.7117136,13.6021941],[99.7116738,13.6022259],[99.7115921,13.6023549],[99.7113485,13.6024749],[99.7110266,13.6027659],[99.7107256,13.602976],[99.7105326,13.6030779],[99.7103593,13.6031472],[99.7102818,13.6031751],[99.7100773,13.6032125],[99.7100186,13.6032379],[99.7095218,13.603553],[99.7092916,13.603758],[99.7091391,13.6039861],[99.7090974,13.6040135],[99.7081359,13.6043093],[99.7075505,13.6044503],[99.7074566,13.6045113],[99.7066419,13.605216],[99.7062681,13.6054885],[99.7060588,13.6056203],[99.7058998,13.6056945],[99.7052465,13.6059424],[99.7050954,13.6060168],[99.7049581,13.6061069],[99.7047444,13.6062801],[99.7039579,13.6068071],[99.7037154,13.6070457],[99.7035722,13.6071654],[99.7034063,13.6074074],[99.7032732,13.6077768],[99.7029168,13.6091638],[99.7026787,13.6096455],[99.7026094,13.6097785],[99.7025565,13.6098416],[99.702392,13.6099646],[99.7022423,13.6101117],[99.7021262,13.6103485],[99.7020123,13.6106508],[99.70197,13.6106974],[99.7018247,13.6107809],[99.701698,13.6109444],[99.7015977,13.6109938],[99.7013862,13.6110141],[99.7013348,13.6110328],[99.701308,13.6110493],[99.701162,13.6112687],[99.7010771,13.6113324],[99.7008658,13.6113899],[99.7005863,13.6115024],[99.7003156,13.6115502],[99.6999965,13.6115204],[99.6998959,13.6115328],[99.6996925,13.6116494],[99.6996142,13.6116792],[99.6995281,13.611686],[99.6993277,13.6116701],[99.6988376,13.6118614],[99.6984101,13.6119599],[99.6977283,13.6121895],[99.6973731,13.6124146],[99.6972456,13.6125132],[99.6970592,13.6126893],[99.6969403,13.6127259],[99.6968408,13.6127213],[99.6967998,13.6127011],[99.6967196,13.6126029],[99.696631,13.6124373],[99.6965831,13.6124136],[99.696526,13.6124096],[99.6962266,13.6125065],[99.6959698,13.612536],[99.695818,13.6125709],[99.6956159,13.6126421],[99.6954992,13.6126449],[99.6952675,13.6126127],[99.6951617,13.6126212],[99.6950175,13.6126774],[99.6943471,13.6130726],[99.6942758,13.6130793],[99.6942413,13.6130663],[99.6941976,13.6130221],[99.6941391,13.6128391],[99.6941018,13.612796],[99.693985,13.6127782],[99.6937197,13.6127789],[99.6936666,13.6127583],[99.6932281,13.6125027],[99.6930074,13.6123398],[99.6929304,13.6123063],[99.6927977,13.6122755],[99.6926756,13.6122784],[99.6924469,13.6123125],[99.6922758,13.612313],[99.6921384,13.6122627],[99.6920723,13.6121987],[99.6919253,13.6118682],[99.6918068,13.6116764],[99.6916762,13.6115409],[99.6914914,13.6114056],[99.6912115,13.611161],[99.6910237,13.6109732],[99.6909093,13.6108291],[99.6906839,13.6104222],[99.6906736,13.6103252],[99.6906988,13.6102608],[99.6907532,13.6102196],[99.6908416,13.6101897],[99.6909856,13.610172],[99.691282,13.6101925],[99.6917006,13.6102977],[99.6917465,13.6102935],[99.691802,13.6102661],[99.6918171,13.6102414],[99.6918305,13.6101968],[99.6918243,13.6101391],[99.6917871,13.6100693],[99.6916572,13.6099749],[99.6913725,13.6098366],[99.6913335,13.6098035],[99.6912885,13.609726],[99.6912672,13.6096224],[99.69127,13.6095363],[99.6913486,13.6092658],[99.691358,13.6091581],[99.6913182,13.609022],[99.6912758,13.6089817],[99.6912325,13.6089663],[99.6905302,13.608982],[99.6897948,13.6090775],[99.6887586,13.6091634],[99.6881118,13.6093313],[99.6875604,13.6094954],[99.6865587,13.6098795],[99.6860526,13.6098933],[99.6855782,13.6099382],[99.6854448,13.6099131],[99.6853621,13.6098667],[99.6852702,13.6097489],[99.6850109,13.6092614],[99.6848395,13.6089771],[99.6846056,13.6086319],[99.6842844,13.6083114],[99.6841538,13.6080942],[99.6839792,13.607289],[99.6839421,13.6072269],[99.6838169,13.6071846],[99.6831396,13.6071686],[99.6830565,13.6071884],[99.6830012,13.6072351],[99.6827491,13.6076987],[99.6826496,13.60793],[99.6826157,13.6079733],[99.6825699,13.6079983],[99.6823276,13.6080224],[99.6817692,13.6079715],[99.6816711,13.6079733],[99.6815302,13.6080214],[99.6812521,13.6081834],[99.6810998,13.6082547],[99.6810118,13.6082596],[99.6809254,13.6082261],[99.6808759,13.6081894],[99.6807622,13.6080646],[99.6805166,13.6076955],[99.6800261,13.6072315],[99.6796262,13.6069399],[99.6792937,13.6067338],[99.6791925,13.6067002],[99.6791079,13.6066947],[99.6790118,13.6067213],[99.678964,13.6067512],[99.6788955,13.6068257],[99.6788291,13.6069434],[99.6787286,13.6071995],[99.6785604,13.6078314],[99.6783708,13.608406],[99.6782337,13.6086587],[99.6781166,13.6087937],[99.6779878,13.6089134],[99.6777228,13.6090123],[99.6773247,13.6090708],[99.6769784,13.6090452],[99.6767791,13.6090141],[99.6765938,13.6089649],[99.6763245,13.608796],[99.6760744,13.6084934],[99.6758131,13.608029],[99.675719,13.6079273],[99.6748231,13.6074871],[99.6746974,13.6074057],[99.6745885,13.6072865],[99.6744798,13.6070965],[99.6744473,13.6069901],[99.6744127,13.6068231],[99.6743907,13.6062886],[99.6743212,13.6060366],[99.6742798,13.6059592],[99.6741914,13.6058681],[99.6737851,13.6057],[99.6726227,13.6051246],[99.6722899,13.6050815],[99.6719625,13.6051242],[99.6716354,13.6052504],[99.6712091,13.605544],[99.670769,13.6060048],[99.6702155,13.606619],[99.6698176,13.6069126],[99.6693911,13.6071087],[99.6689501,13.6072491],[99.6684376,13.6072923],[99.6664316,13.6073525],[99.6659974,13.6073053],[99.665636,13.6072448],[99.6651701,13.6072512],[99.6647829,13.6073188],[99.6644396,13.6075116],[99.6643123,13.6075556],[99.6626802,13.6080055],[99.6619789,13.6081251],[99.6618064,13.6082024],[99.6617124,13.6082999],[99.661697,13.6083973],[99.6617079,13.6085611],[99.6617867,13.6086531],[99.6619597,13.6087499],[99.6626198,13.6089069],[99.6628765,13.6089472],[99.6631858,13.6090846],[99.6633537,13.6092327],[99.6634903,13.609391],[99.6635798,13.6095649],[99.663643,13.6097286],[99.6636802,13.6099129],[99.6636598,13.6101229],[99.663603,13.6103842],[99.6634781,13.6107176],[99.6631676,13.6117072],[99.6630117,13.6119722],[99.662827,13.6121259],[99.6625283,13.6122381],[99.6605266,13.6124292],[99.6599905,13.6118221],[99.6598823,13.6116817],[99.6598244,13.6115623],[99.6597879,13.6113655],[99.6592393,13.6072745],[99.6592568,13.6072147],[99.6593231,13.6071659],[99.660298,13.6068106],[99.6604097,13.6067651],[99.6604601,13.6067098],[99.6605527,13.6058323],[99.6606174,13.605548],[99.6607745,13.6050306],[99.6609011,13.6043951],[99.6608923,13.603952],[99.6608157,13.6035681],[99.6606486,13.6031993],[99.6604821,13.6029354],[99.6603756,13.6028235],[99.6596926,13.6023254],[99.6593921,13.6020874],[99.6590817,13.601778],[99.6588392,13.6014611],[99.6587024,13.6011439],[99.6586348,13.6008653],[99.6586633,13.6005668],[99.6587328,13.6003856],[99.6588112,13.6002409],[99.6589768,13.6001063],[99.6594293,13.5999446],[99.6599973,13.5997668],[99.6611739,13.5993131],[99.6626645,13.5985206],[99.6634418,13.598072],[99.6636226,13.597928],[99.6637602,13.5977335],[99.6638542,13.5974124],[99.6638417,13.5970735],[99.6637994,13.5968495],[99.6634737,13.5958989],[99.6633132,13.5952948],[99.663204,13.594811],[99.6631873,13.5946769],[99.6631718,13.5941132],[99.6631899,13.5935476],[99.6632289,13.5933837],[99.6633292,13.5931386],[99.6634603,13.5929063],[99.6636396,13.5926438],[99.6637928,13.5924672],[99.6644017,13.5919072],[99.6644541,13.5918254],[99.6644758,13.591718],[99.6644446,13.5908778],[99.664471,13.5902207],[99.6645713,13.5898569],[99.664638,13.5895482],[99.6646933,13.5891734],[99.6646924,13.5888319],[99.6646407,13.5885804],[99.6644832,13.5882508],[99.6640316,13.5877242],[99.6631286,13.5877219],[99.663059,13.5876982],[99.6629294,13.5876905],[99.6627938,13.5877277],[99.6627317,13.5877808],[99.6626926,13.5878626],[99.6626929,13.5879641],[99.6627186,13.5880349],[99.6627344,13.5880782],[99.6629198,13.5883248],[99.6629746,13.5884485],[99.6629813,13.5885308],[99.6629568,13.5887017],[99.6628564,13.5890376],[99.6628024,13.5891362],[99.6627113,13.589251],[99.6625271,13.5893864],[99.6623651,13.5894805],[99.6621206,13.5895636],[99.6619002,13.5895962],[99.6612939,13.5896247],[99.6612458,13.5896412],[99.6611058,13.5897368],[99.6610577,13.5898038],[99.6610264,13.5899241],[99.6610295,13.5899988],[99.6611107,13.5903658],[99.6610404,13.5908803],[99.6608826,13.591434],[99.6608386,13.5915297],[99.6607874,13.5915667],[99.6603895,13.5917158],[99.6602143,13.5917396],[99.6601542,13.5917281],[99.6601027,13.5916932],[99.6598244,13.5913796],[99.6596213,13.5912812],[99.6594078,13.5912746],[99.6588998,13.5912904],[99.65862,13.5912767],[99.6584581,13.5913131],[99.6580022,13.5915376],[99.6577524,13.5917255],[99.6573845,13.5918425],[99.6572701,13.5917933],[99.6572079,13.5917294],[99.6571385,13.5915878],[99.6567329,13.5909105],[99.6566307,13.5908066],[99.6560113,13.5904697],[99.6558341,13.5902973],[99.655679,13.5901033],[99.6555385,13.5898948],[99.6553088,13.589348],[99.6550573,13.5889238],[99.6548209,13.5886291],[99.6547116,13.5883331],[99.6548661,13.5856431],[99.6548567,13.5856074],[99.6547958,13.5855736],[99.6543088,13.5855315],[99.6537601,13.5855329],[99.6534246,13.5855605],[99.6531112,13.5856213],[99.6527708,13.5856152],[99.6518771,13.5855303],[99.6506765,13.5854375],[99.6479984,13.5852601],[99.6459829,13.5850795],[99.6449071,13.5850101],[99.6435191,13.5849297],[99.6419164,13.5848639],[99.6405426,13.5847834],[99.6394637,13.5847575],[99.6381745,13.584685],[99.6378114,13.5846593],[99.6370366,13.5845685],[99.6342031,13.5843657],[99.6332847,13.5843538],[99.6247753,13.5838144],[99.6224648,13.5836841],[99.6214628,13.5836355],[99.6197006,13.5835845],[99.6180083,13.5835674],[99.6157671,13.5834927],[99.6157569,13.5828296],[99.6157875,13.5826735],[99.6158318,13.5825938],[99.6159014,13.5825367],[99.6160727,13.5824878],[99.6166835,13.5824695],[99.6167485,13.5824424],[99.6167996,13.5823749],[99.6171369,13.5810367],[99.6173551,13.5803219],[99.6179755,13.5780418],[99.6179975,13.5778686],[99.6179881,13.5778311],[99.617958,13.5777891],[99.6179149,13.5777672],[99.6175739,13.577692],[99.6173867,13.5776994],[99.6169839,13.5776216],[99.6167703,13.5775947],[99.6159544,13.5777423],[99.6151873,13.5778361],[99.6148006,13.5778669],[99.6143455,13.577886],[99.6142455,13.5778755],[99.6140517,13.577819],[99.613872,13.5777909],[99.6133897,13.5777956],[99.6142326,13.5705025],[99.6144107,13.5690953],[99.6146963,13.5666184],[99.614783,13.5659224],[99.614835,13.565623],[99.6148921,13.5654816],[99.6152244,13.5648792],[99.6152908,13.564724],[99.6153576,13.5641238],[99.6154068,13.5633413],[99.6154577,13.5631832],[99.6155087,13.5631086],[99.6156234,13.5630294],[99.6164813,13.5627097],[99.6165346,13.5626758],[99.6165806,13.5626198],[99.6165804,13.5625332],[99.6163824,13.562274],[99.616179,13.562049],[99.6161495,13.5620328],[99.6160923,13.5620366],[99.6151432,13.5622814],[99.6140962,13.5625655],[99.6140403,13.5625656],[99.6139229,13.5625249],[99.6136458,13.5623288],[99.6133518,13.5620808],[99.6132873,13.5619962],[99.6131638,13.5617724],[99.6130483,13.5614091],[99.6130227,13.5612015],[99.6130246,13.5608789],[99.6129702,13.5603461],[99.612748,13.559759],[99.6127224,13.5595951],[99.6127717,13.559215],[99.6130163,13.5578076],[99.6129021,13.5577311],[99.6125736,13.5575771],[99.6124635,13.557486],[99.6119691,13.5566635],[99.611794,13.5563008],[99.6116932,13.5559009],[99.611645,13.5558097],[99.6114384,13.5554817],[99.6113306,13.5552621],[99.6112471,13.5551857],[99.6111131,13.5551256],[99.611007,13.5551122],[99.610343,13.555123],[99.6086317,13.5547108],[99.6075669,13.5544754],[99.6070598,13.5543205],[99.6068543,13.5542367],[99.6066488,13.5541207],[99.6064888,13.5539872],[99.6062494,13.553854],[99.6060825,13.5535817],[99.6060823,13.5535116],[99.606214,13.5532389],[99.6069849,13.5517833],[99.607037,13.5516578],[99.6070477,13.5515764],[99.6070288,13.5515447],[99.6070014,13.5515367],[99.6060227,13.5516227],[99.6059392,13.5515897],[99.6059227,13.5515584],[99.6057897,13.55021],[99.6057723,13.5501858],[99.6056851,13.5501662],[99.6051426,13.550116],[99.6040239,13.5499827],[99.603795,13.549976],[99.6036669,13.5500021],[99.6035686,13.5500391],[99.6033593,13.5501451],[99.6030411,13.5502171],[99.6024313,13.5503862],[99.601765,13.5505756],[99.6009083,13.5508423],[99.6006217,13.5509112],[99.600296,13.550608],[99.6002614,13.5505605],[99.6002165,13.5504454],[99.6002,13.5503402],[99.6002058,13.5502359],[99.6003268,13.54991],[99.6003488,13.5497888],[99.6003302,13.5496389],[99.6002707,13.5494087],[99.6002418,13.5492241],[99.6001751,13.5485035],[99.6001402,13.5483586],[99.5999911,13.5479787],[99.5998002,13.5475914],[99.5996827,13.5473966],[99.5994935,13.5472047],[99.5994322,13.5471216],[99.5993894,13.5470307],[99.5993492,13.546867],[99.5993033,13.5464543],[99.5993166,13.5461008],[99.5992937,13.5458616],[99.5992526,13.5456651],[99.5990646,13.5451563],[99.5989546,13.5449808],[99.598747,13.5447509],[99.5987286,13.5447133],[99.5987141,13.5445941],[99.5973499,13.5449589],[99.5971142,13.5450275],[99.5968714,13.5451263],[99.5967107,13.5449318],[99.5966478,13.5447864],[99.596654,13.5446384],[99.5966277,13.5445478],[99.5964766,13.5443197],[99.5960985,13.5436098],[99.5960384,13.5435867],[99.5956113,13.5435634],[99.5949078,13.543627],[99.5939123,13.5436879],[99.593775,13.5436607],[99.5937186,13.5436057],[99.5936584,13.5434475],[99.5936493,13.5426489],[99.5935994,13.5423668],[99.593468,13.541868],[99.5933866,13.5416995],[99.5932589,13.5412523],[99.5930554,13.5408747],[99.5930632,13.5408606],[99.593239,13.5408046],[99.5933279,13.5407532],[99.593341,13.5406747],[99.5933084,13.5405115],[99.5933969,13.5403043],[99.5934421,13.5401441],[99.5934843,13.5400743],[99.5935865,13.5400087],[99.5937567,13.5399408],[99.593918,13.5399066],[99.5942051,13.5398787],[99.5942641,13.5398579],[99.5942818,13.5398241],[99.5942772,13.5397664],[99.5941555,13.5396294],[99.5941365,13.5395696],[99.594144,13.5394617],[99.5941917,13.5394061],[99.5942228,13.5393864],[99.5942996,13.5393753],[99.5946828,13.5394692],[99.5948678,13.5395537],[99.5949435,13.5395687],[99.594998,13.5395446],[99.5949771,13.5391907],[99.5949981,13.5391569],[99.5951249,13.5390913],[99.5951448,13.5390531],[99.5950917,13.5387385],[99.5951476,13.5383691],[99.5950518,13.5378814],[99.5950525,13.537754],[99.5950681,13.5377267],[99.595117,13.537695],[99.5951949,13.5376959],[99.5953833,13.5378272],[99.5954669,13.5378543],[99.5956448,13.5377809],[99.5956914,13.5377198],[99.5956813,13.5376653],[99.5954866,13.5372606],[99.5954394,13.5370745],[99.5954492,13.5370168],[99.5954759,13.5369917],[99.5956383,13.5369379],[99.5956927,13.5368942],[99.5956736,13.5368202],[99.5955084,13.5366572],[99.5954894,13.5365974],[99.5955026,13.5365342],[99.595557,13.5364948],[99.5956538,13.5364674],[99.595716,13.5364313],[99.5957968,13.5362111],[99.5958689,13.5361347],[99.5959568,13.5360996],[99.5961105,13.5361439],[99.5961939,13.5361241],[99.5962117,13.5360827],[99.5961296,13.5357626],[99.5961372,13.535706],[99.5963187,13.5356914],[99.5964042,13.5356444],[99.5964407,13.5355277],[99.5964468,13.5352816],[99.5965255,13.5351834],[99.5966224,13.5351712],[99.5967217,13.5352929],[99.5967574,13.5352994],[99.5967918,13.5352797],[99.5970161,13.5345908],[99.5971124,13.5341689],[99.5971687,13.5341266],[99.5972162,13.5341251],[99.5973588,13.534161],[99.5973914,13.5341552],[99.5974491,13.5340693],[99.5975479,13.5338179],[99.5975537,13.5337699],[99.5975239,13.5336901],[99.5973512,13.5334916],[99.5973124,13.533406],[99.5972538,13.5331186],[99.597262,13.5328485],[99.5973049,13.5327743],[99.5975568,13.532614],[99.5976768,13.532515],[99.5977359,13.532432],[99.5977535,13.5323478],[99.5976656,13.5322028],[99.5976669,13.5321258],[99.5976921,13.532086],[99.5978086,13.5320408],[99.597847,13.5320088],[99.597863,13.5318746],[99.5979542,13.5315122],[99.5980856,13.531333],[99.5981536,13.5310247],[99.5983024,13.5306212],[99.5985834,13.5301272],[99.5987065,13.5298497],[99.5987605,13.5297916],[99.5988123,13.5297684],[99.5988602,13.5297721],[99.5989443,13.5298126],[99.5989797,13.5298049],[99.5990157,13.5297587],[99.5990194,13.5297018],[99.5989815,13.5296089],[99.5987825,13.5294734],[99.5987604,13.5294166],[99.5987752,13.5293751],[99.5988285,13.5293304],[99.5989792,13.5293085],[99.5990435,13.5292753],[99.599124,13.5291269],[99.5991867,13.529086],[99.5994843,13.5290737],[99.599562,13.5290336],[99.5995846,13.5289936],[99.5995797,13.5289214],[99.5995561,13.5288723],[99.5994671,13.528781],[99.5994694,13.5287434],[99.5994975,13.5287087],[99.5995556,13.5286925],[99.5998753,13.5287309],[99.5999844,13.5287183],[99.6000472,13.5286851],[99.6000902,13.5286128],[99.6000963,13.5285606],[99.6000558,13.5283732],[99.5999473,13.5282095],[99.5998735,13.5281479],[99.5997736,13.5281019],[99.5983744,13.5276373],[99.5981377,13.5275453],[99.598064,13.5274735],[99.5980007,13.5273811],[99.5979688,13.5272526],[99.5979417,13.5269081],[99.5979768,13.5262396],[99.5980238,13.5261109],[99.5982491,13.5258481],[99.5982909,13.5257349],[99.5982896,13.5255712],[99.5979488,13.5237894],[99.5967583,13.5220508],[99.5961735,13.5211315],[99.5958137,13.5206063],[99.5953418,13.5200155],[99.594847,13.5192275],[99.5940612,13.5185717],[99.5920022,13.5171142],[99.591936,13.5169965],[99.5919169,13.5169107],[99.5918499,13.5162934],[99.5915583,13.5163205],[99.5911373,13.5163138],[99.5907259,13.5162168],[99.59061,13.516232],[99.5903532,13.5163046],[99.5901979,13.5163333],[99.5898974,13.516324],[99.589827,13.5163067],[99.5895083,13.5161506],[99.5894559,13.5160914],[99.5894457,13.5157629],[99.5893969,13.5150997],[99.5893809,13.5150725],[99.5890292,13.5150859],[99.5885591,13.5150788],[99.588524,13.5150933],[99.5884797,13.5151486],[99.5877987,13.5162304],[99.5874815,13.5167974],[99.5874263,13.5168119],[99.5839504,13.515646],[99.5830426,13.5153267],[99.5826423,13.5152018],[99.5824423,13.5151673],[99.5820353,13.5152102],[99.581928,13.5151615],[99.5813821,13.5138839],[99.5810519,13.5131998],[99.5808292,13.5126412],[99.5805918,13.5119708],[99.5805722,13.5114857],[99.5802611,13.5106891],[99.5801751,13.5104125],[99.580142,13.5103613],[99.5798341,13.5101078],[99.5797314,13.5099947],[99.5795834,13.5097851],[99.5790538,13.5086122],[99.5787957,13.5082727],[99.5787263,13.5081304],[99.578685,13.5080775],[99.5785612,13.507995],[99.5782016,13.5078733],[99.5781146,13.5077821],[99.5780267,13.5075446],[99.5779322,13.5072191],[99.5778943,13.5070357],[99.5777483,13.5066079],[99.5777697,13.5065285],[99.5778345,13.5064755],[99.5782613,13.5063369],[99.5794069,13.5060644],[99.5799202,13.5058939],[99.580174,13.5057664],[99.5806058,13.5054373],[99.5808595,13.5052621],[99.5811349,13.5051345],[99.5813456,13.5050547],[99.5818211,13.5049319],[99.5825614,13.5047661],[99.5835286,13.5044835],[99.5845591,13.5041972],[99.5857636,13.5040223],[99.5864431,13.5038623],[99.5868054,13.5037339],[99.5875259,13.5034451],[99.5886092,13.5029593],[99.5890848,13.5028275],[99.5895218,13.5027829],[99.5896567,13.5027838],[99.5898821,13.5027952],[99.5902708,13.5028486],[99.590983,13.5029705],[99.5912755,13.5030481],[99.5916962,13.5032087],[99.5918589,13.503281],[99.5923138,13.5035216],[99.5929343,13.5039044],[99.5941605,13.5047096],[99.5950894,13.5053737],[99.5964221,13.5063637],[99.5967365,13.5065742],[99.5974128,13.5072223],[99.5983638,13.508264],[99.5994193,13.5096534],[99.6000881,13.5104927],[99.6004445,13.5107818],[99.60086,13.5110128],[99.6012009,13.5110555],[99.6016156,13.511011],[99.6020303,13.5109085],[99.6027556,13.5106168],[99.6037471,13.5101214],[99.604605,13.5095104],[99.6057732,13.5085796],[99.6068529,13.5077796],[99.6085397,13.5067363],[99.6095404,13.5061559],[99.6099443,13.5059622],[99.6100427,13.5059379],[99.6101798,13.5059272],[99.6106158,13.5059502],[99.6106896,13.5059225],[99.6112303,13.505615],[99.6113181,13.5055873],[99.611399,13.5055836],[99.6116945,13.5056483],[99.6117683,13.5056343],[99.6120213,13.5055443],[99.6123797,13.505478],[99.6125766,13.5054638],[99.6127876,13.5054804],[99.61296,13.505511],[99.6131958,13.5055827],[99.613312,13.5056512],[99.6134318,13.5057576],[99.6138586,13.5062692],[99.6140172,13.5064202],[99.614151,13.5065059],[99.6142813,13.5065641],[99.6144114,13.5065913],[99.6149492,13.5065211],[99.615118,13.5065173],[99.6155788,13.5065884],[99.6157335,13.5065846],[99.6158354,13.5065603],[99.6159618,13.5064842],[99.6166562,13.5057806],[99.6167093,13.5057075],[99.6167549,13.505595],[99.6168029,13.5054018],[99.6169593,13.5046892],[99.6170064,13.504132],[99.6170396,13.503909],[99.6170647,13.5038428],[99.6171012,13.5037959],[99.6172696,13.5036607],[99.6174014,13.5035255],[99.6174934,13.5035065],[99.6178306,13.5035086],[99.6180155,13.5035275],[99.6183978,13.5035197],[99.618596,13.5034457],[99.6187197,13.5033476],[99.6189121,13.5033097],[99.619309,13.5033054],[99.6194504,13.5033188],[99.6196535,13.5033606],[99.6198147,13.5033636],[99.6202305,13.503208],[99.6203966,13.5030882],[99.6204797,13.5030452],[99.6208586,13.5029526],[99.6210916,13.5029657],[99.6211787,13.5030045],[99.6213457,13.5031191],[99.6214768,13.5031111],[99.6217037,13.5030069],[99.6219899,13.5028113],[99.6222275,13.5027188],[99.6222976,13.5026577],[99.6224161,13.5025014],[99.6225003,13.5024426],[99.6227259,13.5023373],[99.6228141,13.5022785],[99.6228997,13.5021888],[99.6232026,13.5017326],[99.6233311,13.5015958],[99.6234212,13.5015304],[99.623577,13.501459],[99.6237337,13.5014351],[99.6239186,13.5014438],[99.6241124,13.5014746],[99.6242269,13.501514],[99.6243903,13.5015955],[99.6244789,13.5016851],[99.6245889,13.5018494],[99.6246552,13.5019225],[99.6248708,13.5020772],[99.6249344,13.5021069],[99.6250695,13.5021177],[99.6252004,13.502106],[99.625442,13.5020025],[99.6255078,13.5019921],[99.6256274,13.5020023],[99.625758,13.5020651],[99.6259408,13.5022065],[99.626041,13.5023282],[99.6262617,13.50251],[99.6265575,13.5028148],[99.6269207,13.5031016],[99.6270473,13.5032594],[99.6271479,13.5034396],[99.6271514,13.5035787],[99.6271265,13.5036472],[99.6270917,13.5036761],[99.6270139,13.5036913],[99.6264628,13.5036834],[99.626367,13.5037054],[99.6262982,13.5037677],[99.6262393,13.5038758],[99.6262237,13.5039356],[99.6262153,13.5040205],[99.6262303,13.5041378],[99.6262984,13.5042857],[99.6264921,13.5045089],[99.6265644,13.5046132],[99.6266012,13.5047167],[99.626587,13.5048208],[99.6264717,13.5050233],[99.6263304,13.5051554],[99.6261816,13.5052256],[99.6258974,13.5052602],[99.6257393,13.5053531],[99.6256419,13.5054886],[99.6256076,13.5056229],[99.6256057,13.5057206],[99.6256386,13.5058511],[99.6258065,13.5061829],[99.6258579,13.5063208],[99.6259106,13.5065744],[99.6259331,13.5068832],[99.6259855,13.5070116],[99.6260631,13.5070555],[99.6262135,13.5070619],[99.6264852,13.5070034],[99.6265941,13.5070047],[99.626678,13.5070475],[99.6267399,13.5071795],[99.6267694,13.5073733],[99.626723,13.5075021],[99.6266526,13.5076104],[99.6264269,13.5077614],[99.6263866,13.5078044],[99.6263502,13.507878],[99.6263229,13.5080169],[99.6263088,13.5082303],[99.6263192,13.5084963],[99.626412,13.5087164],[99.6265067,13.5088595],[99.6266079,13.5089475],[99.6267659,13.5090129],[99.6274067,13.5090547],[99.6275812,13.509096],[99.6276345,13.5091329],[99.6276869,13.5092045],[99.6277764,13.5094546],[99.6278527,13.5095589],[99.6280004,13.509618],[99.6285402,13.5097269],[99.6286767,13.5097723],[99.628749,13.5098306],[99.6288508,13.5099779],[99.628915,13.5100393],[99.6290019,13.5100879],[99.6291224,13.5101237],[99.6294939,13.5101639],[99.6296653,13.5102046],[99.6297468,13.51021],[99.6297982,13.5101662],[99.6298561,13.5100287],[99.6299313,13.509973],[99.6300929,13.5099608],[99.6302297,13.5099994],[99.6304293,13.5098914],[99.6305148,13.5098909],[99.6305821,13.5099161],[99.6306512,13.509963],[99.6309124,13.5102035],[99.63109,13.5103243],[99.6316937,13.510438],[99.6320843,13.5104352],[99.6322685,13.5104047],[99.6323345,13.5103776],[99.6324643,13.5102943],[99.6328444,13.5099979],[99.6328947,13.5099728],[99.6329614,13.5099657],[99.6330206,13.5099804],[99.6330754,13.510014],[99.6334492,13.5103863],[99.6335496,13.5104325],[99.633652,13.5104673],[99.6338231,13.5104972],[99.6342328,13.5104873],[99.6344481,13.5105444],[99.6345619,13.510634],[99.6346461,13.5108988],[99.6346931,13.5109631],[99.6349604,13.5110845],[99.6353634,13.5111916],[99.6354501,13.5112287],[99.6355441,13.5113087],[99.6355784,13.51137],[99.6355873,13.5114216],[99.6355702,13.5114917],[99.6355186,13.5115833],[99.6354284,13.5116407],[99.6353137,13.5116687],[99.6349083,13.5116654],[99.6348325,13.5117013],[99.634793,13.5117548],[99.6347899,13.5118047],[99.634854,13.5120906],[99.6348714,13.5122578],[99.6348536,13.5124699],[99.6348196,13.5125331],[99.6347485,13.5126144],[99.6344886,13.5127365],[99.6344346,13.5128194],[99.6344283,13.5128706],[99.63443,13.5131212],[99.6345603,13.513594],[99.6345868,13.5138141],[99.6346294,13.5138954],[99.6346211,13.5140065],[99.6346631,13.51411],[99.6347122,13.5141708],[99.6347636,13.5141827],[99.6348873,13.5141697],[99.6350887,13.5140969],[99.6352098,13.514083],[99.6355111,13.5141575],[99.6360244,13.5144627],[99.6362844,13.5146873],[99.6365393,13.514881],[99.6366186,13.5149169],[99.6366826,13.5149284],[99.6368723,13.5148812],[99.6371042,13.5147702],[99.6371312,13.5147383],[99.6372149,13.5145398],[99.6372716,13.5144799],[99.6374572,13.5143774],[99.6377278,13.5142941],[99.6381394,13.5142208],[99.6382213,13.5142185],[99.6383218,13.5142525],[99.6385858,13.5144188],[99.6387455,13.5144497],[99.6389174,13.5144233],[99.6391328,13.5143107],[99.6392154,13.514213],[99.6392277,13.514097],[99.6390901,13.5133447],[99.6390806,13.5131733],[99.6391378,13.5129115],[99.6391831,13.5128105],[99.6392328,13.5127414],[99.6392764,13.5127051],[99.6393561,13.5126707],[99.6399192,13.5125146],[99.6401142,13.5124322],[99.6402507,13.5123359],[99.6404127,13.5121144],[99.6405459,13.5120279],[99.6406662,13.5119932],[99.6408302,13.5119743],[99.6413407,13.5119832],[99.6414166,13.5119727],[99.6414792,13.5119551],[99.6415802,13.5118835],[99.6417152,13.5116823],[99.6417908,13.5115203],[99.6418293,13.5112063],[99.6418618,13.5110717],[99.6419525,13.5109148],[99.6421243,13.5107219],[99.642233,13.5103897],[99.642416,13.5101387],[99.6428543,13.5097421],[99.6429471,13.5096287],[99.6429778,13.5095681],[99.6429891,13.5094793],[99.6429546,13.5094091],[99.6426527,13.5091447],[99.6425902,13.5090708],[99.6425572,13.5089865],[99.6425895,13.5088336],[99.6426028,13.5086073],[99.6426435,13.5084356],[99.6426777,13.5083669],[99.6427286,13.5083391],[99.6427995,13.5083284],[99.6429239,13.5083599],[99.6430954,13.5084575],[99.6431602,13.5085404],[99.6432641,13.5087866],[99.6433914,13.5088628],[99.643841,13.5088595],[99.6442403,13.5090003],[99.6443878,13.5089987],[99.6445089,13.5089451],[99.6445665,13.5088956],[99.6446237,13.508813],[99.6447585,13.5085278],[99.6448013,13.5084686],[99.6448682,13.5084285],[99.6449506,13.5084226],[99.6450298,13.5084544],[99.6451028,13.5085171],[99.6453476,13.5088203],[99.6455245,13.5089268],[99.6456145,13.5089489],[99.645673,13.5089458],[99.6461533,13.508802],[99.6463501,13.5087138],[99.6464928,13.508615],[99.6466423,13.5084554],[99.6467566,13.508259],[99.6468238,13.5080756],[99.646844,13.5078643],[99.6468218,13.5077036],[99.6468178,13.5074778],[99.6468297,13.5074244],[99.6468719,13.5073731],[99.6469262,13.5073564],[99.6472437,13.5073628],[99.647602,13.5073304],[99.6477706,13.5073496],[99.6478945,13.5073954],[99.6480113,13.5074809],[99.6481622,13.5076413],[99.6482962,13.5078477],[99.6483384,13.5079587],[99.6483613,13.5080992],[99.6484395,13.5082821],[99.6486123,13.5085704],[99.6487763,13.5089076],[99.648987,13.5092617],[99.6491635,13.5096245],[99.6492786,13.5100548],[99.6492693,13.5101486],[99.6492082,13.510367],[99.6492032,13.5105319],[99.6492222,13.510623],[99.6492967,13.5108103],[99.6494528,13.5111109],[99.6495065,13.511198],[99.6496389,13.5113486],[99.6497536,13.5113855],[99.6498611,13.5113584],[99.650281,13.5110252],[99.6504309,13.5109237],[99.6504957,13.5109068],[99.6506303,13.5109178],[99.6507222,13.5109071],[99.6508879,13.510805],[99.6510765,13.5106308],[99.6512011,13.5104499],[99.6512985,13.5102435],[99.6513668,13.5100211],[99.6514479,13.5098897],[99.6514951,13.5098327],[99.6516073,13.5097664],[99.6517108,13.5097468],[99.6518278,13.5097458],[99.6519469,13.5097896],[99.6520004,13.5098309],[99.6520735,13.5099524],[99.6521031,13.5101837],[99.6521898,13.5104311],[99.6522349,13.510497],[99.6522741,13.5105197],[99.6523342,13.5105281],[99.6523855,13.5105152],[99.6524248,13.5104871],[99.6524749,13.510421],[99.6526756,13.5100071],[99.6528791,13.5096804],[99.652949,13.5095403],[99.6530343,13.5092769],[99.6531337,13.5091208],[99.653217,13.5090795],[99.6534344,13.5090698],[99.6536949,13.5091371],[99.6538295,13.5091529],[99.6542731,13.5090357],[99.6544004,13.5089751],[99.6545689,13.5088776],[99.6545967,13.5088489],[99.6546597,13.5087477],[99.6546639,13.5086738],[99.6544693,13.5081823],[99.6544845,13.5080887],[99.6545181,13.5080516],[99.6546055,13.5080097],[99.6547453,13.5080111],[99.6552881,13.5081786],[99.6555241,13.5081983],[99.6556799,13.508152],[99.655841,13.5080452],[99.6560338,13.5078703],[99.656086,13.5078033],[99.6561698,13.5076509],[99.6561865,13.5074046],[99.6561198,13.5071063],[99.6559304,13.5065869],[99.6559321,13.5065435],[99.6559755,13.5064289],[99.6560085,13.5063768],[99.6560667,13.5063336],[99.6561554,13.5063202],[99.6561997,13.5063238],[99.6562593,13.5063512],[99.6564336,13.5064705],[99.656624,13.5065702],[99.6567122,13.5065773],[99.6567602,13.5065644],[99.6568076,13.5065324],[99.6568413,13.5064697],[99.6568328,13.5063712],[99.6567336,13.5062016],[99.6567101,13.5060943],[99.6567068,13.5059643],[99.6566641,13.5058696],[99.6564939,13.5057243],[99.6562399,13.5053804],[99.656055,13.5050528],[99.6559908,13.5048504],[99.6559875,13.5046652],[99.6560385,13.504568],[99.6560711,13.5045298],[99.6562643,13.5043889],[99.6564431,13.504291],[99.6566433,13.5042573],[99.6567738,13.5042702],[99.6568481,13.5043153],[99.6569321,13.5045314],[99.6570198,13.5045836],[99.6573001,13.504573],[99.6573847,13.5045836],[99.6578241,13.5047736],[99.6581608,13.5048102],[99.6583985,13.5048704],[99.6586634,13.5049811],[99.6589263,13.5051539],[99.6590718,13.5051881],[99.6591546,13.5051611],[99.6592043,13.5050769],[99.6592109,13.504986],[99.659192,13.5047477],[99.6591136,13.5044476],[99.6591372,13.5043629],[99.6591956,13.5043185],[99.6593264,13.5042964],[99.6595625,13.5043164],[99.6597508,13.5043898],[99.6598675,13.5045124],[99.6600166,13.5048336],[99.6600632,13.5049035],[99.6602106,13.5049959],[99.6602906,13.5050113],[99.660419,13.5050095],[99.6606854,13.5049464],[99.6608644,13.5048479],[99.6609818,13.5047556],[99.6610908,13.5046061],[99.6611805,13.5043198],[99.6612402,13.5042391],[99.6613677,13.5041388],[99.6615808,13.5040427],[99.6617788,13.503987],[99.6620669,13.5039666],[99.6622064,13.5039949],[99.6622907,13.5040281],[99.6624396,13.5041059],[99.6626998,13.5042816],[99.6629044,13.5044587],[99.6631923,13.5047859],[99.6634466,13.5049704],[99.663618,13.5050497],[99.6641706,13.5052225],[99.6643051,13.5052556],[99.6643985,13.5052565],[99.6644554,13.5052392],[99.6645591,13.5051761],[99.6646421,13.5050668],[99.6646699,13.5050014],[99.6647803,13.5043005],[99.6648467,13.5042011],[99.664958,13.5041495],[99.665148,13.504119],[99.6657547,13.50412],[99.6658409,13.5040907],[99.6660134,13.503999],[99.6662425,13.5039311],[99.6663457,13.5039162],[99.6665183,13.5039488],[99.6668935,13.5040835],[99.6672045,13.5041241],[99.6682228,13.5040637],[99.6684682,13.5040211],[99.6691133,13.5037749],[99.6694372,13.5036319],[99.6698055,13.5033205],[99.6700433,13.5031454],[99.6700992,13.5031253],[99.6702484,13.5031082],[99.6705475,13.5031393],[99.6707125,13.5031323],[99.6708099,13.5031163],[99.6713926,13.5029518],[99.6715854,13.5028462],[99.6718996,13.5025824],[99.6722225,13.5024111],[99.6724846,13.5022119],[99.6726596,13.5021279],[99.6730502,13.5020142],[99.6731929,13.5019974],[99.6743843,13.5020572],[99.6744706,13.5020508],[99.6746092,13.5019964],[99.6751182,13.501716],[99.6754419,13.5015136],[99.6755913,13.501457],[99.6757087,13.5014782],[99.675772,13.5015349],[99.6759092,13.5021021],[99.6760237,13.5023896],[99.6760841,13.5024527],[99.6763348,13.5025276],[99.6764025,13.5025836],[99.676488,13.5027115],[99.6765448,13.5027683],[99.6769611,13.5029224],[99.6774647,13.5031443],[99.6777031,13.503223],[99.6779853,13.5033015],[99.6782724,13.5033057],[99.6784347,13.5033383],[99.6786021,13.5034412],[99.6790897,13.5038581],[99.6793064,13.5039543],[99.6794457,13.5039522],[99.6795576,13.5039038],[99.6796188,13.503833],[99.6797019,13.5036181],[99.6797835,13.5033465],[99.6798288,13.5032682],[99.6799125,13.5032143],[99.6800623,13.5031962],[99.6801439,13.5031658],[99.6802372,13.5031196],[99.6803208,13.5030467],[99.6803964,13.5029157],[99.6804879,13.5025093],[99.6805537,13.5023266],[99.6806239,13.5022448],[99.6807553,13.5021594],[99.6808604,13.5021329],[99.6809859,13.502126],[99.6814379,13.5021808],[99.6820774,13.5022005],[99.6823812,13.5021838],[99.6826415,13.5021319],[99.6827997,13.5021285],[99.6829017,13.502152],[99.6832929,13.5023017],[99.6836007,13.502364],[99.6836877,13.5023694],[99.6838689,13.5023513],[99.6839872,13.50231],[99.6840759,13.5022579],[99.6841589,13.5021814],[99.6842318,13.5020505],[99.6842368,13.5019725],[99.6841745,13.5017591],[99.6841702,13.5016221],[99.6842266,13.5013994],[99.6842327,13.50119],[99.6842768,13.5008772],[99.6843385,13.5007183],[99.6844129,13.500583],[99.6845509,13.5003932],[99.6847392,13.5002339],[99.6851164,13.5000206],[99.6854199,13.4999146],[99.6854798,13.4998696],[99.6855159,13.4998171],[99.6855315,13.499698],[99.6855208,13.4995725],[99.6854886,13.4994506],[99.6853579,13.499167],[99.6851885,13.4989304],[99.685097,13.4987642],[99.6850183,13.4985711],[99.6849953,13.498428],[99.6850552,13.4982895],[99.6851183,13.4982325],[99.685369,13.4980743],[99.6854443,13.4979942],[99.6854802,13.4979219],[99.685544,13.4976841],[99.6855748,13.4974972],[99.6856193,13.4969564],[99.685652,13.4967503],[99.6856737,13.4966519],[99.6857294,13.4965139],[99.6857932,13.4964184],[99.6858839,13.4963293],[99.6859657,13.496279],[99.6861751,13.4961978],[99.6862793,13.4961253],[99.6863969,13.4959734],[99.6866963,13.4954502],[99.686766,13.4953002],[99.6868262,13.4949163],[99.686966,13.4944946],[99.6869532,13.4942686],[99.6869859,13.4940867],[99.687049,13.4939287],[99.6871762,13.4937064],[99.6873326,13.4933345],[99.6874189,13.4931802],[99.6874774,13.493038],[99.687537,13.492945],[99.6876849,13.4927916],[99.6878169,13.4927292],[99.6880441,13.4927197],[99.6884634,13.4927423],[99.6885675,13.4926931],[99.6886304,13.4926189],[99.6886588,13.4925393],[99.688667,13.4924385],[99.688618,13.4921237],[99.6886168,13.491949],[99.6886473,13.4917328],[99.6887041,13.491511],[99.6887844,13.4912847],[99.6888524,13.4911634],[99.6889421,13.4910801],[99.6892176,13.4908917],[99.6892709,13.4908273],[99.6893302,13.4907151],[99.6893766,13.4905435],[99.6894401,13.4901597],[99.6894496,13.4898884],[99.6895041,13.4897395],[99.689577,13.4896834],[99.6898857,13.4895529],[99.690089,13.4894354],[99.690136,13.4893496],[99.6902314,13.4889414],[99.6903275,13.4886269],[99.6903845,13.4885169],[99.6904655,13.4884181],[99.6905823,13.4883247],[99.6906564,13.4882999],[99.6908784,13.4882634],[99.6909665,13.4882329],[99.6910289,13.4881901],[99.6910748,13.4881219],[99.6911855,13.4878175],[99.6912534,13.4875758],[99.6913066,13.4870347],[99.691295,13.4869091],[99.6912537,13.4867476],[99.6910597,13.4863508],[99.6910399,13.4862293],[99.6910436,13.4861619],[99.6910665,13.4861066],[99.6911077,13.4860627],[99.691218,13.4860166],[99.6913515,13.4859942],[99.691782,13.4859603],[99.6919667,13.4859114],[99.6920994,13.4858526],[99.6922448,13.4857607],[99.6923459,13.4856656],[99.6924759,13.4854844],[99.692569,13.4852773],[99.6926019,13.4850814],[99.6925759,13.4849141],[99.6925067,13.4847706],[99.6923889,13.4846176],[99.6921882,13.4844238],[99.6919388,13.4842227],[99.6912519,13.483871],[99.6911227,13.4837907],[99.6910225,13.4836998],[99.6909728,13.483625],[99.6909426,13.4835606],[99.6909163,13.4834334],[99.6909231,13.4832738],[99.6909578,13.4831209],[99.6911265,13.4826582],[99.6912123,13.4824961],[99.6913066,13.4824054],[99.6915147,13.4822721],[99.6918781,13.4821857],[99.6920166,13.4821199],[99.6923198,13.4818511],[99.692358,13.4818035],[99.6923883,13.4817284],[99.6923921,13.4815951],[99.6923591,13.4813932],[99.6923605,13.4809569],[99.6923077,13.4805815],[99.6922444,13.4803685],[99.692067,13.4799886],[99.6919737,13.4796943],[99.6918444,13.4794328],[99.6918311,13.4793023],[99.6918778,13.4792081],[99.6919851,13.4791585],[99.6921484,13.4791146],[99.6923281,13.4789795],[99.6925168,13.4789447],[99.6927498,13.4788105],[99.6929448,13.4787476],[99.6931587,13.4787692],[99.6935091,13.4789187],[99.6935894,13.4789389],[99.6937007,13.478931],[99.6939199,13.4788696],[99.6940434,13.4788948],[99.6941425,13.4789904],[99.6943444,13.4792967],[99.6944739,13.4794285],[99.6945458,13.4794731],[99.6945915,13.479483],[99.6948317,13.4794491],[99.6953163,13.4794411],[99.6955043,13.4793689],[99.6957487,13.4793169],[99.6958288,13.4792767],[99.6959326,13.4791971],[99.6960518,13.4791378],[99.6962382,13.4790726],[99.6963672,13.4790459],[99.6969135,13.4790292],[99.6973667,13.4789903],[99.6976484,13.4789978],[99.6978511,13.4789558],[99.6979724,13.4789726],[99.6983821,13.4791335],[99.6986727,13.4792094],[99.6990954,13.4793937],[99.6994561,13.4794696],[99.6999826,13.4795492],[99.7001149,13.479594],[99.7002962,13.4796853],[99.7004535,13.479711],[99.7008787,13.4800474],[99.7012202,13.4802462],[99.7014823,13.4803688],[99.7017584,13.4804168],[99.7021655,13.4804622],[99.7027569,13.4804964],[99.7032699,13.4806002],[99.7034352,13.4806617],[99.7035556,13.4807452],[99.7036677,13.4808673],[99.7038916,13.4812086],[99.7042244,13.4816435],[99.704429,13.4818864],[99.7046345,13.4821985],[99.7046951,13.4822597],[99.7048849,13.4824014],[99.7052428,13.4826072],[99.7053209,13.4826341],[99.7054638,13.4826559],[99.7057942,13.482654],[99.7062225,13.4826831],[99.7063307,13.4826789],[99.7067037,13.48261],[99.7070569,13.4824933],[99.7072284,13.4824632],[99.7074617,13.4824615],[99.7077012,13.4825047],[99.7083572,13.4827129],[99.7085091,13.482778],[99.7087801,13.4829815],[99.7088494,13.4831038],[99.7089325,13.4833401],[99.7089697,13.4833872],[99.7090096,13.4834078],[99.7090718,13.4834134],[99.7091555,13.4833981],[99.709397,13.4832759],[99.7095057,13.4832454],[99.7097903,13.4832527],[99.7100141,13.4832039],[99.7102097,13.4831798],[99.7104441,13.4831791],[99.710532,13.4831942],[99.7106714,13.4832502],[99.7107951,13.4833287],[99.7111091,13.4837108],[99.7111741,13.4837618],[99.7114581,13.4839003],[99.7116854,13.4839867],[99.711829,13.4839637],[99.7119901,13.4838794],[99.7121436,13.4837443],[99.7121976,13.4836678],[99.7122222,13.4836052],[99.7122446,13.4834959],[99.7122475,13.4832873],[99.7121811,13.483167],[99.7120054,13.4830014],[99.7119913,13.4829268],[99.7120131,13.4828816],[99.7120385,13.4828647],[99.7121197,13.482864],[99.7121799,13.4828922],[99.7123503,13.4830611],[99.7124667,13.4831386],[99.7127017,13.4832421],[99.7128605,13.4832563],[99.7130185,13.4832425],[99.7132569,13.4831814],[99.7133843,13.4831093],[99.7134688,13.4829934],[99.713529,13.4829454],[99.7137312,13.4829363],[99.7138491,13.4828948],[99.7138954,13.4828289],[99.7139762,13.4826171],[99.7140357,13.4825524],[99.7141119,13.4825174],[99.714226,13.4825099],[99.714405,13.4825514],[99.7145463,13.4825315],[99.7146216,13.4825375],[99.7149494,13.4826338],[99.7154263,13.482715],[99.7155629,13.4827103],[99.7156717,13.4826695],[99.7157794,13.4825787],[99.7159269,13.4823498],[99.7159517,13.482206],[99.7159455,13.4820569],[99.7159168,13.4818806],[99.715919,13.4817807],[99.7160036,13.4814877],[99.7160929,13.4812709],[99.7161485,13.4811865],[99.7161926,13.481147],[99.7162582,13.4811093],[99.7163753,13.4810865],[99.7165669,13.4811177],[99.7166667,13.4811575],[99.7167588,13.4812431],[99.7168373,13.4813484],[99.7170426,13.4816796],[99.7170908,13.4817122],[99.7171516,13.4817294],[99.717244,13.4817135],[99.7173773,13.4816274],[99.7175993,13.4814046],[99.7176708,13.4812502],[99.7177083,13.4810736],[99.7177577,13.480966],[99.7180503,13.4806352],[99.7181122,13.4805352],[99.7181181,13.4802538],[99.7181339,13.4802008],[99.7181682,13.4801607],[99.7183879,13.4800218],[99.7184545,13.4800175],[99.7185621,13.4800374],[99.7186502,13.480017],[99.7186887,13.4799657],[99.718728,13.4797903],[99.7187968,13.4797206],[99.7188637,13.4796815],[99.7190489,13.4796728],[99.7193185,13.4795573],[99.7195465,13.4795249],[99.7196165,13.4794725],[99.7196486,13.4793669],[99.7196439,13.4792113],[99.7196248,13.4791181],[99.7195752,13.4790374],[99.7195105,13.4790022],[99.719436,13.4789837],[99.7190935,13.4789964],[99.7189746,13.4789797],[99.7189082,13.4789455],[99.7188498,13.4788591],[99.7188193,13.4786039],[99.7188173,13.4781802],[99.7188302,13.4779478],[99.7188511,13.4778917],[99.7188917,13.4778412],[99.7189689,13.4777908],[99.7191129,13.4777331],[99.7197031,13.4776422],[99.7202264,13.4776306],[99.7205675,13.4775991],[99.7209063,13.4775968],[99.7210635,13.4775601],[99.7211791,13.4774885],[99.7212865,13.477353],[99.7213736,13.4770885],[99.7214451,13.4769861],[99.7215165,13.4769345],[99.7220622,13.4767599],[99.7224791,13.4765953],[99.7227924,13.4764365],[99.7233615,13.4760823],[99.7236697,13.4759556],[99.7238251,13.4758763],[99.7240042,13.4757299],[99.7241245,13.4755747],[99.7242458,13.475373],[99.7242672,13.4752975],[99.7242663,13.4750688],[99.7241979,13.47473],[99.724203,13.4745825],[99.7242517,13.4744686],[99.7243155,13.4744088],[99.7243712,13.4743799],[99.7245246,13.4743549],[99.7246172,13.4743659],[99.7247452,13.4744143],[99.7250205,13.4745692],[99.7251744,13.4746944],[99.7252646,13.4747895],[99.7253539,13.4748384],[99.7254874,13.4748519],[99.7256059,13.4748147],[99.7261287,13.4742165],[99.7263082,13.4740562],[99.7269038,13.4735766],[99.7270303,13.473426],[99.7271006,13.4733134],[99.7271468,13.4731922],[99.7272405,13.4725787],[99.7273501,13.4721777],[99.7275069,13.4719167],[99.727666,13.4717626],[99.7277459,13.4717107],[99.7279193,13.4716429],[99.7280712,13.4716042],[99.7282885,13.4716091],[99.7283588,13.4716635],[99.7284276,13.4718286],[99.7285868,13.4727623],[99.728626,13.472826],[99.7286819,13.4728546],[99.7288762,13.472872],[99.7293024,13.4728633],[99.729798,13.4728759],[99.7298778,13.4728896],[99.7299825,13.4729655],[99.7301287,13.4732227],[99.7303666,13.4735474],[99.7304868,13.473614],[99.7306333,13.473619],[99.7308313,13.4735693],[99.7310945,13.473463],[99.731217,13.4733836],[99.7313888,13.4731982],[99.7314849,13.4731446],[99.7316438,13.473093],[99.7318404,13.4730555],[99.7323847,13.4729973],[99.7326943,13.4729148],[99.7328659,13.472821],[99.7329655,13.4727365],[99.7331029,13.4725622],[99.733296,13.4721757],[99.7333745,13.472058],[99.7335446,13.4719223],[99.7338315,13.4717869],[99.7338703,13.4717351],[99.7339499,13.4715632],[99.734257,13.471144],[99.7343662,13.4710389],[99.7345306,13.4709174],[99.7346482,13.470871],[99.7347682,13.4708487],[99.7348224,13.470852],[99.7351994,13.4709535],[99.7353019,13.4709681],[99.7353694,13.4709506],[99.7354453,13.470894],[99.7355379,13.4707578],[99.7355697,13.4706],[99.735553,13.4704584],[99.7354999,13.4702671],[99.7354589,13.469948],[99.7354441,13.4697522],[99.7354611,13.4695217],[99.7354159,13.4693193],[99.7354081,13.4692137],[99.73543,13.4690716],[99.7355576,13.4687584],[99.7356458,13.4684428],[99.7357012,13.4677163],[99.7357846,13.4669877],[99.7357986,13.466789],[99.7357243,13.4660898],[99.7357178,13.4657062],[99.7357424,13.4655841],[99.7358066,13.4654626],[99.7359352,13.4653359],[99.7362075,13.4651846],[99.7364747,13.4650609],[99.7366037,13.4649601],[99.7368272,13.4647022],[99.7368789,13.4646051],[99.7373578,13.463356],[99.7374564,13.4631661],[99.7375701,13.4630201],[99.7377016,13.4629158],[99.7378836,13.4628127],[99.7383923,13.4626147],[99.7386031,13.4625555],[99.7389671,13.4624042],[99.7392059,13.4622669],[99.7393297,13.4621542],[99.7394274,13.4620041],[99.7394631,13.461851],[99.7394342,13.4610337],[99.7394625,13.4609092],[99.7394937,13.4608649],[99.7397444,13.4607152],[99.7398386,13.4606337],[99.7399977,13.4603815],[99.7400567,13.4602259],[99.7401258,13.4601092],[99.7401833,13.4600441],[99.740286,13.4599588],[99.740416,13.4598893],[99.7408693,13.4596876],[99.7409808,13.4596545],[99.7410873,13.4596326],[99.7417648,13.4596339],[99.7419335,13.4596207],[99.7420942,13.4595743],[99.7423451,13.4594394],[99.742944,13.4588884],[99.7430476,13.4588082],[99.7431206,13.4586951],[99.7431597,13.4586083],[99.7431589,13.4583288],[99.7431,13.4579696],[99.7431219,13.4578312],[99.7431663,13.4577655],[99.7432369,13.457718],[99.743259,13.457656],[99.7432662,13.4575904],[99.7432351,13.4574351],[99.7432355,13.4572883],[99.7432869,13.4570405],[99.74372,13.4563365],[99.7440712,13.4556253],[99.744204,13.4552462],[99.7442789,13.454886],[99.7447493,13.4536407],[99.7449159,13.4534089],[99.745397,13.4529546],[99.7455341,13.4527133],[99.7456021,13.4524432],[99.7456719,13.4519382],[99.7457076,13.4515178],[99.7457455,13.4501305],[99.7457544,13.4485123],[99.7463594,13.4486898],[99.7467475,13.448776],[99.7481682,13.4489248],[99.7528291,13.4493178],[99.7578586,13.4497888],[99.7640077,13.4503405],[99.7639251,13.4494966],[99.763929,13.4492662],[99.7639618,13.4492108],[99.7640417,13.4491598],[99.7641452,13.4491273],[99.7644462,13.4490618],[99.7646393,13.4490705],[99.7650914,13.4491244],[99.7659581,13.4492876],[99.7662877,13.4492959],[99.7679774,13.4491939],[99.7679884,13.4491526],[99.767578,13.4479465],[99.7675398,13.4477853],[99.7675443,13.44773],[99.7676308,13.4476718],[99.7679626,13.4476966],[99.7683275,13.4476926],[99.7687528,13.4476662],[99.7692251,13.4476065],[99.7696713,13.4475104],[99.7704856,13.4473769],[99.7712674,13.4473442],[99.7713417,13.4472957],[99.7713738,13.4471804],[99.7714689,13.4464768],[99.7723046,13.4462955],[99.774852,13.4456916],[99.7755418,13.4456061],[99.7767022,13.4454143],[99.7767814,13.4454319],[99.7768028,13.4454616],[99.7768315,13.4458609],[99.7768774,13.4459144],[99.777907,13.446084],[99.7779739,13.4460659],[99.7779921,13.4460391],[99.7780401,13.4458244],[99.7780643,13.4457706],[99.7780947,13.4457437],[99.7781403,13.4457346],[99.7788893,13.4457383],[99.7803584,13.4458892],[99.7803822,13.4458709],[99.7804126,13.4457881],[99.780451,13.445773],[99.7824245,13.4456104],[99.7826797,13.4455997],[99.7827082,13.4455716],[99.7827167,13.4454888],[99.7827354,13.445472],[99.7844564,13.4455477],[99.7882972,13.4454281],[99.7891648,13.4454254],[99.7894843,13.4454418],[99.7895638,13.4454669],[99.7895985,13.4455231],[99.7896131,13.4458376],[99.7896264,13.4459317],[99.7896566,13.4459896],[99.7897965,13.4461039],[99.790039,13.446263],[99.7903259,13.4464189],[99.7903756,13.4464115],[99.7904173,13.4463361],[99.790458,13.4463189],[99.7922206,13.4466768],[99.7929445,13.4467869],[99.7930692,13.4467892],[99.7938959,13.4466937],[99.7939773,13.44672],[99.7939964,13.4467464],[99.7940211,13.4468472],[99.7941054,13.446881],[99.7942782,13.4468722],[99.7959604,13.4466346],[99.7964824,13.44654],[99.7967619,13.4465288],[99.7970418,13.4466002],[99.797533,13.4467746],[99.7983361,13.4471331],[99.7994506,13.447687],[99.7995474,13.4477439],[99.7996266,13.4478556],[99.7996776,13.4478952],[99.7997768,13.4479347],[99.8000924,13.4480333],[99.8006673,13.4481732],[99.8012345,13.4482834],[99.8018849,13.4484302],[99.8019391,13.4484201],[99.8019729,13.4483901],[99.8019897,13.4483403],[99.8021695,13.4476138],[99.8025536,13.4462102],[99.8025952,13.4461651],[99.8026411,13.4461568],[99.8035605,13.4464644],[99.8040369,13.4466427],[99.8049059,13.4468687],[99.8054825,13.4470507],[99.8055159,13.4470342],[99.8055408,13.4469892],[99.8057619,13.4457138],[99.8057828,13.445683],[99.8059139,13.4456753],[99.8062525,13.4457419],[99.8066748,13.4458711],[99.8074957,13.4462067],[99.8078106,13.4463037],[99.8080157,13.4463497],[99.8082088,13.4463747],[99.8089252,13.4463619],[99.8096215,13.4464747],[99.8099369,13.4464998],[99.8099893,13.4464856],[99.810013,13.4464552],[99.8100764,13.4461658],[99.8101142,13.44607],[99.8101404,13.4460536],[99.8113056,13.4460181],[99.8114327,13.4460239],[99.8117569,13.4460757],[99.8122717,13.4460927],[99.8128979,13.4461436],[99.8130122,13.4461401],[99.8130757,13.446115],[99.8131169,13.4460776],[99.813139,13.4460309],[99.8131447,13.4458598],[99.8131184,13.4455893],[99.813131,13.4455519],[99.8131595,13.4455239],[99.8132008,13.4455206],[99.8138622,13.4456802],[99.8144269,13.4458384],[99.8144767,13.4458652],[99.8146763,13.4458888],[99.8149237,13.4459404],[99.8158388,13.4461597],[99.8166449,13.4463318],[99.8175038,13.4465589],[99.8179288,13.4466406],[99.8182241,13.4467359],[99.8187399,13.4468734],[99.8191059,13.4469965],[99.8192245,13.4470521],[99.8197936,13.4474109],[99.8200259,13.4475138],[99.820445,13.4478282],[99.8206155,13.4479902],[99.8218786,13.4489325],[99.8228125,13.4496236],[99.82325,13.4499111],[99.8250162,13.4512176],[99.8255071,13.4516028],[99.8260247,13.4519608],[99.8265473,13.452372],[99.8273132,13.4527712],[99.827686,13.4529241],[99.827878,13.4529674],[99.8281195,13.4529768],[99.8283456,13.452949],[99.8285488,13.4529091],[99.8288339,13.4528231],[99.8292391,13.4526789],[99.8298689,13.4523601],[99.8300108,13.4522746],[99.8306581,13.4517465],[99.8315094,13.4509038],[99.8316838,13.4508052],[99.8319957,13.4504743],[99.83275,13.4497235],[99.8333756,13.4490264],[99.8335738,13.4489052],[99.8338569,13.4487978],[99.8339914,13.4487889],[99.834043,13.4488],[99.8338605,13.4508313],[99.8338849,13.4508653],[99.833984,13.4508991],[99.8341385,13.4508848],[99.8342431,13.4512014],[99.8342919,13.451539],[99.8343094,13.4526316],[99.8343642,13.452874],[99.8343599,13.4531467],[99.834374,13.4531704],[99.8344087,13.4531848],[99.8347598,13.4531955],[99.8348359,13.4532362],[99.834899,13.4535209],[99.8349388,13.4537962],[99.8349436,13.4540792],[99.8350053,13.4545235],[99.8350016,13.4545691],[99.8349709,13.4546275],[99.8348836,13.4546778],[99.8347429,13.4547183],[99.8347172,13.4547659],[99.8347627,13.4556337],[99.8347453,13.4556527],[99.8347084,13.4556567],[99.8342735,13.4556635],[99.8342233,13.4556773],[99.834177,13.4557477],[99.8341837,13.4559984],[99.8342149,13.4560572],[99.8342985,13.4560873],[99.8349818,13.4561402],[99.8350499,13.4561684],[99.8351118,13.4564645],[99.8351285,13.4567225],[99.8351022,13.4572643],[99.8350312,13.4575001],[99.8350226,13.4578268],[99.834998,13.4578768],[99.8349705,13.4579087],[99.8349201,13.4579336],[99.8344181,13.4581252],[99.8342902,13.4581921],[99.834267,13.4582207],[99.8342555,13.4582644],[99.8342656,13.4583726],[99.8342853,13.4584429],[99.8343321,13.4585073],[99.8344508,13.4586038],[99.8346002,13.4586848],[99.8346712,13.4587494],[99.8346885,13.4587831],[99.8347103,13.4588932],[99.8347187,13.4593436],[99.8347053,13.4593877],[99.83465,13.4594399],[99.8342661,13.4595023],[99.8341899,13.4595366],[99.8341962,13.4600121],[99.8342136,13.460029],[99.8342656,13.4600277],[99.8344691,13.4599931],[99.834638,13.4599857],[99.8348926,13.4600188],[99.8351724,13.459993],[99.8351864,13.4600156],[99.8351845,13.4601198],[99.8351639,13.4602036],[99.8350858,13.4603737],[99.8350676,13.4604417],[99.8350769,13.4604734],[99.835121,13.4605004],[99.8362743,13.4608136],[99.8363021,13.4608316],[99.8363022,13.4608533],[99.8362102,13.4610131],[99.8362312,13.461056],[99.8368706,13.4612962],[99.8369076,13.4612915],[99.8369375,13.4612529],[99.83719,13.4606908],[99.837241,13.4606971],[99.8373592,13.4607534],[99.8374032,13.4607849],[99.8374359,13.4608595],[99.8377117,13.4610013],[99.837758,13.4610102],[99.8377904,13.461001],[99.8378501,13.4608717],[99.8378778,13.4608626],[99.8379117,13.4608722],[99.8381735,13.4609708],[99.8384478,13.4611007],[99.8384872,13.4611323],[99.838517,13.4612928],[99.8385143,13.4615948],[99.8384847,13.4617259],[99.8384964,13.4617776],[99.8385743,13.4617876],[99.838891,13.4617408],[99.8394212,13.4618525],[99.8395799,13.461869],[99.8395852,13.4621295],[99.8395666,13.4630803],[99.8395979,13.4640667],[99.8396205,13.4642643],[99.8399829,13.4658151],[99.8404098,13.4678397],[99.8404742,13.4682776],[99.8404663,13.468932],[99.8403886,13.4697183],[99.8401622,13.4713529],[99.8403252,13.4713963],[99.8405631,13.4714367],[99.8409948,13.4714219],[99.841056,13.4714588],[99.8413161,13.4720858],[99.8413917,13.4722379],[99.8416886,13.4726937],[99.8420238,13.473255],[99.8424647,13.4741298],[99.8426918,13.4746541],[99.8427588,13.4747402],[99.8394822,13.4892523],[99.8396382,13.4892638],[99.8400771,13.4893637],[99.8401565,13.4893567],[99.8403393,13.4892953],[99.8405977,13.489139],[99.840677,13.4891117],[99.8409221,13.4890973],[99.8411225,13.4891338],[99.8414436,13.4891294],[99.8414929,13.4891421],[99.8415443,13.4892017],[99.8415455,13.489232],[99.8414141,13.4895924],[99.841409,13.4896309],[99.8414243,13.4896672],[99.8414997,13.4897168],[99.8418497,13.4897875],[99.8421955,13.4900303],[99.8426379,13.4904555],[99.8426964,13.4904954],[99.8428082,13.4905321],[99.8431382,13.4904913],[99.8432832,13.4904942],[99.8437289,13.4905839],[99.8438856,13.4905865],[99.8441488,13.4902186],[99.8441837,13.4901876],[99.8442113,13.4901832],[99.8444959,13.490322],[99.8448456,13.4903607],[99.8450778,13.490541],[99.8453184,13.4906],[99.8454262,13.4906054],[99.8456475,13.4905618],[99.84578,13.4905571],[99.8461692,13.4906242],[99.8471993,13.4907177],[99.847759,13.4908113],[99.8483918,13.4909674],[99.8486439,13.4910079],[99.8500878,13.4911113],[99.850859,13.4912698],[99.8517801,13.4914092],[99.8520862,13.491488],[99.852184,13.4915276],[99.8526205,13.4918027],[99.8529619,13.4919483],[99.8531618,13.4920546],[99.8532669,13.4921297],[99.8543305,13.4930113],[99.8551123,13.4936986],[99.8555362,13.4941163],[99.8558215,13.4944631],[99.8559602,13.4945638],[99.8574242,13.4952286],[99.8575936,13.4952625],[99.8577278,13.4952617],[99.8577933,13.4952158],[99.8580499,13.4947497],[99.8581657,13.4945996],[99.8582426,13.4945281],[99.8584952,13.4943782],[99.85885,13.4942392],[99.8592837,13.4941552],[99.8596068,13.4941506],[99.8599145,13.4941869],[99.8601138,13.4942498],[99.8601937,13.4942876],[99.8603745,13.4944211],[99.8606399,13.4947457],[99.8621362,13.4930269],[99.8625526,13.4927451],[99.8628058,13.4926161],[99.8633037,13.4922379],[99.8637851,13.4918118],[99.8641354,13.4913701],[99.8643305,13.4909849],[99.8652233,13.4889155],[99.8653454,13.4887308],[99.8655166,13.4885541],[99.8664467,13.4877339],[99.8667482,13.4873644],[99.8671146,13.4868586],[99.8675946,13.486048],[99.8684069,13.4843712],[99.868578,13.4841544],[99.8691326,13.4836159],[99.8699635,13.4825477],[99.8703372,13.4817856],[99.8705161,13.4814566],[99.8707442,13.4811755],[99.8710134,13.4809182],[99.8716743,13.4803873],[99.8728827,13.4796062],[99.8752836,13.4781642],[99.8767618,13.4773101],[99.8774724,13.4769312],[99.8779381,13.4767213],[99.8783387,13.4765997],[99.8796306,13.4762829],[99.8800146,13.4761213],[99.8803946,13.4759233],[99.8812391,13.4752761],[99.8829359,13.4737884],[99.8838489,13.4728241],[99.8843542,13.4722617],[99.8846479,13.4719963],[99.8850561,13.4717226],[99.8855461,13.4714485],[99.8867961,13.4708755],[99.8876135,13.4706243],[99.8887662,13.4703078],[99.8892365,13.4700861],[99.8893232,13.4703256],[99.8903931,13.4709785],[99.8913509,13.4712337],[99.891428,13.471561],[99.8917653,13.4716827],[99.8918383,13.4719894],[99.8915968,13.4723181],[99.8919106,13.4725994],[99.8926391,13.4729772],[99.8927092,13.4735457],[99.8933113,13.473476],[99.8933071,13.4738951],[99.8936433,13.4743512],[99.8941688,13.4743636],[99.8954091,13.4746995],[99.8959268,13.475763],[99.8960054,13.4770004],[99.8965204,13.4775142],[99.8960199,13.4777648],[99.8957575,13.4786389],[99.8957909,13.4791534],[99.8955374,13.4798469],[99.8954245,13.4815695],[99.896236,13.4836036],[99.8973813,13.485112],[99.8981375,13.4862414],[99.8988238,13.486842],[99.8996826,13.487898],[99.900012,13.4885987],[99.8999684,13.4889994],[99.9016916,13.4897747],[99.9023872,13.489906],[99.9031232,13.4910356],[99.9032184,13.4916196],[99.9034707,13.4921745],[99.9043309,13.4926219],[99.9055879,13.492632],[99.9061732,13.4930262],[99.906774,13.4932362],[99.9067874,13.4935296],[99.9068839,13.4938243],[99.9071422,13.4939391],[99.9075762,13.493913],[99.9080232,13.4942454],[99.9085693,13.494447],[99.9088403,13.4947608],[99.9094249,13.4949134],[99.9098792,13.4951979],[99.9103965,13.4953218],[99.9112033,13.4956935],[99.9120316,13.4959821],[99.9120033,13.4963188],[99.9124778,13.4968065],[99.9126866,13.4967603],[99.9128452,13.4965814],[99.9130485,13.4965986],[99.9131796,13.4968739],[99.9132394,13.4975344],[99.9135206,13.4978991],[99.9140894,13.4979231],[99.9145437,13.4983791],[99.9142542,13.4987069],[99.9145465,13.4990497],[99.9146422,13.4992091],[99.9146317,13.4994338],[99.9148862,13.4992843],[99.9157732,13.4995037],[99.9167651,13.4998981],[99.9177663,13.500248],[99.9184518,13.5003841],[99.9190755,13.5006572],[99.9178513,13.5029996],[99.9156616,13.50683],[99.913208,13.5108063]]]}},{"type":"Feature","id":"relation/18934551","properties":{"name_th":"อำเภอปากท่อ","name_en":"Pak Tho District"},"geometry":{"type":"Polygon","coordinates":[[[99.5415332,13.4179861],[99.541214,13.4180294],[99.5410545,13.4180771],[99.5409627,13.4181294],[99.5407454,13.418324],[99.5406145,13.4183906],[99.5405182,13.4183908],[99.5403392,13.4183628],[99.5401699,13.4183726],[99.5397686,13.4184824],[99.5395461,13.4184971],[99.5387433,13.4185982],[99.5374573,13.4186821],[99.5373459,13.4187213],[99.5371415,13.4189012],[99.5369821,13.4190152],[99.5368516,13.419077],[99.5366147,13.4191391],[99.536078,13.4191437],[99.5359197,13.4191371],[99.5357648,13.4191064],[99.535638,13.4190482],[99.5353383,13.4187733],[99.5351833,13.4186875],[99.5348066,13.4185678],[99.5344547,13.41851],[99.534349,13.418462],[99.5342208,13.4183456],[99.5341411,13.4183109],[99.5340531,13.4183042],[99.5339406,13.4183319],[99.5337226,13.4184151],[99.5336101,13.4184222],[99.5332194,13.4183541],[99.5330751,13.4183441],[99.5322415,13.4184492],[99.5321535,13.4184322],[99.5320655,13.4183876],[99.5319386,13.4182845],[99.5318364,13.4182227],[99.5316991,13.4181817],[99.5315584,13.4181682],[99.5313086,13.4181791],[99.5311573,13.4181622],[99.5310235,13.4181108],[99.530819,13.4179356],[99.5307273,13.417829],[99.5306498,13.4177844],[99.5305618,13.4177674],[99.5304457,13.4177676],[99.5301397,13.4178234],[99.5300553,13.4178029],[99.5298087,13.4176863],[99.5297101,13.4176589],[99.5294997,13.4176599],[99.5293864,13.417639],[99.5293124,13.4175943],[99.5292172,13.4174981],[99.5290196,13.4172264],[99.5287821,13.4171204],[99.5287272,13.4170514],[99.5287024,13.4169791],[99.5286915,13.4168276],[99.5285018,13.4165017],[99.5284725,13.4163907],[99.5284382,13.4160943],[99.5282449,13.4157019],[99.5281743,13.4155944],[99.5280862,13.4155214],[99.5279668,13.4154561],[99.5277429,13.4154102],[99.5273603,13.4153852],[99.5272737,13.4153561],[99.5271357,13.4152436],[99.5270078,13.4150846],[99.5269197,13.4150245],[99.5268053,13.4149989],[99.5266997,13.4149948],[99.5265472,13.4150208],[99.5264359,13.415004],[99.5262157,13.414871],[99.5261716,13.4148022],[99.5261579,13.4145611],[99.5261401,13.4144837],[99.5261004,13.4144192],[99.525695,13.4140369],[99.5254789,13.4137704],[99.5252057,13.4135514],[99.5248761,13.4133248],[99.5247006,13.4131266],[99.5245734,13.4129342],[99.5244466,13.4126613],[99.5244268,13.4125397],[99.5244527,13.4121938],[99.5244477,13.4120508],[99.5244085,13.4118861],[99.5242869,13.4115644],[99.5242673,13.4114555],[99.5242767,13.4113039],[99.5243861,13.4108212],[99.5244148,13.4103234],[99.5243751,13.4098309],[99.52428,13.4094925],[99.5241804,13.409282],[99.5239734,13.408925],[99.523632,13.4084876],[99.5235302,13.4083789],[99.5234284,13.4082938],[99.522852,13.4079398],[99.5226166,13.4077527],[99.5220899,13.4072536],[99.5217781,13.4069882],[99.521274,13.4065227],[99.5209648,13.4061916],[99.5207854,13.4059646],[99.5204845,13.4055438],[99.5204019,13.405364],[99.5203708,13.4051884],[99.5205261,13.4049313],[99.5205266,13.4048334],[99.5204989,13.4047526],[99.5202835,13.4044909],[99.5202615,13.4044218],[99.5202594,13.4043503],[99.5203265,13.4041884],[99.5205536,13.4038956],[99.5205932,13.4037829],[99.5205822,13.4037014],[99.5204317,13.4034602],[99.5204024,13.4033561],[99.5204058,13.4032659],[99.5204697,13.4031239],[99.5205498,13.4030594],[99.520802,13.4029228],[99.520878,13.4028468],[99.5209345,13.4026989],[99.5209378,13.4026068],[99.5209181,13.4024553],[99.520824,13.4020477],[99.5208396,13.4019126],[99.5208776,13.4018153],[99.5209471,13.4017164],[99.5213151,13.4012923],[99.5215665,13.4009567],[99.5213748,13.4005727],[99.5211155,13.4001516],[99.5208249,13.3997765],[99.5203382,13.3992409],[99.5197735,13.3988357],[99.5195538,13.3985909],[99.5195221,13.3984299],[99.5195531,13.3983072],[99.5196234,13.3981844],[99.5197876,13.3980767],[99.5209141,13.3975301],[99.5210312,13.3973995],[99.5210623,13.3972691],[99.5210385,13.3971312],[99.5209912,13.396978],[99.5206766,13.396373],[99.5206136,13.3962044],[99.5206055,13.3960511],[99.5206364,13.3958901],[99.5207765,13.3954681],[99.5208618,13.395077],[99.5208614,13.3948853],[99.5208375,13.3947244],[99.5207667,13.3945482],[99.5203581,13.3938974],[99.5201377,13.3933842],[99.5200038,13.3929935],[99.5199405,13.3927023],[99.5199007,13.3924264],[99.5199079,13.3921197],[99.5200634,13.3916058],[99.520196,13.3913602],[99.5203522,13.3911758],[99.5206494,13.3909836],[99.521424,13.390683],[99.5225742,13.390282],[99.5235757,13.3898736],[99.5237243,13.3897889],[99.5237789,13.3897045],[99.52381,13.3896124],[99.5238076,13.3895414],[99.5237613,13.3893321],[99.5237745,13.3892175],[99.5238193,13.3890896],[99.5238822,13.3890145],[99.524035,13.3889128],[99.5242599,13.3887933],[99.5260277,13.3879697],[99.5262903,13.3878001],[99.5263982,13.387656],[99.526448,13.3875168],[99.5264177,13.3872363],[99.5261873,13.3866833],[99.5261953,13.3865197],[99.5262451,13.3863888],[99.5267786,13.3858888],[99.5268952,13.3857578],[99.5269534,13.3856186],[99.5269698,13.385455],[99.5269429,13.3852867],[99.5268969,13.3851821],[99.5266509,13.3848015],[99.5264047,13.3844796],[99.5262022,13.3842564],[99.5251197,13.3833009],[99.524388,13.3827354],[99.5236025,13.3820741],[99.5232544,13.3817608],[99.5224593,13.3807681],[99.5220284,13.3803034],[99.5219613,13.38014],[99.5219676,13.3799895],[99.5220275,13.3798585],[99.5229343,13.3789604],[99.5230609,13.3788162],[99.5231208,13.3786984],[99.5231473,13.3785806],[99.5231269,13.378417],[99.5230196,13.3782537],[99.5228054,13.3780751],[99.5225794,13.3778466],[99.5225039,13.3776914],[99.5224868,13.3774951],[99.5225531,13.3772742],[99.5227446,13.377004],[99.5235531,13.3762091],[99.5237615,13.3760369],[99.5244403,13.3753228],[99.5246457,13.3751942],[99.5254877,13.3748551],[99.5257575,13.3747253],[99.5260573,13.3745307],[99.5263768,13.3742641],[99.5268841,13.3737708],[99.5274368,13.3731488],[99.5275748,13.3729393],[99.5276673,13.3727137],[99.5276979,13.3725759],[99.5276914,13.3723526],[99.527655,13.3721587],[99.5275705,13.3719531],[99.5274321,13.3717947],[99.5273276,13.3717366],[99.5271835,13.3716858],[99.5269875,13.3716487],[99.5266633,13.3716318],[99.5262011,13.3716504],[99.5252709,13.3717397],[99.5249993,13.3717493],[99.5241722,13.3717368],[99.5234636,13.3716031],[99.523061,13.3714394],[99.5227356,13.3712195],[99.5223935,13.3708824],[99.5218955,13.3702731],[99.5216962,13.3699679],[99.5215334,13.3696567],[99.5213643,13.3691633],[99.5213333,13.3690282],[99.5212808,13.368649],[99.5212742,13.3682466],[99.5212864,13.3679387],[99.5215111,13.3667179],[99.5216226,13.3664513],[99.521838,13.3661452],[99.5221974,13.3657996],[99.522541,13.3655325],[99.523268,13.3648962],[99.5234597,13.364692],[99.5235404,13.364548],[99.5235791,13.3643737],[99.5235627,13.3641902],[99.523474,13.3638926],[99.5233295,13.3636892],[99.5232641,13.3636414],[99.52299,13.3635508],[99.5226968,13.3635337],[99.5221658,13.3635403],[99.5219971,13.3635174],[99.5218636,13.36346],[99.5217364,13.3633793],[99.5216889,13.3633331],[99.5216577,13.3632838],[99.5216235,13.3631441],[99.521639,13.3629325],[99.5216865,13.3626738],[99.5218696,13.362211],[99.5219888,13.3618111],[99.5222184,13.3606508],[99.5222654,13.3601961],[99.5222965,13.3597415],[99.522288,13.359324],[99.5222211,13.3581821],[99.5222159,13.3578648],[99.5221726,13.3575053],[99.5221781,13.3572702],[99.5222079,13.3571644],[99.522293,13.3570409],[99.5223692,13.3569675],[99.5227293,13.3567636],[99.5231351,13.3565583],[99.5232406,13.3564709],[99.523283,13.3564148],[99.5233453,13.3562684],[99.5233851,13.3560623],[99.5233842,13.3556484],[99.5233375,13.354905],[99.523342,13.354764],[99.523385,13.3546463],[99.5234202,13.354617],[99.5236069,13.3545577],[99.5238111,13.3545808],[99.5248562,13.3549078],[99.5250724,13.3549367],[99.5253125,13.3549479],[99.5256727,13.3549413],[99.5259427,13.3549173],[99.5261878,13.3548634],[99.5264855,13.3547626],[99.5265374,13.3547275],[99.5265964,13.3546441],[99.5266256,13.3545454],[99.5266438,13.3543222],[99.526546,13.3535465],[99.5265458,13.3534392],[99.5265769,13.3532832],[99.5266154,13.3532125],[99.5266739,13.3531593],[99.5267852,13.3531111],[99.5274331,13.3529451],[99.527643,13.3528507],[99.5278108,13.3527151],[99.5279425,13.3525562],[99.528038,13.352315],[99.528084,13.3521331],[99.528096,13.3519054],[99.5280538,13.3517502],[99.5280177,13.3516878],[99.5278923,13.3515784],[99.5274744,13.3513772],[99.527129,13.3511618],[99.5267261,13.3507895],[99.5265563,13.3505996],[99.5264613,13.3504433],[99.5263707,13.3501966],[99.526298,13.349897],[99.5261893,13.3495622],[99.5260989,13.349439],[99.5259846,13.3493217],[99.5258283,13.3491985],[99.5257495,13.3491077],[99.5257319,13.3490165],[99.5257435,13.3488637],[99.5258208,13.3484932],[99.5258204,13.348336],[99.5257728,13.3480939],[99.5257074,13.3479417],[99.5254506,13.3475452],[99.5252963,13.3473506],[99.524255,13.3461396],[99.523346,13.3449248],[99.5231329,13.3446013],[99.5229495,13.3444411],[99.5227321,13.3443189],[99.5215201,13.3437981],[99.521219,13.3436106],[99.5207839,13.343219],[99.5205244,13.3429251],[99.5201225,13.3424108],[99.5199382,13.3421495],[99.5197455,13.3418636],[99.5196448,13.3416431],[99.5195944,13.3414796],[99.5196023,13.3412752],[99.5196853,13.3410542],[99.5198268,13.3408168],[99.5204852,13.3401939],[99.5207101,13.3399236],[99.5208599,13.3396943],[99.5209679,13.3394242],[99.5210591,13.3391133],[99.5210996,13.3385408],[99.521079,13.3381295],[99.5210078,13.3377876],[99.5210071,13.3374708],[99.5210478,13.3368654],[99.5210529,13.3364245],[99.5210097,13.3358604],[99.520925,13.3355784],[99.5208045,13.3353553],[99.5206601,13.3351969],[99.5204617,13.3350151],[99.5202152,13.3348569],[99.5199396,13.334733],[99.5194043,13.3345764],[99.51908,13.3344654],[99.5186113,13.334243],[99.5182912,13.3340394],[99.5179895,13.3337899],[99.517809,13.3335753],[99.517643,13.3333105],[99.5173417,13.3327645],[99.517227,13.3324355],[99.5171663,13.3321359],[99.5171054,13.3317681],[99.5170835,13.3314822],[99.5170979,13.3310075],[99.5171978,13.3299846],[99.5172032,13.3297142],[99.5171471,13.3291903],[99.5170744,13.3288769],[99.5168646,13.3281271],[99.5166483,13.327439],[99.5165174,13.3270861],[99.5163707,13.3268245],[99.5160096,13.326231],[99.515588,13.3255759],[99.5154408,13.3253151],[99.5152242,13.3248076],[99.5151352,13.3245141],[99.5151054,13.3243681],[99.5151052,13.3242535],[99.5151723,13.3240638],[99.5152441,13.3239579],[99.5153429,13.3238651],[99.5155902,13.3237015],[99.5160202,13.3234523],[99.5163769,13.3232106],[99.5166869,13.3229499],[99.5169406,13.3226869],[99.5171809,13.322389],[99.517405,13.3219653],[99.5174722,13.3217757],[99.5175225,13.3215205],[99.5175388,13.3213435],[99.5174973,13.3209028],[99.5174246,13.3205723],[99.5170761,13.3196737],[99.5169152,13.3193238],[99.5168365,13.319073],[99.5168118,13.3187674],[99.516833,13.3174508],[99.5167852,13.3171472],[99.5167542,13.3170531],[99.5166558,13.3168869],[99.5165435,13.316746],[99.5163271,13.3166211],[99.5159267,13.3164887],[99.5156146,13.3164501],[99.5152864,13.3164351],[99.5147343,13.3164362],[99.5144702,13.3164524],[99.5139743,13.3165396],[99.5134705,13.3166974],[99.5129393,13.3169175],[99.5118601,13.3174354],[99.5115902,13.3175285],[99.5114147,13.3175686],[99.5110941,13.317589],[99.5109151,13.3175729],[99.5107192,13.3175237],[99.5103103,13.3173393],[99.5093973,13.3167134],[99.5090446,13.3164398],[99.5088361,13.316238],[99.5086871,13.3160201],[99.5086489,13.3159325],[99.5086044,13.3156514],[99.5086284,13.3154119],[99.5086585,13.3152994],[99.508778,13.3150225],[99.5089709,13.314745],[99.5090693,13.3146577],[99.5093051,13.3145013],[99.509541,13.3143124],[99.5096589,13.3141866],[99.5097329,13.314074],[99.5097792,13.3139694],[99.5098,13.3138432],[99.5097794,13.3137102],[99.5096919,13.3135893],[99.5095359,13.3135057],[99.5093907,13.3134862],[99.5082294,13.313472],[99.5077296,13.3134366],[99.5073244,13.3133713],[99.5069832,13.3132761],[99.5068312,13.3132136],[99.5066406,13.313101],[99.5062679,13.3128431],[99.5056907,13.312327],[99.505384,13.3120161],[99.5050591,13.3116171],[99.5043609,13.3106722],[99.5042284,13.310455],[99.504144,13.3102612],[99.5040956,13.3100673],[99.5040651,13.3098264],[99.5040545,13.3092961],[99.5040305,13.3091995],[99.5039494,13.3090507],[99.503799,13.3088688],[99.5035646,13.3086871],[99.5034502,13.3084992],[99.5034199,13.3083465],[99.5034197,13.3082701],[99.5034189,13.3078645],[99.5034473,13.3071117],[99.5033928,13.3068477],[99.5033264,13.3066715],[99.5032059,13.3064484],[99.5027425,13.3058498],[99.5026981,13.3057325],[99.5026729,13.3056077],[99.5026802,13.3053928],[99.5027293,13.3052621],[99.5027888,13.3050033],[99.5027824,13.304827],[99.50274,13.3046272],[99.5027516,13.3044274],[99.5028293,13.3042862],[99.5030036,13.3040448],[99.5030409,13.3039309],[99.5030397,13.3037965],[99.5029736,13.303667],[99.5028676,13.3035818],[99.5027282,13.3035381],[99.502589,13.3035232],[99.5017608,13.3035307],[99.5006496,13.3034356],[99.500359,13.303384],[99.5001159,13.3033134],[99.4999118,13.3032346],[99.4993362,13.3029604],[99.4991266,13.3028083],[99.4990121,13.3026938],[99.498842,13.3024785],[99.4987529,13.3023004],[99.498667,13.3020321],[99.4986485,13.3017735],[99.498672,13.3015325],[99.4987614,13.3012502],[99.4988866,13.3009858],[99.4992587,13.3003267],[99.4997586,13.299563],[99.5007803,13.2983384],[99.5015041,13.297501],[99.5030375,13.2960769],[99.5037403,13.2954486],[99.5043687,13.2949249],[99.504748,13.2945678],[99.5051131,13.2941353],[99.5052797,13.2938343],[99.5053527,13.2936397],[99.505385,13.2934703],[99.5053876,13.2931648],[99.5053269,13.2928389],[99.5052585,13.292663],[99.5047522,13.2917517],[99.5046662,13.2915263],[99.5045957,13.2912149],[99.5045953,13.291004],[99.5046327,13.2907999],[99.5046795,13.2906868],[99.504782,13.2905224],[99.5050098,13.2902423],[99.5052826,13.2899979],[99.5057464,13.2896478],[99.5062242,13.2893413],[99.5067474,13.2890428],[99.5071389,13.2888442],[99.5076629,13.2886174],[99.5081747,13.2884597],[99.50913,13.2882817],[99.510341,13.2881275],[99.5112885,13.287898],[99.5115902,13.287848],[99.5117165,13.2877721],[99.5117796,13.2876818],[99.5118104,13.2875978],[99.5118595,13.2872781],[99.5119631,13.2870674],[99.5121386,13.2868308],[99.5122262,13.2866033],[99.512249,13.2864847],[99.5122421,13.2863683],[99.5121764,13.2861182],[99.5120181,13.2858264],[99.5119032,13.2855188],[99.5118887,13.28533],[99.5119115,13.2852018],[99.5120465,13.2848796],[99.5122141,13.2846677],[99.5124778,13.284479],[99.5127256,13.2843688],[99.5129975,13.2843056],[99.5132303,13.2843111],[99.5133573,13.2843321],[99.5138461,13.2845076],[99.5141182,13.2845776],[99.5144303,13.2846005],[99.5147583,13.2845763],[99.5151103,13.2845286],[99.5155422,13.2844415],[99.5158774,13.2843546],[99.5160879,13.2842655],[99.5163097,13.2841343],[99.5165173,13.2839615],[99.516669,13.2837731],[99.5167645,13.2835535],[99.5168257,13.2832699],[99.5168471,13.2828832],[99.5168174,13.2825776],[99.5167966,13.2824807],[99.5166562,13.2821391],[99.5164635,13.2818365],[99.5163137,13.2816487],[99.5162322,13.2815141],[99.5161718,13.2813213],[99.5161861,13.2810201],[99.5162641,13.2806445],[99.5162791,13.2804158],[99.5162622,13.2802056],[99.5162203,13.2800624],[99.5161393,13.2798831],[99.5157649,13.2793719],[99.5141931,13.2776823],[99.5136001,13.2770253],[99.5132649,13.2765157],[99.5131247,13.2760968],[99.51309,13.2756574],[99.5131104,13.2755258],[99.5132255,13.2751073],[99.5133869,13.2747895],[99.5135995,13.2744442],[99.5138439,13.2739944],[99.5140563,13.2735133],[99.5142682,13.2728337],[99.5145959,13.2713806],[99.5148315,13.2704062],[99.5149125,13.2697708],[99.5149113,13.2691856],[99.5148723,13.2689718],[99.5147907,13.2687184],[99.5146644,13.2684651],[99.5145143,13.2680892],[99.5144143,13.2677574],[99.5143418,13.2672537],[99.5143408,13.2667819],[99.5144001,13.266406],[99.5144675,13.2661562],[99.514579,13.26585],[99.5147079,13.2656013],[99.5147666,13.2654982],[99.514986,13.2652104],[99.5153176,13.2649037],[99.5157817,13.2645293],[99.5163164,13.264072],[99.5165162,13.2638672],[99.5166486,13.2636936],[99.5168763,13.2633484],[99.5169593,13.2631717],[99.5170564,13.2628768],[99.5170721,13.2626298],[99.5170357,13.2622425],[99.5169933,13.2620572],[99.5168925,13.2617492],[99.516652,13.2612027],[99.5163016,13.26051],[99.5160704,13.2601165],[99.5158638,13.2598221],[99.51574,13.2596639],[99.5152382,13.2591486],[99.5147111,13.2587474],[99.5142181,13.2584273],[99.5136961,13.2580024],[99.5134133,13.2576532],[99.5130806,13.2570924],[99.5123629,13.2556818],[99.5122832,13.2554797],[99.5118231,13.2542948],[99.5115934,13.2535687],[99.5114818,13.2531083],[99.5113168,13.2521846],[99.5111967,13.2512448],[99.5111501,13.250117],[99.5111408,13.2494023],[99.5111533,13.2492741],[99.5112896,13.2486566],[99.5113167,13.2484201],[99.5113062,13.248294],[99.5112635,13.2480873],[99.5111383,13.2477865],[99.5109799,13.2474859],[99.5108302,13.2470622],[99.5107738,13.2467406],[99.5107618,13.2464289],[99.510782,13.2462171],[99.5108138,13.2460408],[99.5108706,13.2459056],[99.510968,13.2457777],[99.5111006,13.2456473],[99.5113245,13.2454842],[99.5115651,13.2453861],[99.5119967,13.2452876],[99.512264,13.2452663],[99.5124341,13.2452378],[99.5126211,13.2451824],[99.5141387,13.2438713],[99.5167566,13.2413398],[99.5183973,13.2392893],[99.5195482,13.2368914],[99.5218892,13.2296564],[99.5226396,13.2270851],[99.5231214,13.2236868],[99.5241832,13.2212891],[99.5264391,13.2159271],[99.5286082,13.2116542],[99.5290496,13.2101724],[99.5290998,13.2095606],[99.5292982,13.2071457],[99.5296638,13.2077016],[99.529726,13.2078028],[99.5299791,13.2081434],[99.5301019,13.2082632],[99.5301401,13.2083093],[99.5303814,13.2086182],[99.530546,13.208829],[99.5306843,13.2089585],[99.5307517,13.2090216],[99.5308574,13.2090955],[99.5310234,13.2091822],[99.5311034,13.2092148],[99.5314675,13.209278],[99.5316252,13.2092662],[99.5318365,13.2092108],[99.5320275,13.20912],[99.5323372,13.2089037],[99.5326967,13.2086089],[99.5331358,13.2081841],[99.5332858,13.2080391],[99.5336954,13.2076446],[99.5337863,13.2075657],[99.5340548,13.2073807],[99.5342946,13.2072429],[99.5345245,13.2071444],[99.5347646,13.2071145],[99.5350448,13.2071433],[99.5353352,13.2072505],[99.5355456,13.2073873],[99.5358362,13.2075926],[99.5360711,13.2076855],[99.536089,13.2076926],[99.5361567,13.2077194],[99.536517,13.2077872],[99.5369372,13.2077667],[99.5373072,13.2076875],[99.5377171,13.2075494],[99.5381168,13.2073754],[99.538287,13.2072476],[99.5384002,13.2071034],[99.5385,13.2069266],[99.538553,13.2067433],[99.5385592,13.2065143],[99.5385453,13.2062984],[99.5385113,13.2060237],[99.5384976,13.2058406],[99.5385185,13.2057329],[99.5385306,13.2056704],[99.5385532,13.205606],[99.5385903,13.2055002],[99.5386434,13.2053496],[99.5386699,13.2052449],[99.5386719,13.2052231],[99.5386753,13.2051231],[99.5386819,13.20493],[99.5386877,13.2047275],[99.5387157,13.2045947],[99.538762,13.204453],[99.5387917,13.2043887],[99.5388171,13.2043601],[99.5388613,13.204327],[99.5389179,13.2042973],[99.5389983,13.2042653],[99.5391037,13.2042457],[99.539125,13.2042451],[99.5392768,13.2042412],[99.5394203,13.2042326],[99.5395088,13.2042117],[99.5396185,13.2041577],[99.5396659,13.2041266],[99.5397112,13.204079],[99.5398417,13.2039215],[99.5400521,13.2036523],[99.54009,13.2036086],[99.54025,13.2034244],[99.5403638,13.2033249],[99.5404463,13.2032775],[99.5404923,13.2032609],[99.540659,13.203225],[99.5409502,13.2032161],[99.5413217,13.2032112],[99.541672,13.203227],[99.5417447,13.2032352],[99.5419288,13.2032636],[99.5420816,13.2033089],[99.5421044,13.2033165],[99.5421405,13.2033287],[99.5423943,13.203433],[99.5424576,13.2034652],[99.5426478,13.2035517],[99.5428379,13.2036174],[99.542973,13.2036337],[99.5430742,13.2036169],[99.5432007,13.2035464],[99.5435125,13.2032976],[99.5437232,13.2031193],[99.543879,13.2029494],[99.5439674,13.2028582],[99.5440685,13.2027836],[99.5441206,13.2027456],[99.5442245,13.2026864],[99.5443426,13.2026465],[99.5445071,13.2026172],[99.5446844,13.2026086],[99.5448912,13.2025957],[99.545022,13.202583],[99.5451824,13.202562],[99.5453638,13.2025409],[99.5455284,13.2025365],[99.5457985,13.2025235],[99.5460391,13.2025271],[99.5461743,13.2025516],[99.5463094,13.2025885],[99.5464911,13.2026709],[99.5467104,13.2028013],[99.5467531,13.2028316],[99.5468969,13.2029471],[99.5469567,13.2029844],[99.5470026,13.203013],[99.5471589,13.203083],[99.5473658,13.2031115],[99.5474545,13.2031485],[99.5475644,13.2032145],[99.5476913,13.20333],[99.5477622,13.2033992],[99.5478479,13.2035151],[99.5479411,13.2036769],[99.5479942,13.2038046],[99.5480326,13.2039754],[99.5480383,13.2040294],[99.5480433,13.2040778],[99.5480943,13.2042514],[99.548158,13.204396],[99.5482191,13.2044883],[99.5482427,13.204524],[99.5483548,13.2046408],[99.5485468,13.2048143],[99.548749,13.2049491],[99.548878,13.2050645],[99.5489294,13.2051105],[99.54908,13.2053234],[99.549178,13.205529],[99.5492663,13.2057744],[99.549296,13.205926],[99.5493143,13.2060801],[99.5493374,13.2063521],[99.5493731,13.2065929],[99.5493905,13.2066453],[99.5494309,13.2067417],[99.5494881,13.2068437],[99.5496085,13.2069905],[99.5496391,13.2070279],[99.5497883,13.2071431],[99.5498653,13.2071928],[99.55012,13.2073356],[99.5505256,13.2075039],[99.5506604,13.2075618],[99.5509105,13.2076419],[99.551077,13.2076784],[99.5514341,13.2077151],[99.5519968,13.2076624],[99.5522893,13.207603],[99.5525845,13.207523],[99.5527543,13.207477],[99.5531367,13.2073659],[99.5533344,13.2073043],[99.5535406,13.2072015],[99.5536454,13.2071238],[99.5537736,13.2069675],[99.5539158,13.2067687],[99.553998,13.2066068],[99.5540949,13.2063419],[99.5541105,13.2062746],[99.5541257,13.206209],[99.5541651,13.2060388],[99.5541994,13.205585],[99.5542279,13.2054152],[99.5543024,13.2051798],[99.5543547,13.2050694],[99.5544369,13.2049295],[99.5545042,13.2048338],[99.5545591,13.2047798],[99.5546133,13.2047344],[99.5546308,13.2047245],[99.5548564,13.2046272],[99.5551114,13.2045678],[99.555479,13.2045229],[99.5558426,13.2044436],[99.5559215,13.2044263],[99.556169,13.2043376],[99.5564463,13.2041973],[99.5567011,13.2040718],[99.5568811,13.2040125],[99.5571361,13.2039605],[99.5573132,13.203955],[99.557355,13.2039537],[99.5573912,13.2039526],[99.5576239,13.2039668],[99.5579467,13.2040249],[99.5582847,13.2041565],[99.5586678,13.2043321],[99.5587347,13.204378],[99.559021,13.204574],[99.5592345,13.2047822],[99.5592846,13.2048328],[99.5593225,13.2048788],[99.5595234,13.2050939],[99.5597261,13.2052622],[99.5598082,13.2053314],[99.5598728,13.2053857],[99.5599866,13.2054579],[99.5600472,13.2054872],[99.5602314,13.2055565],[99.5603965,13.2055709],[99.560561,13.205565],[99.5606264,13.205548],[99.56066,13.2055336],[99.5607639,13.2054672],[99.5608199,13.2054146],[99.5609212,13.2053198],[99.5610184,13.2051872],[99.5611379,13.2050584],[99.5612699,13.2049733],[99.561348,13.2049365],[99.561558,13.2048772],[99.5618956,13.2048544],[99.5622258,13.204839],[99.5624899,13.2048384],[99.5625423,13.2048416],[99.5628187,13.2048965],[99.5629356,13.2049386],[99.563344,13.2051183],[99.5634585,13.2051508],[99.5636997,13.205169],[99.5637456,13.2051689],[99.5638254,13.2051643],[99.5641168,13.2051093],[99.5644618,13.2050056],[99.5646418,13.2048982],[99.5647784,13.2047679],[99.56481,13.2047267],[99.5649186,13.2045855],[99.5650682,13.2044014],[99.565189,13.2042938],[99.5653315,13.2042217],[99.5654429,13.20418],[99.5658029,13.2040836],[99.5660528,13.2040218],[99.5662204,13.2039925],[99.5668231,13.2039711],[99.5671008,13.2039705],[99.5673183,13.2039406],[99.5673461,13.2039365],[99.5676245,13.2038676],[99.5683542,13.2035523],[99.5694235,13.203001],[99.5704229,13.2025478],[99.5710924,13.202164],[99.5715775,13.2018541],[99.57162,13.201827],[99.5718502,13.201667],[99.571952,13.2015962],[99.5721978,13.2013946],[99.5723384,13.2012128],[99.5723443,13.2012035],[99.5724115,13.2010968],[99.5724742,13.2009036],[99.5725798,13.2005067],[99.5726392,13.2002125],[99.5726988,13.2000555],[99.5727786,13.1999377],[99.5729183,13.1997707],[99.573108,13.1996233],[99.5732309,13.1995131],[99.5735815,13.1991991],[99.5736965,13.1990811],[99.573937,13.1988106],[99.5742235,13.1985568],[99.5742753,13.1985178],[99.5743484,13.1984769],[99.5744873,13.1984437],[99.5746365,13.1984378],[99.5748663,13.1984766],[99.5752225,13.1985996],[99.5753167,13.1986356],[99.5753834,13.1986611],[99.5755385,13.1986832],[99.5756533,13.1986717],[99.5758197,13.1986432],[99.5760046,13.1985575],[99.5761122,13.1985076],[99.5762058,13.1984656],[99.5765909,13.1982931],[99.5768284,13.1981702],[99.5770889,13.1980666],[99.5773263,13.1979865],[99.5777062,13.1978778],[99.5779378,13.1978242],[99.5781762,13.1977689],[99.578304,13.1977436],[99.5786118,13.1977132],[99.5788064,13.1977185],[99.5789007,13.1977267],[99.5790627,13.197766],[99.579237,13.1978526],[99.579299,13.1978971],[99.5794073,13.1979916],[99.5796181,13.1982754],[99.5798392,13.1987063],[99.5799227,13.1988453],[99.5800848,13.1990466],[99.5801671,13.1991181],[99.580285,13.1992009],[99.5803995,13.199267],[99.580596,13.1993327],[99.5807843,13.1993479],[99.5809912,13.1993212],[99.5810882,13.1992908],[99.5814311,13.199183],[99.5819808,13.1989367],[99.5823505,13.19873],[99.5826704,13.1986214],[99.5828704,13.1985719],[99.5831304,13.1985419],[99.5833607,13.1985904],[99.5835479,13.1986751],[99.5837117,13.1987799],[99.5840923,13.1991181],[99.5841895,13.1992181],[99.5845408,13.1995794],[99.5845781,13.1996261],[99.5846381,13.1996836],[99.5848645,13.1999006],[99.5851753,13.2001449],[99.5854073,13.2002579],[99.5856008,13.200303],[99.5858619,13.2003082],[99.5859569,13.2003026],[99.5860298,13.2002983],[99.5860725,13.2002888],[99.5862132,13.2002768],[99.5863719,13.200236],[99.5866005,13.2001485],[99.5867092,13.200082],[99.5868384,13.1999946],[99.5870289,13.1998656],[99.5872587,13.1997572],[99.5874829,13.1997215],[99.58761,13.199746],[99.5876552,13.1997587],[99.5879423,13.1999079],[99.5879743,13.1999346],[99.5881863,13.2000716],[99.5882861,13.2001293],[99.5884432,13.2001802],[99.5886105,13.200205],[99.5888036,13.2001884],[99.5889606,13.2001748],[99.5893206,13.2000858],[99.5896604,13.1999379],[99.5900547,13.1996704],[99.5901099,13.199633],[99.5907688,13.1990629],[99.590829,13.1990222],[99.5909286,13.1989547],[99.5914284,13.1987477],[99.5919182,13.1985897],[99.5923416,13.1984412],[99.5923681,13.1984319],[99.5926146,13.1983363],[99.5927201,13.1983058],[99.5929223,13.1982505],[99.5931849,13.198233],[99.5934907,13.1982703],[99.5937579,13.1983498],[99.5942707,13.1985174],[99.5947664,13.1987567],[99.5948057,13.198784],[99.594943,13.1988797],[99.5950502,13.1989887],[99.5951932,13.199163],[99.5953922,13.199513],[99.5954962,13.1996967],[99.5958248,13.2000986],[99.5958439,13.2001197],[99.5961548,13.2004523],[99.5964907,13.2009176],[99.5965363,13.2009807],[99.5966871,13.2012647],[99.5967343,13.2013848],[99.5968183,13.2017349],[99.596859,13.2020387],[99.5969301,13.20246],[99.5970813,13.2029204],[99.5971891,13.2031188],[99.5973807,13.2033337],[99.5977432,13.2035811],[99.5981,13.203794],[99.5985697,13.2040367],[99.5991078,13.2042988],[99.5992945,13.2043558],[99.5995358,13.2044295],[99.5998285,13.2044729],[99.6000177,13.2045033],[99.6002789,13.204538],[99.6004117,13.204581],[99.6005201,13.2046362],[99.6005945,13.204699],[99.6006102,13.2047191],[99.6007149,13.2048531],[99.6008428,13.2050072],[99.6009255,13.2050732],[99.6010457,13.205117],[99.6012679,13.2051312],[99.6015935,13.2051304],[99.601621,13.2051324],[99.6017436,13.2051414],[99.6018368,13.2051692],[99.6019464,13.2052252],[99.6020348,13.2053076],[99.6021194,13.2053865],[99.6022474,13.205548],[99.6023539,13.2056345],[99.6024115,13.2056634],[99.6024623,13.2056731],[99.6026057,13.2057003],[99.602936,13.2056995],[99.6034249,13.205718],[99.6036988,13.2057028],[99.6041385,13.2056784],[99.6047126,13.2056247],[99.6053266,13.2055251],[99.6056969,13.2054323],[99.6058271,13.2053997],[99.6062206,13.2052483],[99.6065274,13.2050971],[99.6067473,13.2049265],[99.6070321,13.2046938],[99.6070605,13.2046706],[99.6073471,13.2044475],[99.6076004,13.2042964],[99.6079272,13.2041255],[99.608354,13.2039152],[99.6085024,13.2038617],[99.6086476,13.2038368],[99.608693,13.2038367],[99.6087374,13.2038366],[99.6087868,13.2038514],[99.6088377,13.2038773],[99.608883,13.2039128],[99.608943,13.2039805],[99.6091003,13.2041581],[99.6092543,13.2042975],[99.6095195,13.2045671],[99.6097281,13.2047265],[99.6099535,13.2048418],[99.6101619,13.2048964],[99.6103476,13.204907],[99.6105783,13.2048899],[99.6107414,13.2048564],[99.6108763,13.2047899],[99.6110036,13.2047077],[99.6110554,13.2046621],[99.6110976,13.204625],[99.611202,13.2045024],[99.6113648,13.2043145],[99.6115107,13.2041653],[99.611637,13.204071],[99.6117081,13.204034],[99.6118536,13.2039936],[99.6121237,13.2039764],[99.6122415,13.2039761],[99.6123166,13.2039759],[99.6126241,13.2039312],[99.6127088,13.2038895],[99.6128076,13.2037971],[99.6128705,13.2036917],[99.612915,13.2035873],[99.6129486,13.2035069],[99.6130144,13.2034421],[99.6130895,13.2034076],[99.6131809,13.2034091],[99.6133043,13.2034552],[99.6134971,13.2035709],[99.6135241,13.203587],[99.6136368,13.2036364],[99.6138621,13.2037406],[99.6141043,13.2038007],[99.6142371,13.2038365],[99.614307,13.2038554],[99.6145742,13.203936],[99.6147604,13.2040132],[99.6149344,13.2040759],[99.6150396,13.2040815],[99.6151379,13.2040673],[99.6152517,13.2040385],[99.6153275,13.2040165],[99.6155007,13.203952],[99.615617,13.2039087],[99.6157689,13.2038863],[99.6159265,13.2038914],[99.6162587,13.2039348],[99.616681,13.2040109],[99.6169569,13.2040875],[99.6170536,13.2041288],[99.6171308,13.2041705],[99.6172211,13.2042433],[99.6172931,13.2043341],[99.6173186,13.2044085],[99.6173273,13.2045242],[99.6173047,13.2046109],[99.6172981,13.204636],[99.6172589,13.2047487],[99.6172479,13.20483],[99.6172481,13.2048966],[99.6172902,13.2050229],[99.6172941,13.2050344],[99.6173818,13.2051893],[99.6174608,13.2052938],[99.6175199,13.2053311],[99.6176057,13.2053618],[99.6176974,13.205376],[99.6178171,13.2053719],[99.6179338,13.2053441],[99.6180119,13.2053114],[99.6180931,13.2052542],[99.6181465,13.205197],[99.6181865,13.2051542],[99.6182773,13.2050001],[99.6182873,13.204983],[99.618327,13.2049397],[99.6183553,13.2049213],[99.6184024,13.2049039],[99.6184623,13.2048992],[99.6185854,13.2049162],[99.6187206,13.2049379],[99.6188465,13.2049587],[99.6190223,13.2049702],[99.6190808,13.2049701],[99.6191661,13.2049699],[99.6192916,13.2049595],[99.6193188,13.2049534],[99.6194465,13.204903],[99.6196104,13.2048071],[99.619683,13.2047456],[99.6198004,13.2046375],[99.619935,13.2044773],[99.6200642,13.2043722],[99.6201822,13.2043057],[99.620277,13.2042568],[99.6203266,13.2042391],[99.6204284,13.204217],[99.6204978,13.2042052],[99.620666,13.2041998],[99.6208573,13.2041993],[99.6210261,13.2042044],[99.6211969,13.2041932],[99.6213298,13.2041636],[99.6216943,13.2039969],[99.6219145,13.2039215],[99.6220877,13.2038817],[99.6222146,13.2038763],[99.622335,13.2039005],[99.6224268,13.2039359],[99.6224829,13.2039705],[99.6225543,13.2040222],[99.6226012,13.2040679],[99.6226511,13.2041368],[99.6229883,13.2046022],[99.6232765,13.2048894],[99.6233574,13.2049778],[99.6234157,13.2050346],[99.6234901,13.2050787],[99.6235773,13.2050848],[99.623658,13.2050688],[99.6239354,13.2049479],[99.6242811,13.2047302],[99.6243643,13.2046779],[99.6244514,13.204646],[99.6245333,13.204639],[99.6245797,13.204645],[99.6246032,13.2046583],[99.6246905,13.2047182],[99.6247352,13.2047746],[99.6248368,13.2049404],[99.6249172,13.2050717],[99.6250244,13.2051762],[99.6251597,13.2052586],[99.6252886,13.2052923],[99.6253258,13.205294],[99.625503,13.2052688],[99.6255228,13.2052633],[99.6256998,13.2052145],[99.6257448,13.205202],[99.625908,13.2051851],[99.6260093,13.2051959],[99.6261277,13.2052507],[99.6263081,13.2053826],[99.6263425,13.2054127],[99.6265038,13.2055533],[99.6265367,13.2055775],[99.6265767,13.2056035],[99.6266965,13.2056736],[99.6268083,13.2057098],[99.6269763,13.205722],[99.6271378,13.2057185],[99.627162,13.2057135],[99.6272922,13.2056793],[99.6274925,13.2055841],[99.6276689,13.2054616],[99.6277132,13.2054214],[99.6278923,13.2052578],[99.6280607,13.2050955],[99.628242,13.2049799],[99.6284128,13.2049272],[99.6285997,13.2049006],[99.6287813,13.2049158],[99.62907,13.2049831],[99.6294709,13.2050921],[99.6297808,13.2051436],[99.6300586,13.2051482],[99.6302828,13.205111],[99.6304696,13.2050268],[99.6307709,13.2048422],[99.6311506,13.2045207],[99.631597,13.204114],[99.6317024,13.2039972],[99.6318743,13.2038068],[99.6320231,13.203642],[99.6323892,13.2032224],[99.6325958,13.2030583],[99.6327825,13.2029663],[99.6330028,13.2029396],[99.6331965,13.2029718],[99.633494,13.203026],[99.6335505,13.2030363],[99.633791,13.2030619],[99.6339712,13.2030418],[99.6341581,13.2030087],[99.6343515,13.2029231],[99.6346248,13.2027654],[99.6350581,13.2025092],[99.6353604,13.2022948],[99.6353999,13.2022595],[99.6356625,13.2020474],[99.6356842,13.2020299],[99.6359458,13.2018283],[99.6360643,13.2017598],[99.6361108,13.201733],[99.6363043,13.2016655],[99.636376,13.2016579],[99.6365208,13.2016426],[99.6367316,13.2016533],[99.6368912,13.2016864],[99.6369996,13.2017363],[99.637091,13.2018199],[99.6371653,13.2019202],[99.6373457,13.2022504],[99.6374687,13.2024755],[99.6376407,13.2028938],[99.6376697,13.2030821],[99.6376631,13.2032706],[99.6376137,13.2034661],[99.6374295,13.2038503],[99.6373234,13.2040948],[99.6372927,13.2042011],[99.6372528,13.2043392],[99.6372676,13.2045834],[99.6372809,13.2046347],[99.6373468,13.2048903],[99.6374616,13.2052319],[99.6376266,13.2056851],[99.6376984,13.2058942],[99.637713,13.2060617],[99.6377063,13.2062222],[99.6376711,13.2063758],[99.6375719,13.2065435],[99.6370249,13.2070961],[99.6369113,13.2072499],[99.636869,13.2073896],[99.6368764,13.2075291],[99.6369124,13.2076826],[99.637027,13.2078986],[99.6372559,13.2082818],[99.6374347,13.2085745],[99.6375493,13.2088393],[99.6376283,13.2090694],[99.6377147,13.2094251],[99.6378008,13.2096761],[99.6379438,13.209906],[99.6381295,13.210087],[99.6383578,13.2102329],[99.6386714,13.2103438],[99.639377,13.2105374],[99.6403533,13.2107443],[99.6407453,13.210862],[99.6410164,13.2110009],[99.6412233,13.2111748],[99.6416231,13.2115087],[99.6420583,13.2117868],[99.642486,13.2119532],[99.6429921,13.2120915],[99.6435763,13.2121598],[99.6440819,13.2121376],[99.644687,13.2120174],[99.6451711,13.2119604],[99.6451925,13.21196],[99.6452807,13.2119585],[99.6456626,13.2119522],[99.6457045,13.2119575],[99.6458513,13.2119761],[99.6460402,13.212],[99.6463964,13.2120619],[99.646817,13.2122074],[99.6470643,13.2123384],[99.647302,13.2124644],[99.6476535,13.2127123],[99.6480414,13.2128974],[99.6483152,13.2129934],[99.6485127,13.2130413],[99.6487288,13.2130668],[99.6489079,13.2130664],[99.6492573,13.2130431],[99.6495081,13.2130499],[99.6497102,13.2130848],[99.6497209,13.2130866],[99.6499034,13.2131606],[99.6501012,13.2132643],[99.6503066,13.2133605],[99.6506335,13.2134565],[99.6509299,13.2135078],[99.6513479,13.2135589],[99.6518039,13.2136024],[99.6525409,13.21366],[99.6530501,13.2136724],[99.6533691,13.2136802],[99.6545314,13.2136773],[99.6560128,13.2136363],[99.6570914,13.2135814],[99.6577019,13.2135345],[99.6581206,13.2134915],[99.6582282,13.2134786],[99.6584068,13.2134573],[99.6585361,13.2134377],[99.6585651,13.2134268],[99.658626,13.2133948],[99.6586758,13.2133473],[99.6587631,13.2131437],[99.6588289,13.2130538],[99.6589224,13.2129469],[99.6590159,13.2128672],[99.6590809,13.2128268],[99.6591664,13.2127908],[99.6592388,13.21277],[99.6592899,13.2127553],[99.6593216,13.212743],[99.6593643,13.2127161],[99.6594216,13.2126623],[99.6595137,13.2125258],[99.6595483,13.2124662],[99.6596976,13.2121879],[99.6597862,13.2120228],[99.6598344,13.2119633],[99.6599364,13.2118831],[99.6599447,13.2118766],[99.6600336,13.2118152],[99.660128,13.2117565],[99.6602493,13.2116895],[99.6606097,13.2114443],[99.6606289,13.2114364],[99.6606955,13.2114178],[99.6607859,13.2114025],[99.6608556,13.2113983],[99.6608926,13.2114033],[99.6609336,13.211415],[99.6610035,13.2114548],[99.6610405,13.2114662],[99.6611553,13.2114624],[99.6612857,13.2114504],[99.6613761,13.2114484],[99.661488,13.2114616],[99.6616202,13.2114774],[99.6615821,13.211491],[99.6615476,13.2115183],[99.6615257,13.211549],[99.6614287,13.2116772],[99.6613457,13.2117868],[99.6613176,13.2118578],[99.6613086,13.2119393],[99.6613151,13.2120509],[99.6613369,13.2121534],[99.6613772,13.2122589],[99.6616561,13.2128947],[99.6617148,13.2129579],[99.6617795,13.213006],[99.6618597,13.2130481],[99.6621124,13.2131259],[99.6642901,13.2144838],[99.6643888,13.2145711],[99.6644691,13.2146553],[99.6645588,13.2148009],[99.6646115,13.2149386],[99.6646181,13.2150864],[99.6645999,13.215189],[99.6645927,13.2152043],[99.6645387,13.2153189],[99.664459,13.2154609],[99.6637258,13.2164765],[99.6635774,13.2167204],[99.6631985,13.2173437],[99.6631095,13.2174525],[99.6629774,13.2175645],[99.6628518,13.2176452],[99.662836,13.2176553],[99.6626207,13.2177736],[99.6625039,13.2178553],[99.662461,13.2179218],[99.6624366,13.2179943],[99.6624306,13.2180667],[99.6624275,13.2192161],[99.6624371,13.2193488],[99.6624775,13.2194574],[99.662527,13.2195387],[99.6626659,13.2196861],[99.6630147,13.2199718],[99.6631967,13.2201011],[99.6634529,13.2203448],[99.6635488,13.2204894],[99.6636045,13.2206039],[99.6636325,13.2207094],[99.6636513,13.2208149],[99.6636496,13.2213368],[99.663656,13.2214123],[99.6636747,13.2214846],[99.6637148,13.2215418],[99.6637704,13.2215839],[99.6638413,13.2216169],[99.6640403,13.2216736],[99.6641248,13.2216976],[99.6642327,13.2217305],[99.6643468,13.2218087],[99.6644075,13.2218693],[99.6644642,13.221926],[99.664625,13.2221971],[99.6646745,13.2222815],[99.6647455,13.2223507],[99.6649679,13.2225824],[99.6650853,13.2227299],[99.6651658,13.2228926],[99.6651907,13.2229831],[99.6652067,13.2232214],[99.6651405,13.2237887],[99.6651131,13.2239064],[99.6650844,13.2239903],[99.665049,13.2240937],[99.6649755,13.2242537],[99.6649058,13.2243602],[99.6647639,13.2245771],[99.6645738,13.2248793],[99.6642124,13.2256314],[99.6640624,13.2259486],[99.6639678,13.2262475],[99.6639221,13.2264498],[99.663898,13.2266399],[99.6638861,13.2267968],[99.6639013,13.2274872],[99.6639037,13.2275932],[99.6639009,13.2276958],[99.663895,13.2277984],[99.6638646,13.2279402],[99.6636609,13.228698],[99.6635627,13.2290633],[99.6635261,13.2291931],[99.6635202,13.2292897],[99.6635337,13.2295245],[99.663539,13.2296055],[99.663568,13.2300473],[99.6636464,13.2303276],[99.6636922,13.230417],[99.6637374,13.2304612],[99.6638114,13.2304932],[99.6638771,13.230501],[99.6642266,13.2304779],[99.66508,13.2304215],[99.6656793,13.2303596],[99.6657368,13.2303715],[99.6657779,13.2303915],[99.6658027,13.2304437],[99.6657905,13.2305081],[99.6657579,13.2305726],[99.6657129,13.2306491],[99.6650617,13.2312582],[99.6646483,13.2317339],[99.6644846,13.2319395],[99.6644356,13.2320482],[99.6644193,13.2321155],[99.6644113,13.2321489],[99.6644157,13.2322736],[99.6644449,13.2324424],[99.6645612,13.2329369],[99.6646565,13.2332303],[99.6647432,13.2334272],[99.664867,13.2336481],[99.6650524,13.233893],[99.6653943,13.2342702],[99.6656205,13.2344345],[99.6656402,13.2344479],[99.6660423,13.2347227],[99.667135,13.2356638],[99.6671654,13.2357053],[99.6675271,13.2362002],[99.6676607,13.2364757],[99.6678776,13.2370745],[99.6679122,13.237718],[99.667891,13.2379648],[99.6678207,13.2382975],[99.6676685,13.2387055],[99.6666666,13.2406979],[99.6665524,13.2409717],[99.6662526,13.2414874],[99.6656148,13.2425027],[99.6655059,13.2427014],[99.6654518,13.2429537],[99.6654322,13.2437797],[99.6654571,13.2439374],[99.665499,13.2442032],[99.6655542,13.244364],[99.6656092,13.2444711],[99.6656915,13.2445245],[99.6657956,13.2445403],[99.6663213,13.2445872],[99.6664178,13.2446447],[99.6664804,13.2447209],[99.6665026,13.2448335],[99.666492,13.2449622],[99.6664568,13.2450883],[99.6661878,13.2454752],[99.6658388,13.2460196],[99.6656014,13.2465485],[99.6655849,13.2465852],[99.6655194,13.2466712],[99.6652715,13.2467862],[99.6652278,13.2468477],[99.6652208,13.2469079],[99.6652208,13.2469365],[99.6652567,13.2470618],[99.6653289,13.2471765],[99.6653419,13.247197],[99.6654957,13.2473542],[99.665574,13.247497],[99.6656135,13.2476971],[99.6656541,13.2481245],[99.665623,13.2492845],[99.6656441,13.249499],[99.6657062,13.2496799],[99.6658574,13.2498874],[99.6660427,13.2500746],[99.666228,13.2502619],[99.6662942,13.2503694],[99.6663105,13.2503958],[99.6663657,13.2505767],[99.6663936,13.2507509],[99.666394,13.2509118],[99.6663533,13.2510527],[99.6662647,13.2511804],[99.6662506,13.2511926],[99.6661448,13.2512831],[99.6659846,13.2513621],[99.6655606,13.2515108],[99.6654375,13.2515647],[99.6654245,13.2515803],[99.665342,13.251679],[99.6652194,13.2518871],[99.6649402,13.2524573],[99.6648829,13.2526385],[99.6648545,13.2527856],[99.6648432,13.2529016],[99.6648639,13.2530572],[99.6648989,13.2532127],[99.6649007,13.2532329],[99.6649064,13.2533069],[99.6649042,13.2533574],[99.6648926,13.2534109],[99.6648903,13.2534217],[99.6648839,13.2534407],[99.6648694,13.2534838],[99.6648367,13.2535435],[99.6647924,13.2536079],[99.6647293,13.2536724],[99.6646755,13.2537161],[99.6645819,13.2537875],[99.6645352,13.2538359],[99.6645048,13.2538796],[99.6644862,13.2539347],[99.664477,13.253999],[99.6644819,13.2540587],[99.6644984,13.2541137],[99.6645267,13.254155],[99.6645643,13.2541824],[99.6647027,13.2542532],[99.6649467,13.2543674],[99.6652049,13.2544976],[99.6653058,13.2545662],[99.6653435,13.2546143],[99.6653694,13.2546739],[99.665386,13.2547473],[99.6654053,13.2549447],[99.6654196,13.2550342],[99.6654386,13.2551305],[99.6654459,13.2552063],[99.6654437,13.2552706],[99.6654345,13.2553509],[99.6654323,13.2554037],[99.6654371,13.2554474],[99.6654583,13.2554771],[99.6654912,13.2554931],[99.665531,13.2554999],[99.6655685,13.2554929],[99.6656153,13.2554721],[99.6656995,13.2553985],[99.6657568,13.2553399],[99.665821,13.2552742],[99.6658981,13.2552028],[99.6659683,13.2551521],[99.6660338,13.2551152],[99.6661134,13.2550875],[99.6663172,13.2550433],[99.6665304,13.2550175],[99.6665775,13.2550147],[99.6667342,13.2550055],[99.6669545,13.2550118],[99.6670811,13.2550252],[99.6671169,13.2550379],[99.6671327,13.2550435],[99.6671518,13.2550596],[99.667168,13.2550732],[99.6671756,13.2550942],[99.6671821,13.2551122],[99.6671916,13.2551581],[99.6671918,13.2552293],[99.667185,13.255305],[99.6671572,13.255436],[99.6671086,13.2556496],[99.6670391,13.2559459],[99.667016,13.2560791],[99.6670117,13.2561916],[99.6670283,13.2562696],[99.6670612,13.2563178],[99.6670705,13.2563229],[99.6671152,13.2563475],[99.6671738,13.2563542],[99.6672558,13.2563586],[99.6673309,13.2563698],[99.6673755,13.2563904],[99.6674013,13.2564293],[99.6674085,13.2564913],[99.6673993,13.256551],[99.6673737,13.25662],[99.6672874,13.2567556],[99.6671964,13.256889],[99.6671826,13.2569188],[99.6671614,13.2569649],[99.6671522,13.2570246],[99.6671594,13.2570865],[99.667183,13.2571324],[99.6672511,13.2571988],[99.6673803,13.2573224],[99.6674344,13.2573797],[99.6674603,13.2574301],[99.6674698,13.2574783],[99.66747,13.2575357],[99.6674795,13.257593],[99.6674984,13.2576366],[99.6675383,13.2576686],[99.6675899,13.2576823],[99.6676391,13.2576753],[99.6676999,13.2576476],[99.6678099,13.2575784],[99.6678824,13.2575185],[99.6679197,13.2574656],[99.667937,13.2574187],[99.6679522,13.2573508],[99.6679615,13.2573002],[99.6679802,13.2572772],[99.6680153,13.2572657],[99.6680288,13.2572648],[99.6680551,13.2572633],[99.6680997,13.2572723],[99.6682006,13.257318],[99.6683132,13.2573636],[99.668384,13.25738],[99.6684304,13.2573908],[99.6685805,13.2574134],[99.668686,13.2574338],[99.6687446,13.2574543],[99.6687728,13.2574818],[99.6687893,13.2575161],[99.6687941,13.257562],[99.6687919,13.2575825],[99.6687827,13.2576654],[99.6687759,13.2577435],[99.6687668,13.2578491],[99.6687644,13.2578677],[99.6687599,13.2579019],[99.6687389,13.2579456],[99.6687086,13.2579755],[99.6686594,13.2579894],[99.6685497,13.2579997],[99.6684837,13.2580059],[99.6683806,13.2580085],[99.668329,13.2580201],[99.6682939,13.2580409],[99.6682776,13.2580776],[99.6682731,13.2581167],[99.6682802,13.2581649],[99.6682898,13.2582452],[99.6682853,13.2583187],[99.6682739,13.258422],[99.6682858,13.2584885],[99.668307,13.2585344],[99.6683611,13.2585893],[99.6684104,13.2586374],[99.6684363,13.258681],[99.6684411,13.258736],[99.6684297,13.2588417],[99.6684185,13.2590368],[99.6684304,13.2591057],[99.6684563,13.2591423],[99.6685009,13.2591675],[99.6685595,13.2591742],[99.668584,13.2591681],[99.6686063,13.2591626],[99.6686906,13.2591142],[99.6687701,13.2590681],[99.6688263,13.2590473],[99.6688872,13.2590379],[99.6689365,13.2590424],[99.6689787,13.2590629],[99.6690116,13.2591019],[99.6690282,13.2591661],[99.6690403,13.2592992],[99.6690381,13.259375],[99.6690242,13.2594163],[99.6690009,13.25946],[99.6689682,13.2595014],[99.6689167,13.2595383],[99.6688348,13.2595752],[99.6687248,13.2596398],[99.668664,13.2596928],[99.668653,13.2597114],[99.6686244,13.2597594],[99.6686012,13.2598421],[99.6685968,13.2599386],[99.6686042,13.2600924],[99.6686018,13.2601248],[99.6685937,13.2602351],[99.6685908,13.2603269],[99.6685785,13.2604157],[99.66856,13.2605015],[99.6685043,13.2607006],[99.6684539,13.2608428],[99.6683898,13.2609634],[99.668331,13.2610503],[99.6683198,13.2610669],[99.6682059,13.2612021],[99.6680335,13.261369],[99.6679225,13.2614668],[99.667785,13.2615619],[99.6676184,13.2616714],[99.6674196,13.2618297],[99.6673816,13.2618757],[99.6673759,13.2619245],[99.6673878,13.2619733],[99.6674085,13.2620593],[99.6674438,13.2621023],[99.6675024,13.2621222],[99.6676108,13.262119],[99.6676928,13.2621274],[99.6677808,13.2621416],[99.6678394,13.2621672],[99.6678718,13.2622102],[99.6678954,13.2622675],[99.6679015,13.2623823],[99.6679016,13.2624148],[99.667902,13.2625717],[99.6679084,13.2627496],[99.6678915,13.2630136],[99.6678806,13.2632863],[99.6678753,13.2634986],[99.6678815,13.2636162],[99.667887,13.2638568],[99.6678915,13.2640902],[99.6679195,13.2643158],[99.6679712,13.2646524],[99.6680229,13.2649928],[99.6680863,13.2653102],[99.6681891,13.2657844],[99.6682367,13.2660329],[99.6682646,13.2662318],[99.6682728,13.2663772],[99.6682576,13.2665341],[99.6682271,13.266802],[99.6682352,13.2669206],[99.668251,13.2670047],[99.6682865,13.2671156],[99.6683024,13.2671997],[99.6683026,13.2672915],[99.6682794,13.2673681],[99.6682327,13.2674333],[99.6681159,13.2675637],[99.6680653,13.2676365],[99.6680537,13.2676977],[99.6680695,13.2677627],[99.6681363,13.2678812],[99.6682304,13.2680378],[99.6682816,13.2681639],[99.6682975,13.2682672],[99.668282,13.2683399],[99.668247,13.2683936],[99.668173,13.2684473],[99.6680209,13.2685549],[99.6679352,13.2686354],[99.6678925,13.2687159],[99.6678809,13.268781],[99.6678967,13.2688536],[99.6679875,13.2691901],[99.6679995,13.2692934],[99.6679841,13.2693584],[99.6679569,13.2694159],[99.6679062,13.2694658],[99.667836,13.2695004],[99.6675356,13.269616],[99.6674497,13.2696583],[99.6673913,13.2697082],[99.6673641,13.2697656],[99.6672941,13.2698729],[99.6672474,13.2699266],[99.6671889,13.2699612],[99.6671069,13.2699806],[99.6669388,13.2699504],[99.6667863,13.2698896],[99.6666455,13.2698096],[99.6665517,13.2697754],[99.6664804,13.2697693],[99.6664657,13.269768],[99.6664338,13.2697785],[99.6664072,13.2697873],[99.6663604,13.2698257],[99.6662358,13.2699637],[99.6661422,13.2700367],[99.665998,13.2701289],[99.6659161,13.2701903],[99.6658694,13.2702555],[99.6657837,13.2703513],[99.6656941,13.2704357],[99.66562,13.270478],[99.6655146,13.2705051],[99.6653116,13.2705439],[99.6651515,13.2705787],[99.6650189,13.2706288],[99.6649824,13.2706594],[99.6649409,13.2706941],[99.6649021,13.2707707],[99.6648902,13.2708128],[99.664875,13.2708664],[99.6648363,13.2710042],[99.6647938,13.2711727],[99.6647473,13.2712991],[99.6647084,13.2713757],[99.6646461,13.2714409],[99.6645837,13.2714755],[99.6644926,13.2714932],[99.6644236,13.2715065],[99.664201,13.2715301],[99.6640605,13.271561],[99.6638849,13.2716227],[99.6637913,13.2716689],[99.663682,13.2717074],[99.6636039,13.2717229],[99.6634829,13.2717424],[99.6632641,13.2717162],[99.6631547,13.271705],[99.6630609,13.2717052],[99.6629907,13.2717284],[99.6628152,13.2718206],[99.6627176,13.2718668],[99.6626279,13.2718938],[99.6625381,13.2719094],[99.6624092,13.2719212],[99.6622725,13.2719139],[99.6621555,13.271887],[99.6620951,13.2718585],[99.6620104,13.2717959],[99.6619204,13.271735],[99.6617992,13.2716894],[99.6616116,13.2716439],[99.6614787,13.2716328],[99.6614045,13.2716368],[99.6613343,13.2716485],[99.6612328,13.271687],[99.661166,13.2717117],[99.6611099,13.2717395],[99.6610228,13.271786],[99.6605163,13.2719146],[99.6601507,13.2720534],[99.660049,13.2721004],[99.6599798,13.2721472],[99.6599388,13.2721855],[99.6598869,13.2722429],[99.6598546,13.2723003],[99.6598331,13.2723682],[99.6597633,13.2729603],[99.659772,13.2729942],[99.6597981,13.2730281],[99.6598371,13.2730492],[99.6598762,13.2730597],[99.6599238,13.2730596],[99.6599649,13.2730425],[99.6601378,13.2729063],[99.6602308,13.2728403],[99.6602827,13.2728126],[99.6603757,13.2727911],[99.660458,13.2727718],[99.6605251,13.2727674],[99.6605891,13.2727672],[99.6606293,13.2727741],[99.6606822,13.2728024],[99.6607258,13.2728398],[99.6607507,13.2728814],[99.6607834,13.2729661],[99.6607966,13.2730488],[99.6607824,13.2733904],[99.6607957,13.2734944],[99.6608178,13.2736513],[99.6608352,13.2737043],[99.6608678,13.2737403],[99.661059,13.2739413],[99.6610938,13.2739943],[99.6611308,13.2740939],[99.6611682,13.2743102],[99.6611774,13.2744905],[99.6611497,13.274673],[99.6610671,13.2753691],[99.6610721,13.2756003],[99.6611186,13.2759672],[99.6611165,13.2760033],[99.6610993,13.2760436],[99.6609546,13.2761904],[99.6608984,13.2762436],[99.6607025,13.2765891],[99.6606927,13.276625],[99.6606916,13.2766493],[99.6607003,13.2766896],[99.6607112,13.2767129],[99.6608502,13.2768526],[99.6608655,13.276875],[99.6608702,13.2768889],[99.6608771,13.276909],[99.6608821,13.2769671],[99.6608813,13.2770096],[99.6608786,13.2770236],[99.660793,13.2772982],[99.6607586,13.2774192],[99.6607566,13.277468],[99.6607654,13.2775126],[99.6607937,13.2775677],[99.6610806,13.2779551],[99.6612236,13.2782198],[99.6612356,13.2782566],[99.6612357,13.2782834],[99.6612223,13.2783398],[99.6611993,13.2783852],[99.6611609,13.2784306],[99.6611051,13.2784761],[99.6610302,13.2785292],[99.6610088,13.2785443],[99.6609395,13.2785936],[99.660903,13.2786334],[99.6608852,13.2786672],[99.6608742,13.2786882],[99.6608628,13.2787392],[99.6608629,13.2787902],[99.6608747,13.2788469],[99.6608792,13.2788561],[99.6608999,13.2788978],[99.6609347,13.2789393],[99.6609888,13.2789788],[99.661037,13.2789957],[99.6610872,13.279005],[99.6611412,13.2790124],[99.6611894,13.2790142],[99.6612396,13.2790103],[99.661307,13.2789969],[99.6613232,13.2789919],[99.6613719,13.278977],[99.6614478,13.2789475],[99.6614947,13.2789254],[99.6616291,13.2788335],[99.6616421,13.2788236],[99.6618026,13.278682],[99.6618094,13.2786745],[99.6618518,13.2786385],[99.6618864,13.2786214],[99.6619423,13.2786005],[99.6619543,13.2785974],[99.6619883,13.2785888],[99.6620464,13.2785775],[99.6621235,13.2785673],[99.6621651,13.2785618],[99.6622661,13.2785524],[99.662403,13.2785426],[99.6625052,13.2785386],[99.6625892,13.2785436],[99.6626054,13.2785458],[99.6626456,13.2785511],[99.6627297,13.2785727],[99.6627651,13.2785847],[99.6628139,13.2786133],[99.6628835,13.2786754],[99.6629435,13.2787508],[99.6629765,13.2788187],[99.6630095,13.2789074],[99.6630368,13.2790037],[99.6630527,13.2790715],[99.6630897,13.2791974],[99.6631456,13.2793658],[99.6631686,13.2794105],[99.6631806,13.279434],[99.6632058,13.2794698],[99.6632348,13.2794943],[99.6632869,13.2795168],[99.6633525,13.2795317],[99.6634162,13.2795372],[99.6634913,13.2795314],[99.6635569,13.2795236],[99.6636224,13.2795084],[99.6636783,13.2794837],[99.6638612,13.2793552],[99.663872,13.2793481],[99.663995,13.2792648],[99.6640263,13.2792491],[99.6640778,13.2792393],[99.6641078,13.2792393],[99.6641641,13.2792497],[99.6641884,13.2792621],[99.6642123,13.2792781],[99.6642423,13.2793089],[99.6642559,13.2793376],[99.6642737,13.2793895],[99.6642882,13.2794594],[99.6642971,13.2795697],[99.6642926,13.2796082],[99.6642782,13.2796974],[99.6642479,13.2797926],[99.6641941,13.2799073],[99.6641121,13.2800284],[99.6639977,13.2801773],[99.6638617,13.2803325],[99.6637668,13.2804897],[99.6636957,13.2806469],[99.6636516,13.2808062],[99.6635948,13.2810793],[99.6635663,13.2813434],[99.6635656,13.2814356],[99.6635787,13.2815528],[99.6636074,13.2817013],[99.6636629,13.2819321],[99.6636794,13.2819678],[99.6637033,13.282008],[99.6637253,13.2820348],[99.663751,13.2820607],[99.6637757,13.2820848],[99.6638032,13.2821035],[99.6638334,13.2821187],[99.6638626,13.2821257],[99.6639321,13.2821256],[99.6642408,13.2820943],[99.6642874,13.2820915],[99.664314,13.2820977],[99.6643293,13.2821023],[99.664339,13.2821091],[99.6643579,13.2821334],[99.6643671,13.2821593],[99.6643645,13.2822193],[99.6643564,13.2822471],[99.6643473,13.2822704],[99.6643273,13.2823062],[99.6642718,13.2824003],[99.66426,13.2824362],[99.6642565,13.282463],[99.6642565,13.2824908],[99.664264,13.2825409],[99.6642824,13.2826053],[99.6643016,13.2826549],[99.6643284,13.2827242],[99.6643872,13.2828413],[99.6644276,13.2829029],[99.6644973,13.2829806],[99.664576,13.2830449],[99.6646465,13.2830984],[99.6649092,13.2832346],[99.6650475,13.2833533],[99.6650786,13.2833935],[99.665098,13.2834346],[99.6651155,13.2834963],[99.6651266,13.2835464],[99.6651285,13.2835822],[99.665125,13.2836234],[99.665115,13.2836592],[99.665095,13.2836924],[99.6650576,13.2837175],[99.6649918,13.2837258],[99.6649242,13.2837233],[99.6647724,13.2836896],[99.6646755,13.2836738],[99.664607,13.2836766],[99.6645431,13.2836884],[99.6644947,13.2837047],[99.6644655,13.2837262],[99.6644391,13.2837505],[99.6644264,13.2837818],[99.6644155,13.2838284],[99.6644157,13.2838803],[99.6644185,13.2839277],[99.6644314,13.2839572],[99.6644498,13.2839867],[99.6644965,13.2840296],[99.6645185,13.2840427],[99.6646786,13.2841377],[99.6647006,13.2841508],[99.6647326,13.2841739],[99.6647574,13.2841998],[99.664784,13.2842356],[99.6648253,13.2843223],[99.6648502,13.2843983],[99.6648677,13.2844322],[99.6648915,13.2844671],[99.6649777,13.2845868],[99.6650456,13.2846895],[99.6650677,13.2847432],[99.665076,13.2847817],[99.6650808,13.2848702],[99.6650813,13.2850483],[99.6650869,13.2850958],[99.6651072,13.2851503],[99.6651513,13.2852325],[99.6652476,13.2853692],[99.6653869,13.2855121],[99.6654648,13.2855728],[99.6656076,13.2856842],[99.6656323,13.2857173],[99.6656434,13.285745],[99.665649,13.2857906],[99.6656482,13.2858336],[99.6656446,13.2858712],[99.6656338,13.2859097],[99.6656201,13.2859348],[99.6655974,13.2859599],[99.6655077,13.2860213],[99.6654896,13.286039],[99.6654874,13.2860632],[99.6654987,13.2860852],[99.6655124,13.2860939],[99.6655438,13.2861138],[99.6657579,13.2862168],[99.6659314,13.2863111],[99.6660464,13.2863858],[99.6661231,13.2864429],[99.666166,13.2864957],[99.6661999,13.2865529],[99.6662181,13.2866212],[99.6662477,13.2867577],[99.6662614,13.2868084],[99.6662772,13.2868392],[99.6662975,13.2868568],[99.6663387,13.2868651],[99.666373,13.2868641],[99.6664655,13.2868752],[99.6665541,13.2868976],[99.6666158,13.2869201],[99.6666929,13.2869576],[99.6667422,13.2869762],[99.6667929,13.2869837],[99.66682,13.2869837],[99.6668585,13.2869798],[99.6669086,13.2869683],[99.6669393,13.2869532],[99.6670788,13.2868652],[99.6671892,13.2868068],[99.6675161,13.2866612],[99.6679886,13.2863947],[99.6680451,13.286372],[99.6680583,13.2863694],[99.6681237,13.2863617],[99.6681777,13.2863766],[99.6682355,13.2864067],[99.6686217,13.2868092],[99.6687761,13.2869408],[99.6688953,13.2870133],[99.6690614,13.2870909],[99.6691457,13.2871248],[99.6691732,13.2871359],[99.6692773,13.2871582],[99.6694506,13.2871804],[99.6695546,13.2871801],[99.6696354,13.2871686],[99.6698739,13.2870737],[99.6700393,13.2870242],[99.6702164,13.2869898],[99.6704243,13.2869893],[99.6706092,13.2869963],[99.6707481,13.2870209],[99.6708033,13.2870469],[99.6708456,13.2870881],[99.6708721,13.2871397],[99.6708828,13.2871991],[99.6708884,13.2872998],[99.6708939,13.2873902],[99.670902,13.2874496],[99.6709206,13.2875063],[99.6709577,13.2875657],[99.6711111,13.2877331],[99.6711852,13.2878156],[99.6712249,13.2878749],[99.67127,13.28796],[99.6713204,13.2880865],[99.6713548,13.2881659],[99.6713816,13.2882276],[99.6714266,13.2883316],[99.6714434,13.2883554],[99.6714812,13.288409],[99.6715236,13.2884549],[99.6715606,13.2884949],[99.6716494,13.2885889],[99.6717882,13.2886753],[99.6720349,13.2887463],[99.6723008,13.2888097],[99.6726745,13.2888917],[99.6728901,13.2888912],[99.6729902,13.2888683],[99.6730556,13.2888342],[99.6730989,13.2887844],[99.673135,13.2887366],[99.6731749,13.2887025],[99.6732515,13.2886752],[99.6733323,13.2886599],[99.6735773,13.2886726],[99.6736534,13.2886917],[99.6738255,13.2887605],[99.6739565,13.2887941],[99.6741106,13.2888012],[99.6741401,13.2887988],[99.6742059,13.2887845],[99.674289,13.2887468],[99.6743407,13.2887026],[99.67439,13.2886385],[99.6744124,13.28859],[99.6744458,13.2884819],[99.6744592,13.2884488],[99.6744772,13.2884267],[99.6745019,13.288409],[99.6745446,13.2884022],[99.6746167,13.2884153],[99.6746685,13.2884284],[99.6747045,13.2884459],[99.6747249,13.2884723],[99.6747362,13.2885097],[99.6747341,13.2885671],[99.674741,13.2886177],[99.6747659,13.2886529],[99.6748042,13.2886771],[99.6749326,13.2887296],[99.6750633,13.2887866],[99.6751084,13.2888173],[99.67514,13.2888547],[99.6751649,13.2888965],[99.6752238,13.2890352],[99.6752577,13.2891035],[99.6752764,13.2891227],[99.6752983,13.2891453],[99.6753412,13.2891716],[99.6753862,13.2891869],[99.6754402,13.2891868],[99.6754965,13.2891734],[99.6755976,13.2891334],[99.6756516,13.2891113],[99.675692,13.2891001],[99.675728,13.2890978],[99.6757618,13.2891088],[99.6758047,13.2891417],[99.6758475,13.2891614],[99.675879,13.2891658],[99.6759352,13.2891568],[99.6760432,13.2891234],[99.6760922,13.2890983],[99.6761555,13.2890658],[99.6762342,13.2890304],[99.6763264,13.2890015],[99.6764164,13.2889858],[99.6765086,13.2889789],[99.6765829,13.2889787],[99.6766549,13.2889918],[99.6767,13.2890093],[99.6768144,13.2890623],[99.6769046,13.2891061],[99.6769247,13.2891247],[99.6769617,13.2891589],[99.6769979,13.2892205],[99.6770311,13.2893027],[99.6771157,13.2895023],[99.6771579,13.2895669],[99.6772052,13.289613],[99.6772549,13.2896323],[99.6772691,13.2896371],[99.6773501,13.289631],[99.6775091,13.2896306],[99.6776322,13.289642],[99.6777163,13.2896712],[99.6777734,13.2897151],[99.6778306,13.2897649],[99.6778937,13.2898059],[99.6779628,13.2898351],[99.6780559,13.2898642],[99.678107,13.2898906],[99.6781401,13.2899257],[99.6781553,13.2899992],[99.6781706,13.2901284],[99.6781888,13.2901901],[99.6782219,13.2902341],[99.6782881,13.2902809],[99.6784143,13.2903629],[99.6784625,13.2904039],[99.6784956,13.290445],[99.678524,13.2905089],[99.678553,13.2905741],[99.6785981,13.2906387],[99.6786613,13.2906855],[99.6787754,13.2907146],[99.6788624,13.2907261],[99.6791055,13.2907431],[99.6793366,13.2907542],[99.6795317,13.2907625],[99.6796847,13.2907474],[99.6798286,13.2907177],[99.6799725,13.2906644],[99.6801055,13.2906076],[99.6802632,13.2905402],[99.680539,13.2904278],[99.6806469,13.2903863],[99.6807338,13.2903685],[99.6808238,13.2903653],[99.6809019,13.2903768],[99.681013,13.2904089],[99.6811061,13.2904233],[99.6811901,13.2904172],[99.681283,13.2903934],[99.6814359,13.2903431],[99.6815049,13.290337],[99.6815679,13.2903339],[99.681616,13.2903543],[99.6816491,13.2903925],[99.6817154,13.290501],[99.6817696,13.2905538],[99.6818718,13.290627],[99.6820341,13.2907323],[99.6821372,13.2907911],[99.6821573,13.2908025],[99.6822925,13.2908551],[99.6824968,13.290928],[99.6826575,13.2909772],[99.6827942,13.2910332],[99.6831019,13.2911424],[99.6832784,13.2912044],[99.68338,13.2912401],[99.6836107,13.2912916],[99.6836387,13.2913012],[99.6838495,13.291374],[99.683877,13.2913835],[99.6838992,13.2913961],[99.6840864,13.2915024],[99.6842305,13.2916368],[99.6843121,13.2917336],[99.684367,13.2918041],[99.6844441,13.2919032],[99.6845254,13.2920496],[99.6846302,13.2922384],[99.6848323,13.2926084],[99.684893,13.2927574],[99.6849573,13.292915],[99.6850585,13.2931868],[99.6851005,13.2933952],[99.685095,13.2935399],[99.6850365,13.2937775],[99.684979,13.2940236],[99.6849606,13.294102],[99.6849668,13.2942004],[99.6850262,13.294316],[99.6850926,13.2943672],[99.6851684,13.2944256],[99.6852746,13.294497],[99.6853491,13.2945381],[99.6854991,13.294638],[99.6855552,13.2947336],[99.6855634,13.2947587],[99.6855788,13.2949621],[99.6855478,13.2951474],[99.6854932,13.2953329],[99.6853282,13.2955495],[99.6851476,13.2957661],[99.6851181,13.2958446],[99.6850693,13.2959748],[99.685062,13.2961601],[99.685094,13.2963298],[99.6851971,13.2965766],[99.6852921,13.2967153],[99.6854817,13.2968769],[99.6856932,13.2970387],[99.6857029,13.2970462],[99.685932,13.2972077],[99.6861531,13.2973383],[99.6866294,13.2976112],[99.6868859,13.2977777],[99.6870518,13.2979392],[99.6871482,13.2980904],[99.6872288,13.2982835],[99.6873311,13.2986229],[99.687428,13.2989256],[99.68753,13.2991761],[99.6876267,13.2994058],[99.6877287,13.2996458],[99.6878522,13.299912],[99.6879474,13.3000751],[99.6880463,13.3001954],[99.6882437,13.3003727],[99.6884837,13.3006247],[99.6886121,13.3007498],[99.6887458,13.3008696],[99.6890382,13.3011051],[99.690024,13.301915],[99.6914417,13.3030797],[99.6920111,13.3035011],[99.6923413,13.3037228],[99.6930688,13.304346],[99.6935589,13.3048677],[99.6943001,13.3057672],[99.6944917,13.3061016],[99.6945081,13.3062122],[99.6945224,13.3063081],[99.6945778,13.3064696],[99.6947291,13.3067996],[99.694884,13.3070865],[99.6949833,13.3071867],[99.6951046,13.3072798],[99.695248,13.3074338],[99.6953401,13.3075844],[99.695484,13.3078678],[99.6955612,13.3079609],[99.695653,13.3080074],[99.6957181,13.3080469],[99.6957706,13.3080789],[99.6958478,13.3081361],[99.6958883,13.3081971],[99.6959031,13.3082581],[99.6958963,13.3084377],[99.6959054,13.3085398],[99.6959152,13.3086495],[99.6959339,13.3087608],[99.6959745,13.3088505],[99.6960261,13.3089294],[99.6960996,13.3090046],[99.6961219,13.3090241],[99.6962099,13.3091012],[99.6962614,13.3091622],[99.696291,13.3092411],[99.6962949,13.3093273],[99.6962918,13.309532],[99.6962996,13.3097008],[99.69631,13.3099062],[99.696444,13.3105345],[99.6964637,13.3106183],[99.6964843,13.3106631],[99.6965162,13.3107052],[99.6965433,13.3107369],[99.6965812,13.3107737],[99.6966573,13.3108167],[99.697232,13.3110994],[99.6972753,13.311131],[99.6973444,13.3111856],[99.697687,13.3117611],[99.6978712,13.3120247],[99.6981176,13.3123204],[99.6982591,13.3124229],[99.6982695,13.3124361],[99.6982764,13.3124468],[99.6982802,13.3124658],[99.6982802,13.3124851],[99.6982776,13.3125128],[99.6982743,13.312552],[99.6982551,13.3127377],[99.698272,13.3129269],[99.6982697,13.3129638],[99.6982663,13.3129828],[99.698257,13.3130126],[99.6982449,13.3130397],[99.6982267,13.3130609],[99.6978215,13.3132909],[99.6977936,13.3133159],[99.6977814,13.3133531],[99.6977815,13.3133769],[99.6977816,13.3133992],[99.6977922,13.3134244],[99.6978606,13.3135216],[99.6978657,13.3135348],[99.6978685,13.3135504],[99.6978682,13.3135621],[99.697864,13.3135757],[99.6977491,13.3137142],[99.6977381,13.3137302],[99.6977319,13.3137431],[99.6977222,13.3137777],[99.6977194,13.3137996],[99.6977179,13.3138341],[99.6977238,13.3138842],[99.6977367,13.3139245],[99.6977576,13.3139635],[99.6977735,13.3139879],[99.6977924,13.3140066],[99.698016,13.314211],[99.6981715,13.3143219],[99.6983339,13.3144117],[99.6987952,13.314546],[99.6988337,13.3145697],[99.6989447,13.3146995],[99.6990975,13.314878],[99.6991868,13.3149867],[99.6992319,13.315042],[99.699272,13.3150736],[99.6994185,13.3151586],[99.6994348,13.3151728],[99.6994408,13.315187],[99.6994434,13.315202],[99.6994435,13.3152238],[99.6994384,13.315238],[99.6994316,13.3152497],[99.6994239,13.3152581],[99.699272,13.3153151],[99.6992243,13.3153385],[99.6992056,13.3153494],[99.6991794,13.3153674],[99.6991223,13.3154137],[99.6991013,13.3154362],[99.6990484,13.3155077],[99.6990056,13.3155878],[99.698983,13.3156562],[99.6989805,13.3156661],[99.6989541,13.3158596],[99.6989576,13.3158963],[99.698961,13.3159086],[99.6989771,13.3159464],[99.6989919,13.3159729],[99.6991221,13.3161686],[99.6992324,13.3163223],[99.6992568,13.3163801],[99.6992857,13.3164551],[99.6993332,13.3166028],[99.6993383,13.3166277],[99.6993362,13.3166567],[99.6993115,13.3168045],[99.6993105,13.3168517],[99.6993154,13.3168767],[99.6993244,13.3168968],[99.6993367,13.3169155],[99.6993464,13.3169281],[99.6993695,13.3169519],[99.6997857,13.3172386],[99.7005142,13.3178692],[99.7007448,13.3180446],[99.7007833,13.3180687],[99.7009726,13.3181872],[99.7012879,13.3183387],[99.7013485,13.3183494],[99.7013808,13.3183494],[99.7014213,13.3183453],[99.7014455,13.3183413],[99.7015112,13.3183235],[99.7017566,13.3182017],[99.7020797,13.3180245],[99.702225,13.3179073],[99.7022695,13.3178814],[99.7022998,13.3178714],[99.7023261,13.3178674],[99.7023503,13.3178673],[99.7023634,13.317869],[99.702409,13.317879],[99.7024496,13.3179047],[99.7028909,13.3183717],[99.7031176,13.3185185],[99.7032878,13.3185973],[99.7034761,13.3186601],[99.7039357,13.3188451],[99.7040046,13.3188865],[99.7043992,13.3196183],[99.7044338,13.3196875],[99.704449,13.3197178],[99.7044587,13.3197277],[99.7044751,13.3197392],[99.7044949,13.319748],[99.7045592,13.319767],[99.7046104,13.31978],[99.7047829,13.3198002],[99.704811,13.3198045],[99.7048245,13.3198101],[99.7048392,13.3198201],[99.7048579,13.3198414],[99.7048762,13.3198729],[99.7048817,13.3198852],[99.7048849,13.3199069],[99.7048797,13.3200278],[99.7048412,13.3203532],[99.7048399,13.3204275],[99.7048463,13.3204583],[99.7048547,13.3204757],[99.7048698,13.320499],[99.7048857,13.3205136],[99.7049137,13.3205313],[99.7049441,13.3205436],[99.7049691,13.3205519],[99.7049935,13.3205563],[99.7051136,13.3205525],[99.7052062,13.3205388],[99.705309,13.3205168],[99.7053499,13.3205108],[99.7053726,13.3205101],[99.7053848,13.32051],[99.705397,13.3205125],[99.7054104,13.3205194],[99.7054213,13.3205287],[99.7054304,13.3205447],[99.7055359,13.3208416],[99.7055767,13.3209001],[99.7056151,13.3209453],[99.7056589,13.3209905],[99.7056912,13.321012],[99.7057793,13.3210608],[99.7058667,13.3211003],[99.7059352,13.3211222],[99.7060041,13.3211395],[99.7060379,13.3211417],[99.7060693,13.3211432],[99.7060951,13.3211407],[99.7061178,13.3211311],[99.7062064,13.3210782],[99.7066571,13.3208696],[99.7066874,13.3208633],[99.7067147,13.3208621],[99.7067514,13.3208656],[99.7067815,13.3208738],[99.7068805,13.3209134],[99.7069163,13.3209336],[99.7069454,13.3209578],[99.7069668,13.320977],[99.7069804,13.3209911],[99.7069907,13.321007],[99.7070081,13.321041],[99.7071327,13.3214196],[99.7071571,13.3214671],[99.7071937,13.3215125],[99.7072371,13.3215544],[99.7075873,13.3218724],[99.7078629,13.3220881],[99.7078826,13.3221007],[99.7079065,13.3221114],[99.7079336,13.3221192],[99.7079473,13.3221224],[99.7079746,13.3221266],[99.7080004,13.3221282],[99.7080309,13.3221283],[99.7080627,13.3221252],[99.7081021,13.322116],[99.709051,13.3218798],[99.709774,13.3216347],[99.7098152,13.3216276],[99.7098855,13.3216203],[99.7104681,13.321668],[99.710715,13.3216959],[99.7108069,13.3217178],[99.7108635,13.3217368],[99.7120223,13.3223274],[99.7121105,13.3223762],[99.7121573,13.3223867],[99.7122335,13.3223926],[99.7122632,13.3223912],[99.712962,13.3223154],[99.713333,13.3223129],[99.7134337,13.3223162],[99.7135759,13.3223465],[99.7145963,13.3226897],[99.7146696,13.3227189],[99.7147183,13.3227505],[99.7147609,13.3227899],[99.7148016,13.3228671],[99.7148321,13.3229423],[99.714897,13.3231952],[99.714945,13.3233944],[99.7149638,13.3234377],[99.7149882,13.3234871],[99.7150167,13.3235267],[99.7150653,13.3235701],[99.7153735,13.3237067],[99.7154191,13.3237489],[99.7154399,13.3237919],[99.7155839,13.3242266],[99.7156286,13.3242958],[99.7156724,13.3243469],[99.716169,13.3246783],[99.7163169,13.324763],[99.7163817,13.3247906],[99.7164481,13.3248088],[99.7164936,13.3248165],[99.7165551,13.3248207],[99.7176524,13.324951],[99.7176906,13.3249584],[99.7177165,13.3249642],[99.7177507,13.3249799],[99.7182165,13.3252793],[99.7182423,13.3252926],[99.7182636,13.3252984],[99.7182848,13.3252969],[99.7183108,13.3252865],[99.7183922,13.3252549],[99.7184441,13.3252366],[99.7184768,13.3252297],[99.7184941,13.3252289],[99.7185137,13.3252309],[99.7185499,13.3252457],[99.7189714,13.3254167],[99.7189995,13.325431],[99.7190111,13.3254391],[99.7190266,13.3254527],[99.7191709,13.3255959],[99.7192107,13.3256261],[99.7192321,13.3256394],[99.7192466,13.3256468],[99.7192696,13.3256518],[99.7192816,13.3256534],[99.7193106,13.3256517],[99.7193291,13.3256438],[99.71934,13.3256377],[99.719448,13.3255559],[99.7194982,13.3255337],[99.7195324,13.3255246],[99.7197406,13.3254902],[99.7197846,13.3254903],[99.7198346,13.3254938],[99.7198893,13.3255023],[99.7199195,13.3255111],[99.7199432,13.3255277],[99.7199538,13.3255371],[99.7199691,13.3255645],[99.7199732,13.3255862],[99.7199805,13.3258438],[99.7199856,13.3258571],[99.7199958,13.3258724],[99.7200079,13.3258841],[99.7200298,13.3258971],[99.7200415,13.3258992],[99.7200927,13.3258991],[99.7202105,13.3258922],[99.7203256,13.3258827],[99.7203916,13.3258933],[99.7204412,13.3259147],[99.7205349,13.325971],[99.720612,13.3260004],[99.720689,13.3260083],[99.720777,13.3259919],[99.72092,13.325978],[99.7209943,13.3259859],[99.7210576,13.3260126],[99.7211376,13.3260878],[99.7212755,13.3262194],[99.7213089,13.3262661],[99.7213228,13.3262989],[99.7213281,13.3263297],[99.721331,13.3263738],[99.7213331,13.3264061],[99.7213456,13.3264303],[99.7213856,13.326451],[99.7214741,13.3264631],[99.7215037,13.3264686],[99.7215415,13.3264822],[99.7215858,13.3265084],[99.7216075,13.3265251],[99.7216327,13.3265474],[99.7217727,13.3267015],[99.7218011,13.3267311],[99.7218254,13.3267469],[99.7218497,13.3267547],[99.7218882,13.3267546],[99.7224011,13.3267341],[99.7224659,13.3267362],[99.7225636,13.3267427],[99.7225757,13.3267435],[99.7225983,13.3267407],[99.7226094,13.3267383],[99.7226216,13.3267331],[99.7226785,13.3266864],[99.7226974,13.3266761],[99.7227082,13.3266718],[99.7227185,13.3266691],[99.7227438,13.3266661],[99.7227701,13.3266652],[99.7227847,13.3266661],[99.7228085,13.3266699],[99.7230813,13.3267413],[99.7231104,13.3267513],[99.7231318,13.3267663],[99.7231557,13.3267887],[99.7231703,13.3268071],[99.7232046,13.3268604],[99.7232233,13.3268774],[99.7232628,13.3268995],[99.7233029,13.326909],[99.7237304,13.3270096],[99.7239612,13.3270729],[99.7240826,13.3271136],[99.7257842,13.3276929],[99.7257952,13.3276943],[99.7258255,13.3276982],[99.7258518,13.3276961],[99.725872,13.3276901],[99.7258983,13.3276762],[99.7259285,13.3276563],[99.7260072,13.3275749],[99.7260168,13.3275672],[99.7261914,13.3274279],[99.7264008,13.3273024],[99.7264574,13.3272844],[99.726518,13.3272723],[99.7265747,13.3272702],[99.7266232,13.32727],[99.7266799,13.3272857],[99.7267306,13.3273133],[99.7267794,13.3274023],[99.72682,13.3274477],[99.7268585,13.3274734],[99.7270914,13.3275638],[99.7271845,13.3275972],[99.7272838,13.3276663],[99.7273813,13.3277829],[99.72743,13.3278342],[99.7274624,13.3278559],[99.7274989,13.3278697],[99.7275454,13.3278676],[99.7275939,13.3278536],[99.7277816,13.3277104],[99.7278462,13.3276686],[99.7278926,13.3276487],[99.7279452,13.3276386],[99.7279785,13.32764],[99.7279917,13.3276405],[99.7282125,13.327733],[99.7288303,13.3280303],[99.7288992,13.3280717],[99.728952,13.3281211],[99.7289764,13.3281626],[99.7289786,13.3282339],[99.7289486,13.3283489],[99.7288907,13.3285947],[99.7288935,13.3287253],[99.7288954,13.3288165],[99.7289057,13.3288917],[99.7289565,13.328955],[99.7290132,13.3289826],[99.7290658,13.3289903],[99.7291204,13.3289902],[99.7292013,13.3289721],[99.7292134,13.3289658],[99.7292659,13.3289383],[99.7293966,13.3286764],[99.7294551,13.3286049],[99.7294975,13.328581],[99.7295298,13.3285671],[99.7295804,13.3285649],[99.7303983,13.3287963],[99.730451,13.3288338],[99.7304814,13.3288714],[99.7304876,13.3289209],[99.7304757,13.3289744],[99.7304313,13.3290181],[99.7300194,13.3292827],[99.7299529,13.3293424],[99.7299308,13.3293919],[99.7299248,13.3294415],[99.729927,13.329493],[99.7299352,13.3295326],[99.7299596,13.3295662],[99.7300305,13.3296115],[99.7301784,13.3296646],[99.7302392,13.329702],[99.7302959,13.3297494],[99.7303427,13.3298305],[99.7303793,13.3298997],[99.7303997,13.3299413],[99.7304362,13.3299768],[99.7304848,13.3300084],[99.7305517,13.3300379],[99.7305862,13.3300695],[99.7306309,13.3301407],[99.7307716,13.3305107],[99.7308022,13.3306077],[99.7308023,13.3306572],[99.7307981,13.3307237],[99.7307831,13.3307641],[99.7307421,13.3308119],[99.7306052,13.3310321],[99.7305651,13.3311353],[99.7305572,13.3312086],[99.7305594,13.3312719],[99.7305659,13.3313018],[99.7306006,13.3313407],[99.7306491,13.3313707],[99.730735,13.3314093],[99.7308408,13.3314456],[99.7309132,13.3314628],[99.7309565,13.3314649],[99.7310146,13.3314551],[99.731057,13.3314357],[99.7311176,13.3313954],[99.731182,13.3313643],[99.7312256,13.3313432],[99.7313662,13.3312825],[99.7315398,13.3312109],[99.7316498,13.3311782],[99.7317158,13.3311716],[99.7317752,13.3311822],[99.7318171,13.3312014],[99.7318986,13.3312486],[99.7319855,13.3312917],[99.7320465,13.3313146],[99.7322181,13.3313878],[99.7323327,13.3314413],[99.7323989,13.3314907],[99.7324563,13.331553],[99.7324985,13.3315941],[99.7325401,13.3316131],[99.7325841,13.3316043],[99.7326082,13.3315827],[99.7326301,13.331546],[99.7326489,13.3314908],[99.732689,13.3313735],[99.7327436,13.3312548],[99.7327963,13.33119],[99.7328424,13.3311597],[99.7329347,13.3311357],[99.7330536,13.3311332],[99.7331812,13.3311501],[99.7333772,13.3312077],[99.7335425,13.331287],[99.7336792,13.3313641],[99.7338004,13.331422],[99.7339547,13.3314969],[99.7340046,13.3315369],[99.734025,13.3315761],[99.734032,13.3316002],[99.734041,13.3316669],[99.7340435,13.3317574],[99.7340503,13.3318307],[99.7340633,13.3319038],[99.7340805,13.3319606],[99.7341386,13.3320654],[99.7341856,13.3321211],[99.7342721,13.3321878],[99.7343513,13.3322263],[99.7344172,13.3322505],[99.7345191,13.3322676],[99.7345996,13.3322713],[99.7347572,13.3322717],[99.7347914,13.3322718],[99.7348688,13.3322656],[99.7349901,13.3322519],[99.7351947,13.3321726],[99.7353114,13.3321276],[99.7353675,13.3321156],[99.7354221,13.3321125],[99.7354737,13.3321197],[99.7356317,13.3321876],[99.7360191,13.3323678],[99.7360738,13.3323869],[99.7361238,13.3323957],[99.7361648,13.332397],[99.7362164,13.3323835],[99.7362966,13.3323417],[99.7363436,13.3323163],[99.7363785,13.3323132],[99.7364088,13.3323146],[99.7364392,13.3323235],[99.7364589,13.3323353],[99.7364681,13.3323575],[99.7364758,13.3323843],[99.7364763,13.3325447],[99.7364794,13.3325818],[99.7364901,13.3326085],[99.7365023,13.3326382],[99.7365237,13.3326694],[99.7365662,13.332699],[99.7367714,13.3328038],[99.7368716,13.3328422],[99.7369217,13.3328539],[99.7371174,13.3328578],[99.7372889,13.3328603],[99.7377228,13.3328754],[99.7377552,13.3328833],[99.7377816,13.332899],[99.7378079,13.3329108],[99.7378363,13.3329484],[99.7378589,13.3330494],[99.7378806,13.3335584],[99.7378868,13.3335999],[99.7378991,13.3336415],[99.7379296,13.333687],[99.7379763,13.3337344],[99.738031,13.3337758],[99.7380816,13.3337955],[99.7381485,13.333821],[99.738288,13.3338246],[99.7384458,13.3338261],[99.7385328,13.3338338],[99.7386219,13.3338573],[99.738707,13.3338887],[99.7387718,13.3339143],[99.7388488,13.3339636],[99.7388813,13.3339972],[99.7389158,13.3340565],[99.7389444,13.3341515],[99.7389709,13.334201],[99.7389912,13.3342405],[99.7390176,13.3342682],[99.7390683,13.3342997],[99.739129,13.3343253],[99.7391979,13.3343469],[99.7392869,13.3343545],[99.7393577,13.3343603],[99.7394063,13.3343641],[99.7394427,13.3343798],[99.7394549,13.3344036],[99.7394571,13.3344491],[99.7392295,13.3347707],[99.7391932,13.3348203],[99.7391933,13.33485],[99.7392015,13.3348718],[99.7392238,13.3348856],[99.7393532,13.3348694],[99.739424,13.3348731],[99.7394827,13.3348848],[99.7395658,13.3349203],[99.7396772,13.3349774],[99.7397663,13.3350286],[99.739815,13.3350681],[99.7398577,13.3351254],[99.739869,13.3351615],[99.7398674,13.3352174],[99.7398591,13.335286],[99.739849,13.3353345],[99.7398483,13.3353763],[99.7398509,13.3354064],[99.7398578,13.3354272],[99.7398741,13.3354489],[99.7399117,13.3354789],[99.7400382,13.335522],[99.740162,13.3355634],[99.7402235,13.3355741],[99.740291,13.3355822],[99.7405769,13.3355914],[99.7407809,13.3356017],[99.740809,13.3356066],[99.7408304,13.3356133],[99.7408441,13.3356224],[99.7408569,13.3356391],[99.740863,13.3356616],[99.7408743,13.3357234],[99.7408813,13.3358011],[99.7408891,13.3358396],[99.7408977,13.3358613],[99.7409115,13.335888],[99.7409243,13.3359005],[99.740985,13.335932],[99.7410491,13.3359586],[99.7410994,13.3359701],[99.741137,13.3359692],[99.7411907,13.3359632],[99.7412308,13.335948],[99.7412649,13.3359295],[99.741344,13.3358633],[99.7414334,13.3357861],[99.7414803,13.3357526],[99.7415288,13.3357215],[99.7415774,13.335703],[99.7416192,13.335697],[99.7419205,13.3356894],[99.7422148,13.3356663],[99.7422997,13.3356779],[99.7423453,13.3356926],[99.7423848,13.3357207],[99.7424259,13.3357592],[99.7424519,13.3358112],[99.7424583,13.3359181],[99.7424721,13.3359656],[99.7424812,13.3359864],[99.7425117,13.336016],[99.7425998,13.3360677],[99.7426819,13.3361269],[99.7429524,13.3362821],[99.7430042,13.336328],[99.7430789,13.3364407],[99.7431169,13.3364733],[99.7431625,13.336494],[99.7435437,13.336634],[99.7436014,13.336671],[99.743679,13.3367287],[99.7437673,13.3368205],[99.7438083,13.3368561],[99.7438509,13.3368767],[99.7439162,13.3368899],[99.7443032,13.3369497],[99.744819,13.3371148],[99.7448859,13.3371423],[99.7449284,13.3371699],[99.7449731,13.3372213],[99.7450016,13.3372846],[99.7450078,13.3373262],[99.7450087,13.3376015],[99.745021,13.337659],[99.7450373,13.3377045],[99.7450718,13.3377578],[99.7451043,13.3377914],[99.7453474,13.3379056],[99.7454529,13.3379964],[99.7455036,13.3380438],[99.7455705,13.3380793],[99.7456575,13.3380968],[99.7458235,13.338128],[99.7458802,13.3381497],[99.7459166,13.3381634],[99.7459572,13.3382049],[99.7459695,13.3382564],[99.7460071,13.3386286],[99.7460216,13.3387395],[99.7460502,13.3388543],[99.7460971,13.3389532],[99.7461539,13.3390264],[99.7461945,13.3390579],[99.7462694,13.3390775],[99.7462893,13.3390781],[99.7463887,13.3390811],[99.7464616,13.3390789],[99.7465424,13.339053],[99.7465929,13.3390231],[99.7466352,13.3389576],[99.7466613,13.3389001],[99.7467359,13.3388246],[99.7468126,13.3387729],[99.7468712,13.338745],[99.7469277,13.3386973],[99.74698,13.3386119],[99.7469963,13.3385745],[99.7470362,13.338483],[99.7470907,13.3384254],[99.7471634,13.3383856],[99.7471772,13.338381],[99.7474928,13.3382756],[99.7475796,13.3382294],[99.7475969,13.3382191],[99.7476664,13.3381583],[99.7477208,13.338088],[99.7477301,13.3380693],[99.7478452,13.3377734],[99.7478814,13.337706],[99.7479046,13.3376817],[99.7479235,13.3376722],[99.7479582,13.3376662],[99.7481201,13.3376914],[99.7483253,13.3377179],[99.7483751,13.3377243],[99.7485066,13.337722],[99.7486582,13.3377017],[99.7487895,13.3376439],[99.7489653,13.337574],[99.749032,13.3375481],[99.7491068,13.337536],[99.7492019,13.3375476],[99.7493598,13.3375867],[99.7495725,13.3376852],[99.7496535,13.3377206],[99.7497365,13.3377421],[99.7497851,13.3377479],[99.7499024,13.3377416],[99.7500161,13.3377074],[99.7501175,13.3376476],[99.750269,13.3375744],[99.7503266,13.3375505],[99.7503872,13.3375414],[99.7504282,13.3375442],[99.7504571,13.337556],[99.7504739,13.3375916],[99.7504695,13.3376451],[99.7504612,13.3379126],[99.7504753,13.3380474],[99.750483,13.3380952],[99.7505013,13.3381204],[99.7505241,13.3381337],[99.750562,13.3381321],[99.7506136,13.3381231],[99.7506343,13.3381213],[99.75065,13.33812],[99.7506955,13.3381228],[99.750735,13.338142],[99.7509745,13.3383283],[99.751003,13.3383472],[99.7510293,13.3383605],[99.7510532,13.3383626],[99.7510793,13.3383625],[99.7511111,13.3383424],[99.7511678,13.3382809],[99.751203,13.3382508],[99.7512394,13.3382306],[99.7512917,13.3382182],[99.7513281,13.3382158],[99.7513599,13.338218],[99.7513907,13.3382246],[99.7514226,13.3382401],[99.7514374,13.338259],[99.7514443,13.3382857],[99.7514478,13.3383102],[99.7514377,13.3383503],[99.7514071,13.3383872],[99.7512758,13.3385121],[99.7512608,13.3385436],[99.7512506,13.3385704],[99.7512531,13.3386306],[99.7512578,13.3386695],[99.7512614,13.3386797],[99.7512957,13.3387753],[99.7513038,13.3388421],[99.7512963,13.3389859],[99.7512975,13.3390148],[99.7513124,13.3390337],[99.7513272,13.3390426],[99.7513488,13.3390425],[99.7513716,13.3390425],[99.7514102,13.3390256],[99.7514613,13.3389865],[99.7514942,13.3389585],[99.7515283,13.3389462],[99.7517136,13.3388966],[99.7518125,13.3388506],[99.7519112,13.3387723],[99.7520112,13.3387074],[99.7520589,13.3386805],[99.7522294,13.3386343],[99.7522738,13.3386286],[99.7523147,13.3386274],[99.7523569,13.3386451],[99.7524105,13.3386873],[99.7524356,13.3387173],[99.7524471,13.3387418],[99.7524472,13.338773],[99.7524427,13.3388042],[99.7524212,13.3388388],[99.7523397,13.3389772],[99.7523239,13.3390274],[99.7523255,13.3390413],[99.7523286,13.3390686],[99.7523526,13.3391153],[99.7523698,13.339132],[99.752396,13.3391475],[99.7524279,13.3391574],[99.7524802,13.3391573],[99.7529227,13.3391226],[99.7529682,13.3391224],[99.7529933,13.3391313],[99.7530253,13.3391601],[99.7530481,13.3392024],[99.753062,13.3392614],[99.7530492,13.33954],[99.7530566,13.339725],[99.7530727,13.339784],[99.753085,13.3398078],[99.7531333,13.3398696],[99.7531789,13.3399029],[99.7532096,13.3399128],[99.7532415,13.3399149],[99.7532824,13.3399059],[99.7533347,13.339889],[99.7534279,13.3398262],[99.7534426,13.3398163],[99.7535097,13.339786],[99.7535517,13.3397803],[99.7535995,13.3397857],[99.7536349,13.3398046],[99.7536748,13.3398379],[99.7536977,13.3398735],[99.7537092,13.3399269],[99.7537104,13.3399548],[99.7537051,13.3399875],[99.7536941,13.3400143],[99.7536219,13.3401064],[99.7535937,13.3401379],[99.753502,13.3402404],[99.7534023,13.34038],[99.7533694,13.3404425],[99.7533383,13.3405112],[99.7533179,13.3405812],[99.7533181,13.3406243],[99.7533242,13.3406614],[99.7533456,13.3406896],[99.7534049,13.3407295],[99.7535766,13.3408271],[99.7536146,13.3408522],[99.7536481,13.3408892],[99.7536725,13.3409456],[99.7536975,13.3411639],[99.753706,13.3411932],[99.7537283,13.3412331],[99.7537569,13.3412544],[99.7537964,13.3412706],[99.7538313,13.3412735],[99.7538647,13.3412734],[99.7538905,13.3412718],[99.7539208,13.3412539],[99.7539389,13.3412256],[99.7539539,13.3411751],[99.7539568,13.3411334],[99.7539581,13.3410592],[99.7539496,13.3407635],[99.7539525,13.3407071],[99.7539615,13.3406684],[99.7539705,13.3406461],[99.7539826,13.3406342],[99.7540068,13.3406193],[99.7540372,13.3406162],[99.7540721,13.340625],[99.7540942,13.3406324],[99.7541379,13.3406571],[99.7541629,13.3406841],[99.7541786,13.3407228],[99.7542141,13.3409143],[99.7542279,13.3409618],[99.7542492,13.3409914],[99.7542796,13.3410062],[99.75431,13.341015],[99.75436,13.3410149],[99.7543734,13.3410135],[99.7544058,13.3410054],[99.7544292,13.3409924],[99.7546068,13.3408582],[99.7547327,13.340728],[99.7548216,13.340636],[99.7548454,13.3406236],[99.7548659,13.3406202],[99.7548898,13.3406179],[99.7549217,13.3406256],[99.7549695,13.3406422],[99.7549834,13.3406487],[99.7550291,13.3406699],[99.7552533,13.340774],[99.7554184,13.3408325],[99.755464,13.3408435],[99.7556311,13.3408687],[99.7558419,13.3409003],[99.7558864,13.3409136],[99.7559217,13.3409324],[99.7559582,13.3409724],[99.7559937,13.3410269],[99.7560315,13.3411081],[99.7560556,13.3411905],[99.7560662,13.3412852],[99.7560652,13.3413365],[99.7560538,13.3413719],[99.7560483,13.3413889],[99.7559904,13.3414325],[99.7557112,13.3416606],[99.7556806,13.3416953],[99.755667,13.3417287],[99.7556625,13.3417544],[99.7556649,13.3417789],[99.7556697,13.3417984],[99.7556769,13.3418124],[99.7556844,13.3418245],[99.7557316,13.3418734],[99.755762,13.3418934],[99.755811,13.341911],[99.7561422,13.3419446],[99.7562993,13.341992],[99.7564509,13.3420596],[99.756513,13.3420997],[99.7566079,13.342161],[99.7566672,13.3422143],[99.7566916,13.3422484],[99.7566962,13.3422841],[99.7566933,13.3423257],[99.7566632,13.3423837],[99.7566106,13.3424486],[99.7565559,13.3425163],[99.7565121,13.342604],[99.7565093,13.342665],[99.7565201,13.342714],[99.7565429,13.3427525],[99.7565916,13.3427925],[99.7566418,13.3428191],[99.7567192,13.3428337],[99.7568725,13.3428422],[99.7569605,13.3428523],[99.7570197,13.3428789],[99.7570255,13.3428878],[99.7570502,13.3429263],[99.7570552,13.3429464],[99.757061,13.3429694],[99.7570603,13.3429969],[99.7570447,13.3430479],[99.7569827,13.3431521],[99.7569599,13.3432115],[99.7569526,13.3432413],[99.756958,13.3432869],[99.7569706,13.3433259],[99.7569803,13.343341],[99.7569952,13.3433576],[99.7570281,13.3433807],[99.7570847,13.3434061],[99.7570967,13.3434092],[99.7571664,13.3434165],[99.7572471,13.3434168],[99.7578814,13.3433514],[99.7579894,13.3433457],[99.7580504,13.3433424],[99.7581161,13.3433389],[99.7581929,13.3433307],[99.7582879,13.3432967],[99.7583827,13.3432192],[99.758427,13.3431438],[99.7584489,13.3430427],[99.7584485,13.3429159],[99.7584522,13.342805],[99.75846,13.3427178],[99.7585003,13.342642],[99.7585134,13.3426245],[99.7585769,13.342555],[99.7586253,13.3425192],[99.7586393,13.3425117],[99.7586879,13.3424854],[99.7587647,13.3424772],[99.7588255,13.342485],[99.7592369,13.3426089],[99.7592486,13.3426125],[99.7593763,13.3426933],[99.7594778,13.342794],[99.7595672,13.3429126],[99.7597381,13.343229],[99.7597706,13.3432705],[99.7598172,13.3432981],[99.7598779,13.3433217],[99.7599487,13.3433215],[99.7600357,13.3432955],[99.760286,13.3431541],[99.7603543,13.3431028],[99.7605432,13.3429608],[99.7606723,13.3428277],[99.7607349,13.34278],[99.7607753,13.34276],[99.7608137,13.342756],[99.7608804,13.3427577],[99.7609492,13.3427516],[99.7609977,13.3427316],[99.7610663,13.3426799],[99.7612216,13.3425467],[99.7612701,13.3425228],[99.7613409,13.3425107],[99.7614846,13.3425301],[99.7615757,13.3425457],[99.7616485,13.3425474],[99.7617253,13.3425314],[99.7617919,13.3424955],[99.7618525,13.3424478],[99.7619068,13.3423644],[99.7620389,13.3419025],[99.7620973,13.3418092],[99.7621517,13.3417417],[99.762202,13.3416742],[99.7622159,13.341589],[99.7622176,13.341488],[99.7621826,13.3412821],[99.7621701,13.3411731],[99.76218,13.3410939],[99.7622099,13.340967],[99.7622166,13.340954],[99.7623004,13.3407905],[99.7623689,13.3407051],[99.7624254,13.3406574],[99.762486,13.3406215],[99.7625749,13.3405915],[99.7626436,13.3405755],[99.7627216,13.3405658],[99.7627865,13.3405645],[99.7628832,13.3405753],[99.7629185,13.3405864],[99.7632065,13.3407363],[99.7634133,13.3405225],[99.763546,13.3404006],[99.7635804,13.3403789],[99.7636196,13.3403638],[99.7636605,13.3403578],[99.7637237,13.3403543],[99.7637715,13.3403558],[99.7638056,13.3403599],[99.7638586,13.3403848],[99.7639236,13.3404322],[99.7639562,13.3404681],[99.7639768,13.3405039],[99.7639871,13.340529],[99.7639932,13.3405632],[99.7639934,13.3406276],[99.7639756,13.3406828],[99.7639281,13.3407598],[99.7639078,13.3408309],[99.763902,13.3408894],[99.7639072,13.3409253],[99.7639225,13.3409806],[99.7639522,13.3410172],[99.7639955,13.3410483],[99.7640514,13.3410738],[99.764114,13.341087],[99.7642722,13.3410976],[99.7643951,13.3410984],[99.7645067,13.3411192],[99.7645772,13.3411324],[99.7646194,13.3411345],[99.7646557,13.3411277],[99.7646874,13.3411176],[99.7647228,13.3410951],[99.7647534,13.3410627],[99.7647669,13.3410304],[99.7647691,13.3409936],[99.7647598,13.340929],[99.7647402,13.3408321],[99.7647103,13.3407353],[99.7647056,13.3406852],[99.7647088,13.3406272],[99.7647178,13.340597],[99.7647234,13.3405781],[99.7647438,13.3405402],[99.7647835,13.3404955],[99.7648425,13.340453],[99.7649004,13.3404194],[99.7649459,13.3404059],[99.7649903,13.3404035],[99.7650222,13.3404079],[99.7650745,13.3404255],[99.7651076,13.3404477],[99.7651727,13.340511],[99.7655258,13.3410058],[99.7655703,13.341048],[99.7655988,13.3410669],[99.7656273,13.3410779],[99.7656637,13.3410778],[99.765691,13.3410766],[99.7657172,13.3410665],[99.7657467,13.3410408],[99.7657694,13.3410184],[99.7657886,13.3409705],[99.765793,13.3409382],[99.7657929,13.3409014],[99.7657813,13.3408368],[99.7657732,13.3407945],[99.7657685,13.3407466],[99.7657661,13.3407009],[99.7657693,13.3406418],[99.765792,13.340555],[99.7658867,13.3402911],[99.7658985,13.3402443],[99.7658958,13.3402125],[99.7658846,13.3401767],[99.7658632,13.3401441],[99.7658367,13.3401216],[99.7658136,13.3401134],[99.7657837,13.3401093],[99.7657519,13.3401075],[99.7656446,13.3401147],[99.7655798,13.3401283],[99.7655538,13.3401372],[99.7653855,13.3401949],[99.7653334,13.3402092],[99.7652788,13.3402069],[99.7652019,13.3401829],[99.7651481,13.3401546],[99.7651062,13.3401255],[99.7650813,13.3400963],[99.7650599,13.3400647],[99.765041,13.3400187],[99.76504,13.3399694],[99.7650452,13.3399179],[99.7650587,13.3398733],[99.7650799,13.3398376],[99.7651116,13.3398078],[99.7651616,13.3397794],[99.7652328,13.3397525],[99.7653086,13.3397389],[99.7654436,13.339731],[99.7656894,13.3397244],[99.7657022,13.3397229],[99.7657698,13.3397152],[99.7658213,13.3397061],[99.7658653,13.3396867],[99.7659046,13.3396568],[99.7659318,13.3396211],[99.7659362,13.3395706],[99.765933,13.3395008],[99.7659267,13.3394384],[99.7659175,13.3394072],[99.7657054,13.3390127],[99.7656321,13.3388733],[99.7656015,13.3387887],[99.7655892,13.3387323],[99.765586,13.3386773],[99.7655919,13.3386327],[99.7656055,13.3386059],[99.7656327,13.3385776],[99.7656675,13.3385582],[99.7657206,13.3385551],[99.7657753,13.3385683],[99.7658391,13.3385993],[99.7659288,13.3386614],[99.7659789,13.338685],[99.766023,13.3386983],[99.7660913,13.3387203],[99.7661415,13.3387317],[99.7662272,13.3387511],[99.7663631,13.3387819],[99.7663935,13.3387922],[99.7664238,13.33881],[99.7665782,13.3389339],[99.7666443,13.3389683],[99.7666728,13.338978],[99.7667104,13.3389835],[99.7667422,13.3389834],[99.7667707,13.3389833],[99.7668128,13.3389731],[99.7668377,13.3389575],[99.7671759,13.3386723],[99.7672077,13.3386566],[99.7672327,13.3386487],[99.7672589,13.3386487],[99.7672908,13.3386564],[99.7673204,13.3386774],[99.7674747,13.338872],[99.7674941,13.3389053],[99.7675067,13.3389343],[99.7675079,13.3389621],[99.767508,13.3389911],[99.7674956,13.3390167],[99.7674763,13.3390424],[99.7674548,13.3390614],[99.76723,13.3391889],[99.7671955,13.3392129],[99.7671777,13.3392328],[99.7671562,13.3392607],[99.7671245,13.3393165],[99.7671178,13.3393644],[99.7671168,13.3394212],[99.7671204,13.3394613],[99.7671273,13.3394925],[99.7671388,13.3395281],[99.7671479,13.3395547],[99.7671514,13.3395649],[99.7671709,13.3395994],[99.7672028,13.3396271],[99.7672459,13.3396486],[99.7672746,13.3396581],[99.7673114,13.3396597],[99.7673307,13.3396606],[99.7673594,13.3396603],[99.7673975,13.33966],[99.767443,13.3396576],[99.7674885,13.3396474],[99.7675317,13.3396283],[99.7675726,13.3396026],[99.7675841,13.3395889],[99.7676156,13.3395512],[99.7676211,13.3395384],[99.7676653,13.3394341],[99.76769,13.3393869],[99.7676964,13.3393746],[99.7677349,13.3393011],[99.7677578,13.339271],[99.7677791,13.3392433],[99.7678106,13.3392115],[99.7678335,13.3391947],[99.767871,13.3391779],[99.7679077,13.3391694],[99.7679521,13.3391617],[99.7679922,13.3391608],[99.7680221,13.3391657],[99.7680477,13.3391773],[99.7680819,13.3392031],[99.768111,13.3392406],[99.7681394,13.3393024],[99.7681592,13.3393441],[99.7681742,13.3394218],[99.768186,13.3394828],[99.7682053,13.3396373],[99.7682208,13.3396832],[99.7682363,13.3397116],[99.7682594,13.3397433],[99.7682962,13.3397816],[99.7683262,13.3398032],[99.768368,13.3398156],[99.768479,13.3398253],[99.7685609,13.3398343],[99.768625,13.3398482],[99.7687514,13.3398912],[99.7688506,13.3399355],[99.7689315,13.3399809],[99.768976,13.3400142],[99.769008,13.3400609],[99.7690532,13.3401165],[99.7690879,13.3401509],[99.7691826,13.3402197],[99.7695313,13.340388],[99.7695991,13.3404297],[99.7696613,13.3404679],[99.7698084,13.3405599],[99.7698619,13.3405865],[99.769961,13.3406241],[99.7700237,13.3406395],[99.7700703,13.3406393],[99.7701363,13.340638],[99.7702364,13.3406344],[99.7702665,13.3406357],[99.770307,13.3406375],[99.7703764,13.3406495],[99.7704687,13.3406771],[99.7707851,13.3408238],[99.7709005,13.3408576],[99.7709734,13.3408663],[99.7710477,13.340869],[99.771169,13.3408583],[99.7712403,13.3408581],[99.7712995,13.3408683],[99.7713792,13.3409228],[99.7714222,13.3409523],[99.7714709,13.3409818],[99.7715093,13.3409857],[99.7715397,13.3409895],[99.7716023,13.3409676],[99.7716594,13.340915],[99.7717879,13.3407966],[99.7719125,13.340636],[99.7722087,13.3401635],[99.7723316,13.3399563],[99.772424,13.3398006],[99.7724769,13.3397365],[99.7725246,13.3396939],[99.7725419,13.3396784],[99.7726206,13.3396291],[99.7726706,13.3395978],[99.7727266,13.3395607],[99.7727652,13.3395227],[99.772798,13.3394546],[99.7728666,13.3392182],[99.7728866,13.3390699],[99.7728978,13.3389919],[99.7729067,13.3389328],[99.7729076,13.3388782],[99.7729052,13.3388392],[99.7728891,13.3387635],[99.7728662,13.3387123],[99.7728375,13.3386455],[99.7728294,13.3386144],[99.7728264,13.3385948],[99.7728248,13.3385843],[99.7728281,13.3385375],[99.772949,13.3382719],[99.7729681,13.3382184],[99.7729816,13.3381548],[99.7730035,13.3379063],[99.7730225,13.3377904],[99.773036,13.3377357],[99.77307,13.3376777],[99.773121,13.3376229],[99.7731868,13.3375681],[99.7732368,13.3375379],[99.7732686,13.3375244],[99.7733118,13.3375187],[99.7733528,13.3375219],[99.7733881,13.3375319],[99.7734223,13.3375529],[99.7734554,13.3375796],[99.7734691,13.3376152],[99.7734738,13.3376497],[99.7734892,13.3378435],[99.773493,13.3379494],[99.7734966,13.3380184],[99.7735162,13.3380942],[99.7735505,13.3381564],[99.7736053,13.3382153],[99.773659,13.3382642],[99.7737126,13.3383242],[99.7737492,13.3383753],[99.7738251,13.338598],[99.7738388,13.338638],[99.7738537,13.3386748],[99.7738777,13.3386958],[99.773905,13.3387047],[99.7739437,13.3387046],[99.7739642,13.3387023],[99.7739903,13.3386944],[99.774005,13.3386799],[99.7740357,13.3386463],[99.7741113,13.3384422],[99.77417,13.3382972],[99.7742254,13.3382123],[99.7742674,13.3381743],[99.7743321,13.3381307],[99.7743923,13.3380982],[99.7744321,13.3380802],[99.7744742,13.3380656],[99.7745083,13.3380577],[99.7745344,13.3380565],[99.7745731,13.3380564],[99.7745993,13.3380708],[99.7746552,13.3381096],[99.7746929,13.3381385],[99.7747214,13.338183],[99.7747387,13.3382364],[99.7747796,13.3384002],[99.7747929,13.3384535],[99.7748318,13.3385202],[99.7748614,13.3385513],[99.7749025,13.3385835],[99.7749458,13.3386023],[99.7749868,13.3386134],[99.7750153,13.3386144],[99.7750505,13.3386065],[99.775088,13.3385908],[99.7751198,13.3385762],[99.7751459,13.3385527],[99.7751765,13.3385158],[99.7752014,13.3384634],[99.7752181,13.3383497],[99.7752292,13.3382561],[99.7752276,13.3381257],[99.775232,13.3380722],[99.7752557,13.3380242],[99.7752716,13.3379952],[99.7753,13.3379817],[99.7753284,13.3379794],[99.7753694,13.3379871],[99.7754342,13.3380342],[99.7754926,13.3380742],[99.7755227,13.3380904],[99.7755573,13.3381015],[99.7755861,13.3381108],[99.7756328,13.3381107],[99.7756802,13.3381055],[99.7757134,13.3380967],[99.7757416,13.3380809],[99.7758194,13.3380111],[99.7760325,13.3378193],[99.7760791,13.3377858],[99.7761131,13.3377678],[99.7761461,13.3377577],[99.7761814,13.3377565],[99.7762622,13.3377618],[99.7763168,13.3377572],[99.7763295,13.3377531],[99.7763588,13.3377437],[99.7763688,13.3377388],[99.7764088,13.337719],[99.7764383,13.3376844],[99.776601,13.3373218],[99.7766054,13.3372783],[99.7765973,13.3372438],[99.7765756,13.3372015],[99.7765402,13.3371559],[99.7763781,13.3370319],[99.7762356,13.3369229],[99.7762002,13.3368862],[99.7761876,13.3368506],[99.7761738,13.3368016],[99.7761759,13.3367615],[99.7761872,13.3367236],[99.7762087,13.3366812],[99.776245,13.3366577],[99.7762847,13.3366308],[99.7763187,13.3366254],[99.7763564,13.3366194],[99.7765577,13.3366429],[99.7766366,13.3366427],[99.7767114,13.3366345],[99.7769577,13.3364733],[99.7770445,13.3364215],[99.7771112,13.3363877],[99.7771799,13.3363696],[99.7773113,13.3363514],[99.7774265,13.3363273],[99.7775413,13.3363004],[99.7775837,13.3362854],[99.7776503,13.3362451],[99.7777124,13.3361989],[99.777741,13.3361527],[99.7777771,13.3360338],[99.7777821,13.3360162],[99.7777966,13.3359654],[99.7778283,13.3359252],[99.7778647,13.3359043],[99.7779555,13.3358594],[99.7780616,13.3358279],[99.7781586,13.335789],[99.7782147,13.335762],[99.7782918,13.3356771],[99.7784761,13.3354478],[99.7785789,13.335342],[99.7786652,13.3352882],[99.7787197,13.3352539],[99.7788031,13.3352284],[99.7788744,13.3352163],[99.7791413,13.3351991],[99.7791862,13.3351947],[99.7792035,13.335193],[99.7792626,13.3351839],[99.7793172,13.3351689],[99.7794958,13.3350287],[99.7796472,13.3349212],[99.7797471,13.3348541],[99.7798287,13.3347721],[99.7798846,13.3346991],[99.7799223,13.3346337],[99.7799312,13.3345683],[99.779934,13.3344969],[99.7799339,13.334442],[99.7799307,13.3343885],[99.7798038,13.3340829],[99.7797594,13.3339671],[99.7797471,13.3339211],[99.7797469,13.3338572],[99.7797527,13.3337695],[99.7797767,13.3336863],[99.7798135,13.3336127],[99.779837,13.3335658],[99.7799368,13.3334615],[99.7800273,13.3333491],[99.78004,13.3333132],[99.7800475,13.3332588],[99.7800473,13.3332154],[99.7800438,13.3331694],[99.780036,13.3331369],[99.7800128,13.3330893],[99.7799939,13.3330543],[99.779975,13.3330075],[99.7799646,13.3329691],[99.7799559,13.3329198],[99.7799541,13.332873],[99.7799675,13.332817],[99.7799912,13.3327509],[99.7800218,13.3327207],[99.7801197,13.3326394],[99.7803438,13.3325392],[99.7804112,13.332519],[99.7804632,13.3325121],[99.7805212,13.332512],[99.7805784,13.3325126],[99.7806254,13.3325242],[99.7806656,13.3325399],[99.7806972,13.3325632],[99.7807272,13.3326049],[99.7807401,13.3326291],[99.7807471,13.3326851],[99.7807627,13.3327552],[99.780767,13.332787],[99.7807638,13.3328346],[99.7807461,13.332904],[99.7807309,13.3329434],[99.7807028,13.3329827],[99.7806032,13.3330607],[99.78057,13.3330851],[99.7805556,13.3330985],[99.7805394,13.333127],[99.7805259,13.333178],[99.7805243,13.3332097],[99.7805262,13.3332515],[99.7805442,13.3332991],[99.7805537,13.3333225],[99.7805786,13.3333533],[99.7806154,13.3333866],[99.7806949,13.3334424],[99.7807308,13.3334648],[99.7809068,13.3335286],[99.7809965,13.3335568],[99.7810272,13.3335617],[99.7810546,13.3335633],[99.7810998,13.3335581],[99.7811347,13.3335455],[99.7811679,13.3335245],[99.7811892,13.3335018],[99.7812919,13.3333436],[99.7813209,13.3333184],[99.7813694,13.3332865],[99.78142,13.3332634],[99.7814709,13.3332388],[99.7815075,13.3332209],[99.7815611,13.3331932],[99.7815901,13.3331722],[99.7816088,13.3331462],[99.7816155,13.3331069],[99.7816195,13.3330367],[99.7816155,13.3328621],[99.781618,13.3328303],[99.7816273,13.332791],[99.7816816,13.3326939],[99.781735,13.3326068],[99.781876,13.3323741],[99.7819499,13.3322861],[99.7819815,13.3322665],[99.7820095,13.3322525],[99.7820343,13.3322499],[99.7820676,13.3322506],[99.7820941,13.3322631],[99.782124,13.3322898],[99.7821601,13.332364],[99.7821697,13.3324183],[99.7821767,13.3324868],[99.7821743,13.3325361],[99.7821576,13.3326473],[99.7821535,13.3326916],[99.7821511,13.332756],[99.782158,13.3328046],[99.7821659,13.332837],[99.7821916,13.3328687],[99.7822241,13.3328978],[99.7824072,13.3330493],[99.7824491,13.3330743],[99.7824742,13.3330877],[99.782491,13.3330967],[99.782579,13.333124],[99.7826541,13.3331397],[99.782702,13.3331629],[99.7827601,13.3332028],[99.7827996,13.3332504],[99.7828296,13.3332904],[99.7828613,13.3333463],[99.7828974,13.3334272],[99.7829087,13.3334865],[99.782914,13.3335308],[99.7829133,13.3336035],[99.7829042,13.3336746],[99.7828813,13.3337264],[99.7828575,13.3337658],[99.782838,13.3337859],[99.7827758,13.3338279],[99.7827051,13.3338707],[99.78266,13.3339126],[99.7825963,13.3339882],[99.7825794,13.3340462],[99.782575,13.3340986],[99.7825729,13.3341476],[99.7825844,13.334201],[99.7826039,13.3342366],[99.782645,13.3342688],[99.7826792,13.3342877],[99.7827179,13.3343009],[99.7827509,13.334303],[99.7827964,13.3343018],[99.7828419,13.3342972],[99.7828771,13.3342859],[99.7829509,13.33424],[99.7829896,13.3342221],[99.783035,13.3342086],[99.7830874,13.3342051],[99.7832751,13.3342045],[99.7833195,13.3341977],[99.7833479,13.334192],[99.783374,13.3341797],[99.7834001,13.3341595],[99.783416,13.3341361],[99.7834273,13.3341138],[99.7834283,13.3340904],[99.7834226,13.3340625],[99.7834088,13.3340325],[99.7833928,13.334018],[99.783232,13.3338837],[99.7832,13.3338515],[99.7831828,13.3338204],[99.7831759,13.3337914],[99.7831735,13.3337357],[99.7831858,13.33368],[99.7831948,13.3336409],[99.7832242,13.3336018],[99.7832969,13.3335359],[99.7833922,13.333462],[99.783467,13.3333805],[99.7834949,13.3333318],[99.7835304,13.3332588],[99.7835712,13.3332097],[99.783612,13.3331795],[99.7836563,13.3331559],[99.7837109,13.3331513],[99.7837724,13.33315],[99.7838486,13.3331464],[99.7839066,13.3331351],[99.7839588,13.3331049],[99.7840712,13.3330388],[99.7841178,13.3330163],[99.7841565,13.3330017],[99.7841849,13.3329983],[99.7842122,13.3330038],[99.7843672,13.3330847],[99.7844048,13.3331057],[99.7844356,13.3331156],[99.7844572,13.3331178],[99.7844811,13.3331166],[99.7845061,13.3331143],[99.7845448,13.3331008],[99.7845709,13.3330796],[99.7845913,13.3330539],[99.7846026,13.3330282],[99.7846104,13.3329981],[99.7846281,13.3328131],[99.7846494,13.3327295],[99.7846856,13.3326502],[99.7847093,13.3326167],[99.7847581,13.3325698],[99.784807,13.3325395],[99.7848831,13.332507],[99.7849251,13.3324946],[99.7849627,13.3324912],[99.7850275,13.3324898],[99.7850719,13.3324942],[99.7851163,13.3325119],[99.7851733,13.3325362],[99.7852189,13.3325639],[99.7854767,13.3327503],[99.785561,13.3327901],[99.78561,13.3328011],[99.785643,13.3328033],[99.7856748,13.3328032],[99.7857157,13.3327886],[99.7857589,13.3327672],[99.7857771,13.3327527],[99.7858371,13.3326745],[99.7858779,13.3326209],[99.7859301,13.3325728],[99.7859834,13.3325248],[99.7860288,13.3324912],[99.7861947,13.3324171],[99.786264,13.3323958],[99.7863118,13.3323856],[99.7863596,13.3323832],[99.7865132,13.3323816],[99.7865746,13.3323825],[99.7866304,13.3323824],[99.7866793,13.3323778],[99.7867214,13.3323698],[99.7867702,13.3323563],[99.7868339,13.3323271],[99.7870804,13.3322116],[99.7871576,13.3321757],[99.7871929,13.3321656],[99.7875362,13.3320698],[99.7877465,13.3320224],[99.7877886,13.3320189],[99.787858,13.3320187],[99.7879002,13.3320252],[99.7879434,13.3320373],[99.7879719,13.332054],[99.7879959,13.3320762],[99.7880153,13.3321006],[99.7880291,13.3321284],[99.7880315,13.3321786],[99.7880318,13.3322666],[99.7880195,13.3323413],[99.7880083,13.3323859],[99.7879485,13.3325532],[99.7878932,13.3326982],[99.7878697,13.3327997],[99.7878596,13.3328499],[99.7878597,13.3328922],[99.7878633,13.3329468],[99.7878657,13.3329802],[99.7878772,13.3330181],[99.7879334,13.3331494],[99.7880192,13.3333118],[99.7881027,13.3334352],[99.7881507,13.3334896],[99.788202,13.3335285],[99.7882259,13.333544],[99.788259,13.3335539],[99.788292,13.3335583],[99.7883238,13.3335582],[99.788358,13.3335492],[99.788408,13.3335301],[99.7885056,13.333464],[99.7886145,13.3333757],[99.7886418,13.3333544],[99.788677,13.3333365],[99.7887361,13.3333173],[99.7887645,13.3333128],[99.7887884,13.3333116],[99.7888977,13.3333146],[99.7889295,13.3333234],[99.7891939,13.3334285],[99.7892258,13.3334395],[99.7892656,13.333445],[99.7892929,13.3334382],[99.7893167,13.3334281],[99.7893428,13.3334024],[99.7893632,13.3333722],[99.7893756,13.3333388],[99.7893789,13.3332886],[99.7893799,13.3332463],[99.7893682,13.3331661],[99.7893211,13.3330035],[99.7892969,13.3329357],[99.7892317,13.3328244],[99.7891494,13.3327077],[99.7891105,13.3326387],[99.7890762,13.3325787],[99.789067,13.3325408],[99.7890657,13.3325107],[99.7890679,13.3324851],[99.7890815,13.3324583],[99.789111,13.3324237],[99.7891666,13.3323934],[99.7892507,13.3323664],[99.7893121,13.3323573],[99.7893884,13.3323571],[99.7894601,13.3323624],[99.7895364,13.3323834],[99.7895854,13.3324033],[99.7896378,13.3324421],[99.7896687,13.3324788],[99.7896916,13.3325255],[99.7896939,13.3325534],[99.7896906,13.3325712],[99.7896827,13.3325879],[99.78966,13.3326136],[99.7895726,13.3326685],[99.7894988,13.33272],[99.7894647,13.3327479],[99.7894466,13.3327759],[99.7894365,13.3328049],[99.7894355,13.332845],[99.789439,13.3328851],[99.7894493,13.3329073],[99.7895199,13.3330173],[99.7896047,13.3330964],[99.7896539,13.3331391],[99.7897407,13.3331862],[99.7897612,13.3331945],[99.7897902,13.3331994],[99.7898977,13.3332008],[99.7899387,13.3331998],[99.7899899,13.3331921],[99.7900794,13.3331584],[99.7901066,13.33314],[99.7901389,13.3331114],[99.790161,13.3330704],[99.7901677,13.3330403],[99.7901676,13.3330052],[99.790159,13.3329743],[99.7901341,13.3329318],[99.7900843,13.3328576],[99.7900672,13.3328217],[99.7900585,13.3327891],[99.7900533,13.3327449],[99.7900557,13.3327064],[99.7900735,13.3326704],[99.7900871,13.3326512],[99.790116,13.3326327],[99.7901706,13.3326058],[99.790214,13.3325906],[99.7902447,13.3325838],[99.7902559,13.3325821],[99.7903048,13.3325846],[99.7903233,13.3325861],[99.7903566,13.3325943],[99.790389,13.3326084],[99.7904369,13.33264],[99.790496,13.3326892],[99.79052,13.3327167],[99.7905534,13.3327517],[99.790646,13.3328943],[99.7906896,13.3329276],[99.790717,13.3329417],[99.790752,13.3329549],[99.7907793,13.3329599],[99.7908135,13.3329598],[99.7908382,13.3329538],[99.7908791,13.3329362],[99.7908978,13.3329119],[99.7909088,13.3328851],[99.7909138,13.3328525],[99.7909154,13.3328074],[99.7909118,13.3327664],[99.7909049,13.3327305],[99.7908671,13.3326124],[99.7908557,13.3325769],[99.7908411,13.3325343],[99.7908384,13.3324967],[99.79084,13.3324616],[99.7908476,13.3324298],[99.7908731,13.3323913],[99.7908935,13.3323662],[99.7909139,13.3323519],[99.7909616,13.3323225],[99.7909948,13.3323082],[99.7910281,13.3322972],[99.7912285,13.3322607],[99.7912814,13.3322572],[99.7913505,13.3322653],[99.7913949,13.3322786],[99.7914522,13.3323001],[99.7915916,13.33241],[99.7916139,13.3324249],[99.7916481,13.3324407],[99.7917446,13.3324647],[99.7919026,13.3324984],[99.7919231,13.3325101],[99.7920001,13.3325783],[99.792036,13.3326016],[99.7920634,13.3326132],[99.7920907,13.3326148],[99.7921299,13.3326155],[99.7921649,13.3326096],[99.7922289,13.3325927],[99.792516,13.3324631],[99.7928101,13.3323744],[99.7928459,13.3323601],[99.7928902,13.3323374],[99.7929907,13.332266],[99.793012,13.332256],[99.7930333,13.3322534],[99.7930623,13.3322558],[99.793082,13.3322624],[99.7931017,13.3322757],[99.7931283,13.3323174],[99.7931428,13.3323425],[99.7932081,13.3324693],[99.7932196,13.3324852],[99.7932364,13.3325085],[99.7932646,13.3325343],[99.7932852,13.3325534],[99.7933296,13.3325742],[99.7933621,13.3325849],[99.793415,13.33259],[99.7934987,13.3325979],[99.7936258,13.3325983],[99.7937589,13.3325887],[99.7939415,13.332584],[99.793991,13.3325846],[99.7940483,13.3325995],[99.7940961,13.3326161],[99.7941346,13.3326394],[99.7941628,13.3326668],[99.7941766,13.3326994],[99.794187,13.3327403],[99.7941931,13.3327996],[99.7941839,13.332878],[99.7941812,13.332901],[99.7941793,13.3329212],[99.7941871,13.3329438],[99.7941948,13.3329531],[99.7943577,13.3329978],[99.7944139,13.3330056],[99.7944864,13.3330096],[99.7945238,13.3330085],[99.7945492,13.3330023],[99.7945741,13.3329896],[99.7945918,13.3329759],[99.7946143,13.3329509],[99.7946287,13.3329278],[99.7946881,13.3328053],[99.7947622,13.3326526],[99.7948495,13.3324885],[99.7948827,13.3324457],[99.7949184,13.332413],[99.7949525,13.3323912],[99.7949951,13.3323785],[99.7950369,13.3323717],[99.7950778,13.3323699],[99.7951307,13.3323714],[99.7951828,13.3323846],[99.7952136,13.3323988],[99.7953461,13.332461],[99.7953809,13.3324779],[99.7954128,13.3324934],[99.7954478,13.3325008],[99.7954819,13.3325007],[99.7955092,13.3324931],[99.7955339,13.332478],[99.7955517,13.3324528],[99.7955576,13.3324303],[99.7955682,13.3322452],[99.7955722,13.3321762],[99.7955754,13.3321377],[99.7955941,13.3320909],[99.7956144,13.3320607],[99.7956383,13.3320347],[99.7956663,13.3320138],[99.7957047,13.3320011],[99.7957525,13.3319951],[99.7958105,13.3319899],[99.7958591,13.3319923],[99.7959027,13.3320005],[99.7959489,13.3320271],[99.7960506,13.3320811],[99.7960796,13.3320868],[99.7961035,13.3320884],[99.7961257,13.3320875],[99.7961504,13.3320833],[99.7961743,13.3320707],[99.7961981,13.3320472],[99.7962778,13.3318898],[99.7962981,13.3318212],[99.796303,13.3317753],[99.7962986,13.3317277],[99.7962337,13.3314404],[99.7962333,13.3314281],[99.7962318,13.3313827],[99.7962385,13.3313576],[99.7962564,13.3313342],[99.7962794,13.3313249],[99.7963092,13.3313165],[99.7963331,13.3313181],[99.7963596,13.331323],[99.7963852,13.3313388],[99.79647,13.3314238],[99.7966397,13.3316631],[99.796668,13.3316964],[99.7966988,13.3317189],[99.7967484,13.3317371],[99.7967851,13.3317437],[99.7968218,13.3317427],[99.7968729,13.331735],[99.7969147,13.3317224],[99.7970144,13.3316753],[99.7971626,13.3316013],[99.7972146,13.3315852],[99.7972368,13.3315885],[99.7972591,13.3316026],[99.7972685,13.331626],[99.7972927,13.3317045],[99.797309,13.3317362],[99.7973219,13.3317579],[99.7973441,13.3317712],[99.7973723,13.3317828],[99.7974039,13.331786],[99.7974432,13.3317867],[99.7974734,13.3317765],[99.7976143,13.3316684],[99.7976569,13.331639],[99.7976816,13.3316272],[99.7977208,13.3316221],[99.7977755,13.3316286],[99.797913,13.3316816],[99.7981671,13.3318192],[99.7982724,13.3318585],[99.7983675,13.3318799],[99.7984747,13.3318816],[99.7985617,13.3318754],[99.7989943,13.3317888],[99.7991843,13.3317466],[99.7993925,13.3316925],[99.7995419,13.3316306],[99.7996752,13.3315411],[99.7999386,13.3313161],[99.8001032,13.3311756],[99.8002538,13.3310942],[99.8003829,13.3310481],[99.8006987,13.3309486],[99.8008638,13.3309164],[99.8009894,13.3308843],[99.8010863,13.3308489],[99.8012082,13.3307746],[99.8018995,13.3301815],[99.8020948,13.330058],[99.8022293,13.3299729],[99.8032439,13.3293999],[99.8033802,13.3293432],[99.8034843,13.3293076],[99.8035776,13.3292933],[99.8036459,13.3293001],[99.8038185,13.3293629],[99.8039268,13.3294275],[99.8041352,13.3295518],[99.8042756,13.3296323],[99.8043763,13.3296671],[99.8049155,13.3298096],[99.8050522,13.3298514],[99.8051133,13.3298899],[99.8051639,13.3299707],[99.8052476,13.3302905],[99.8052739,13.3306633],[99.8052672,13.330811],[99.8050526,13.3316577],[99.8048495,13.3322914],[99.8048262,13.3324979],[99.8047966,13.3328807],[99.8047287,13.3337582],[99.8047206,13.333863],[99.8046219,13.3344261],[99.8045794,13.3346045],[99.8044651,13.3347971],[99.8044453,13.3348292],[99.8043984,13.3349052],[99.804279,13.3350228],[99.8040381,13.3352187],[99.8038969,13.3353336],[99.8037239,13.3355129],[99.8036775,13.3356045],[99.8036599,13.3357172],[99.8036709,13.3358015],[99.8037107,13.3358683],[99.8037611,13.3359244],[99.8038691,13.3359698],[99.8040524,13.3360219],[99.8043937,13.3360314],[99.8069532,13.3366248],[99.8072553,13.3367188],[99.8073992,13.3367957],[99.8075,13.3368763],[99.8075541,13.336943],[99.8076949,13.3371325],[99.8078502,13.3374028],[99.8080062,13.3378455],[99.8083293,13.3388751],[99.8084127,13.3391246],[99.8084598,13.339237],[99.8085319,13.3393247],[99.8086148,13.3394053],[99.8087732,13.3394963],[99.8092553,13.339741],[99.8102118,13.3400404],[99.810629,13.3401974],[99.8107873,13.3402496],[99.8109058,13.3402563],[99.810992,13.340256],[99.8111357,13.340245],[99.8113976,13.3401633],[99.8117666,13.3398701],[99.8119134,13.3397184],[99.8122318,13.3393129],[99.8123212,13.339193],[99.812389,13.3390556],[99.8125166,13.3385416],[99.8126156,13.3380735],[99.8126582,13.3379291],[99.8127148,13.3378505],[99.8127368,13.3378198],[99.8128049,13.3377739],[99.8129341,13.3377172],[99.8130848,13.3376815],[99.8132284,13.3376635],[99.8134368,13.3376628],[99.8137243,13.3376971],[99.8138644,13.3376966],[99.8139865,13.3376927],[99.8141264,13.3376606],[99.814208,13.3376225],[99.8144411,13.3375136],[99.8149068,13.3372961],[99.8149908,13.3372568],[99.8150985,13.3372354],[99.8151918,13.3372281],[99.8152817,13.3372418],[99.8153448,13.3372634],[99.815404,13.3372837],[99.8156992,13.3374329],[99.8160193,13.3375947],[99.8164618,13.3378431],[99.8168542,13.3380634],[99.8171639,13.3382875],[99.8171815,13.3383041],[99.8173873,13.3384978],[99.8177188,13.3388063],[99.8177372,13.338819],[99.8178556,13.3389008],[99.8180103,13.3389777],[99.8182655,13.3390226],[99.8195595,13.3392788],[99.8199758,13.3394177],[99.8201079,13.3394383],[99.8202211,13.3394512],[99.8202951,13.3394481],[99.8203584,13.3394454],[99.820652,13.3394023],[99.8208405,13.3393964],[99.8210049,13.3393959],[99.8213578,13.3393921],[99.821568,13.3394125],[99.8220289,13.3394902],[99.8221746,13.3395345],[99.8223175,13.3395921],[99.8225496,13.3397048],[99.8227502,13.3397659],[99.822884,13.3398066],[99.8232912,13.339924],[99.8234179,13.3399526],[99.82355,13.3399601],[99.8237385,13.3399436],[99.8238839,13.3399062],[99.8244678,13.3397197],[99.8245888,13.3396533],[99.8250029,13.3393961],[99.8252464,13.3392859],[99.8253552,13.3392367],[99.8260285,13.3389356],[99.8262645,13.3388301],[99.8263775,13.3388086],[99.8264718,13.3387977],[99.8265903,13.3388],[99.8266874,13.3388208],[99.8267819,13.3388706],[99.8268844,13.3389336],[99.8275627,13.3395487],[99.8277516,13.3396325],[99.8279889,13.339695],[99.828245,13.3397258],[99.8284956,13.3397567],[99.8286896,13.339756],[99.8288243,13.3397477],[99.8289777,13.3397182],[99.8291677,13.3396224],[99.8292735,13.339569],[99.8294833,13.3394633],[99.8301509,13.3390437],[99.8302092,13.3390071],[99.8302871,13.3389462],[99.8303622,13.3388483],[99.8304104,13.3387638],[99.8305201,13.3385312],[99.8305934,13.3383467],[99.8306429,13.3382222],[99.8306885,13.3381587],[99.8307583,13.3380978],[99.8308177,13.3380638],[99.8308408,13.3380556],[99.8311435,13.3379484],[99.8311938,13.3379246],[99.8312028,13.3379179],[99.8312259,13.3379008],[99.8312761,13.3378494],[99.8313413,13.3374725],[99.8313521,13.3374082],[99.831363,13.3373442],[99.8313889,13.3372554],[99.831441,13.3371921],[99.8315194,13.3371603],[99.8316007,13.3371285],[99.8317728,13.3370609],[99.8318271,13.3370331],[99.8319215,13.3369658],[99.832023,13.3368481],[99.8323849,13.3364285],[99.8324571,13.3363448],[99.8326496,13.3361194],[99.8327079,13.3360758],[99.8327883,13.3360302],[99.8328486,13.3360004],[99.832917,13.3359706],[99.8329713,13.3359546],[99.8331545,13.3359521],[99.8335251,13.3359666],[99.8337043,13.3359522],[99.8338512,13.3359261],[99.8339658,13.3358843],[99.8340704,13.3358445],[99.8341327,13.3358108],[99.8341689,13.3357752],[99.8341849,13.3357554],[99.8342049,13.3357041],[99.8342058,13.3356434],[99.8342098,13.3353885],[99.8342195,13.335284],[99.8342453,13.3351715],[99.8342794,13.3351162],[99.8343396,13.3350509],[99.8344159,13.3349954],[99.8345191,13.3349509],[99.8347517,13.3348504],[99.8349588,13.334761],[99.8351818,13.3345946],[99.8357297,13.3340702],[99.8358884,13.3339375],[99.8359768,13.3338801],[99.8360792,13.3338127],[99.8361637,13.3337789],[99.8362401,13.3337569],[99.8363267,13.3337409],[99.8363992,13.3337367],[99.8364858,13.3337384],[99.83659,13.3337513],[99.8366409,13.3337576],[99.8366538,13.3337615],[99.8371227,13.3339039],[99.8372577,13.3339271],[99.8373906,13.3339365],[99.8377651,13.3339215],[99.8379081,13.3339092],[99.8380288,13.333895],[99.838112,13.3338787],[99.838128,13.3338756],[99.8381415,13.3338729],[99.8382003,13.3338463],[99.8382374,13.3338296],[99.8382602,13.3338193],[99.8382881,13.3338],[99.8383513,13.3337564],[99.8383606,13.3337499],[99.8386108,13.3335092],[99.8386978,13.3334254],[99.8387822,13.333366],[99.8388405,13.3333303],[99.8389048,13.3333005],[99.8391664,13.3332602],[99.8392369,13.3332521],[99.8393013,13.3332341],[99.8393817,13.3331984],[99.8395946,13.3330261],[99.8396563,13.3329759],[99.8396707,13.3329647],[99.8397311,13.3329191],[99.8397893,13.3328922],[99.8399102,13.3328752],[99.8405043,13.3328949],[99.8409414,13.332927],[99.8410079,13.3329307],[99.8410603,13.3329305],[99.8411186,13.3329224],[99.8412312,13.3328807],[99.8413102,13.3328295],[99.8415186,13.3326943],[99.8417235,13.3325615],[99.8418923,13.3324525],[99.8419448,13.3324185],[99.8419934,13.3323959],[99.8420451,13.332381],[99.8421497,13.3323609],[99.8423753,13.3323641],[99.8425323,13.3323538],[99.8430234,13.3322752],[99.8436334,13.3322259],[99.8439878,13.3322069],[99.8443683,13.3322037],[99.8445113,13.3321953],[99.8446059,13.3321792],[99.8446863,13.3321474],[99.8447787,13.3320702],[99.844937,13.3318607],[99.8450173,13.3317697],[99.8451358,13.3316746],[99.8452583,13.3315993],[99.8453368,13.3315734],[99.8454034,13.3315523],[99.8455163,13.3315374],[99.8457987,13.3315413],[99.8458908,13.3315497],[99.8460497,13.3315848],[99.8461686,13.331612],[99.8466181,13.3317505],[99.8467148,13.3317601],[99.8467914,13.3317598],[99.8468839,13.3317437],[99.8471031,13.3316523],[99.8474141,13.331523],[99.8476863,13.3314098],[99.8480301,13.3312568],[99.8483099,13.3311163],[99.848614,13.3309637],[99.8486684,13.330926],[99.848864,13.3307472],[99.8489193,13.3306756],[99.8490625,13.3304902],[99.8491567,13.3303893],[99.8492552,13.3303318],[99.8492834,13.330317],[99.8494904,13.3302087],[99.8500408,13.3298282],[99.8502356,13.3296659],[99.8503442,13.3296123],[99.8505212,13.3295565],[99.850628,13.3295368],[99.8510921,13.3294515],[99.8512257,13.3294277],[99.8513021,13.3294368],[99.851369,13.3294693],[99.851417,13.3295393],[99.851446,13.3296233],[99.8514847,13.3297821],[99.8515463,13.3301704],[99.8515484,13.3301837],[99.8515549,13.330225],[99.8515677,13.3303053],[99.8516304,13.3305061],[99.8516691,13.3306369],[99.8517458,13.3307348],[99.8518559,13.3308186],[99.8519754,13.3308696],[99.852114,13.3309112],[99.8522525,13.3309388],[99.852348,13.3309525],[99.8524721,13.330952],[99.8531776,13.3306973],[99.8539166,13.3304424],[99.8548654,13.3301307],[99.8552658,13.329961],[99.8554421,13.3298903],[99.8556612,13.3297447],[99.8557705,13.3296181],[99.8559368,13.3292159],[99.855951,13.3291815],[99.8568989,13.3295637],[99.8570474,13.3299646],[99.8569255,13.3302559],[99.857014,13.3309104],[99.8571049,13.3320466],[99.857552,13.3329146],[99.8576915,13.3336213],[99.8579832,13.3342932],[99.8586485,13.3349834],[99.8591292,13.3370907],[99.8595821,13.3383652],[99.8600162,13.3386946],[99.860156,13.3390444],[99.8597309,13.3400713],[99.8589266,13.3406929],[99.858841,13.3410616],[99.8591599,13.3414304],[99.8596543,13.3417691],[99.8598354,13.3421259],[99.8599005,13.3425516],[99.8597889,13.3438467],[99.8601031,13.3448509],[99.8601075,13.3455315],[99.8609819,13.3493924],[99.8628621,13.35493],[99.863424,13.3573513],[99.864147,13.3590686],[99.864585,13.360714],[99.8646562,13.3615287],[99.8649459,13.3624056],[99.8652073,13.3630574],[99.8655533,13.3647261],[99.8659006,13.3655055],[99.8664265,13.3693187],[99.8668185,13.3705482],[99.8672187,13.3737584],[99.8676372,13.3752228],[99.8679537,13.3758836],[99.8684794,13.3782697],[99.8696738,13.3826211],[99.8711146,13.3862393],[99.8715505,13.386873],[99.8719918,13.3875598],[99.8725251,13.3885908],[99.8727792,13.3891512],[99.8729689,13.3898421],[99.8733253,13.3905448],[99.8734155,13.3908795],[99.8736973,13.3913989],[99.873935,13.3921748],[99.8742363,13.3928955],[99.8746436,13.3933923],[99.8748923,13.3941872],[99.8749785,13.3947745],[99.8769068,13.3997635],[99.8771066,13.3999131],[99.8771975,13.4000889],[99.8771926,13.4004288],[99.8773927,13.4008301],[99.8776013,13.401081],[99.8777787,13.4015766],[99.8779444,13.401736],[99.878182,13.4019018],[99.8781886,13.4021396],[99.8778571,13.4023113],[99.878131,13.4028561],[99.8782688,13.403219],[99.8782939,13.4038867],[99.8783861,13.4041391],[99.8785925,13.4044263],[99.8789644,13.4046181],[99.8790356,13.4051875],[99.8794086,13.4059428],[99.8797189,13.4065958],[99.8801223,13.4075829],[99.88056,13.4084083],[99.880645,13.4087045],[99.881015,13.4096594],[99.8815069,13.4105029],[99.8813056,13.4110348],[99.8813331,13.4112235],[99.8815742,13.4114567],[99.8816917,13.4116952],[99.8817347,13.4118949],[99.8819986,13.4121905],[99.8823201,13.4131359],[99.882613,13.4139587],[99.8827702,13.414272],[99.8830831,13.4145509],[99.8836213,13.4160789],[99.8834332,13.4162625],[99.8833074,13.4162822],[99.8830713,13.4163319],[99.8827567,13.4163545],[99.882508,13.4164127],[99.882234,13.4165462],[99.8820439,13.4166149],[99.8817721,13.4167055],[99.8815498,13.4167483],[99.8808419,13.4169447],[99.8793579,13.417472],[99.8787897,13.4177183],[99.8783583,13.4179661],[99.8779664,13.4183184],[99.8777916,13.4184388],[99.8776575,13.4184969],[99.8774124,13.4185655],[99.8758667,13.4190688],[99.8758422,13.4191032],[99.8759237,13.4196182],[99.8759407,13.4196346],[99.8759861,13.4196411],[99.8761549,13.4195836],[99.8762326,13.4195736],[99.8762947,13.4195901],[99.876317,13.4196237],[99.8763853,13.4200535],[99.8763856,13.4201247],[99.8763501,13.4203806],[99.8763188,13.4204013],[99.8741437,13.4199742],[99.8708674,13.4193788],[99.8630054,13.4178893],[99.8625541,13.4178167],[99.8610038,13.4175254],[99.8604011,13.41746],[99.8588269,13.4174138],[99.8587759,13.4173407],[99.858602,13.4167793],[99.8582026,13.4157551],[99.8581237,13.4154505],[99.8580738,13.4150919],[99.8580495,13.4146569],[99.8580518,13.4143902],[99.8580387,13.4143553],[99.8580127,13.4143364],[99.8570985,13.4144728],[99.8569104,13.4144862],[99.8563848,13.4144435],[99.8561023,13.4143682],[99.8557099,13.4143728],[99.855149,13.4144509],[99.8548864,13.4145026],[99.8544717,13.4146214],[99.8544248,13.4146011],[99.8544066,13.4145709],[99.8543537,13.4142948],[99.8541657,13.413213],[99.8539941,13.4125698],[99.8538908,13.4122439],[99.8538479,13.4118249],[99.8538158,13.4110058],[99.8538012,13.4109892],[99.8536163,13.4110041],[99.8532635,13.4109624],[99.8532269,13.4109364],[99.8532,13.4109007],[99.8531432,13.4106676],[99.8530872,13.4106392],[99.8529631,13.4106277],[99.8529533,13.4106087],[99.8529501,13.4104086],[99.8530088,13.4098107],[99.8530014,13.4097678],[99.8529842,13.4097346],[99.8529574,13.4097204],[99.8527165,13.4096974],[99.8526726,13.4096713],[99.8526299,13.4092785],[99.8526336,13.4075853],[99.8526238,13.4075639],[99.852597,13.4075525],[99.8520876,13.4075034],[99.85188,13.4074946],[99.8515849,13.407521],[99.851392,13.4065774],[99.8505785,13.4060228],[99.8499628,13.4056615],[99.848694,13.4052396],[99.8479252,13.4050292],[99.8473232,13.404931],[99.846491,13.4049212],[99.8455824,13.4049994],[99.844879,13.4051773],[99.8429735,13.40571],[99.841534,13.4062303],[99.8405406,13.4092145],[99.8402132,13.410782],[99.8400644,13.4121736],[99.8399594,13.414784],[99.8398964,13.4153654],[99.8398655,13.4160628],[99.8398613,13.4164454],[99.8398923,13.4165891],[99.8399124,13.4168034],[99.8399104,13.4170178],[99.8398419,13.417254],[99.8398448,13.4172784],[99.839867,13.4173001],[99.8400142,13.4173647],[99.8401198,13.417443],[99.840156,13.417508],[99.8401954,13.417668],[99.840251,13.4177302],[99.8403093,13.4177544],[99.8414282,13.4179043],[99.8418614,13.41793],[99.8428803,13.4180216],[99.8434971,13.4180365],[99.8435636,13.4180842],[99.8435384,13.4203471],[99.8434443,13.4213833],[99.8433365,13.4220257],[99.8431076,13.4229747],[99.8426606,13.425047],[99.8421199,13.4274036],[99.8421445,13.427613],[99.842264,13.4279026],[99.8425026,13.4283658],[99.8429119,13.4290318],[99.8442293,13.4307958],[99.8456179,13.4325504],[99.8464276,13.4337244],[99.8478835,13.4343867],[99.8498661,13.4351384],[99.8521716,13.4358479],[99.8531796,13.4363535],[99.8541359,13.4384577],[99.8543021,13.438784],[99.8545337,13.4391712],[99.8548214,13.4398018],[99.8551567,13.4403209],[99.8553218,13.4408635],[99.8557401,13.4417744],[99.8565613,13.4434183],[99.8568693,13.4441065],[99.8574663,13.4452727],[99.8576328,13.4454901],[99.8584741,13.4473942],[99.8585262,13.4474827],[99.8586016,13.4475661],[99.8587937,13.4477124],[99.8587964,13.4477301],[99.8587758,13.4477682],[99.8584215,13.447886],[99.8577436,13.4480252],[99.856877,13.4482435],[99.8547764,13.4487246],[99.8541297,13.4488966],[99.8534104,13.4490358],[99.8528489,13.4491836],[99.8513807,13.4496064],[99.8496853,13.4502017],[99.8478263,13.4509797],[99.8466125,13.4515091],[99.8463133,13.4517254],[99.846269,13.4517909],[99.846198,13.4519928],[99.8461339,13.4524433],[99.8460919,13.4529686],[99.8461001,13.455284],[99.846005,13.4562812],[99.8458538,13.4568927],[99.844984,13.4586857],[99.8446271,13.4597294],[99.8446474,13.4602123],[99.8446199,13.460244],[99.8443762,13.4603214],[99.8439306,13.4605752],[99.8438525,13.460607],[99.8436683,13.4605986],[99.8433596,13.4605185],[99.8430834,13.4605059],[99.8430283,13.4605557],[99.8429329,13.4608984],[99.84291,13.4609345],[99.8416319,13.4614028],[99.8400557,13.4617043],[99.8395799,13.461869],[99.8394212,13.4618525],[99.838891,13.4617408],[99.8385743,13.4617876],[99.8384964,13.4617776],[99.8384847,13.4617259],[99.8385143,13.4615948],[99.838517,13.4612928],[99.8384872,13.4611323],[99.8384478,13.4611007],[99.8381735,13.4609708],[99.8379117,13.4608722],[99.8378778,13.4608626],[99.8378501,13.4608717],[99.8377904,13.461001],[99.837758,13.4610102],[99.8377117,13.4610013],[99.8374359,13.4608595],[99.8374032,13.4607849],[99.8373592,13.4607534],[99.837241,13.4606971],[99.83719,13.4606908],[99.8369375,13.4612529],[99.8369076,13.4612915],[99.8368706,13.4612962],[99.8362312,13.461056],[99.8362102,13.4610131],[99.8363022,13.4608533],[99.8363021,13.4608316],[99.8362743,13.4608136],[99.835121,13.4605004],[99.8350769,13.4604734],[99.8350676,13.4604417],[99.8350858,13.4603737],[99.8351639,13.4602036],[99.8351845,13.4601198],[99.8351864,13.4600156],[99.8351724,13.459993],[99.8348926,13.4600188],[99.834638,13.4599857],[99.8344691,13.4599931],[99.8342656,13.4600277],[99.8342136,13.460029],[99.8341962,13.4600121],[99.8341899,13.4595366],[99.8342661,13.4595023],[99.83465,13.4594399],[99.8347053,13.4593877],[99.8347187,13.4593436],[99.8347103,13.4588932],[99.8346885,13.4587831],[99.8346712,13.4587494],[99.8346002,13.4586848],[99.8344508,13.4586038],[99.8343321,13.4585073],[99.8342853,13.4584429],[99.8342656,13.4583726],[99.8342555,13.4582644],[99.834267,13.4582207],[99.8342902,13.4581921],[99.8344181,13.4581252],[99.8349201,13.4579336],[99.8349705,13.4579087],[99.834998,13.4578768],[99.8350226,13.4578268],[99.8350312,13.4575001],[99.8351022,13.4572643],[99.8351285,13.4567225],[99.8351118,13.4564645],[99.8350499,13.4561684],[99.8349818,13.4561402],[99.8342985,13.4560873],[99.8342149,13.4560572],[99.8341837,13.4559984],[99.834177,13.4557477],[99.8342233,13.4556773],[99.8342735,13.4556635],[99.8347084,13.4556567],[99.8347453,13.4556527],[99.8347627,13.4556337],[99.8347172,13.4547659],[99.8347429,13.4547183],[99.8348836,13.4546778],[99.8349709,13.4546275],[99.8350016,13.4545691],[99.8350053,13.4545235],[99.8349436,13.4540792],[99.8349388,13.4537962],[99.834899,13.4535209],[99.8348359,13.4532362],[99.8347598,13.4531955],[99.8344087,13.4531848],[99.834374,13.4531704],[99.8343599,13.4531467],[99.8343642,13.452874],[99.8343094,13.4526316],[99.8342919,13.451539],[99.8342431,13.4512014],[99.8341385,13.4508848],[99.833984,13.4508991],[99.8338849,13.4508653],[99.8338605,13.4508313],[99.834043,13.4488],[99.8339914,13.4487889],[99.8338569,13.4487978],[99.8335738,13.4489052],[99.8333756,13.4490264],[99.83275,13.4497235],[99.8319957,13.4504743],[99.8316838,13.4508052],[99.8315094,13.4509038],[99.8306581,13.4517465],[99.8300108,13.4522746],[99.8298689,13.4523601],[99.8292391,13.4526789],[99.8288339,13.4528231],[99.8285488,13.4529091],[99.8283456,13.452949],[99.8281195,13.4529768],[99.827878,13.4529674],[99.827686,13.4529241],[99.8273132,13.4527712],[99.8265473,13.452372],[99.8260247,13.4519608],[99.8255071,13.4516028],[99.8250162,13.4512176],[99.82325,13.4499111],[99.8228125,13.4496236],[99.8218786,13.4489325],[99.8206155,13.4479902],[99.820445,13.4478282],[99.8200259,13.4475138],[99.8197936,13.4474109],[99.8192245,13.4470521],[99.8191059,13.4469965],[99.8187399,13.4468734],[99.8182241,13.4467359],[99.8179288,13.4466406],[99.8175038,13.4465589],[99.8166449,13.4463318],[99.8158388,13.4461597],[99.8149237,13.4459404],[99.8146763,13.4458888],[99.8144767,13.4458652],[99.8144269,13.4458384],[99.8138622,13.4456802],[99.8132008,13.4455206],[99.8131595,13.4455239],[99.813131,13.4455519],[99.8131184,13.4455893],[99.8131447,13.4458598],[99.813139,13.4460309],[99.8131169,13.4460776],[99.8130757,13.446115],[99.8130122,13.4461401],[99.8128979,13.4461436],[99.8122717,13.4460927],[99.8117569,13.4460757],[99.8114327,13.4460239],[99.8113056,13.4460181],[99.8101404,13.4460536],[99.8101142,13.44607],[99.8100764,13.4461658],[99.810013,13.4464552],[99.8099893,13.4464856],[99.8099369,13.4464998],[99.8096215,13.4464747],[99.8089252,13.4463619],[99.8082088,13.4463747],[99.8080157,13.4463497],[99.8078106,13.4463037],[99.8074957,13.4462067],[99.8066748,13.4458711],[99.8062525,13.4457419],[99.8059139,13.4456753],[99.8057828,13.445683],[99.8057619,13.4457138],[99.8055408,13.4469892],[99.8055159,13.4470342],[99.8054825,13.4470507],[99.8049059,13.4468687],[99.8040369,13.4466427],[99.8035605,13.4464644],[99.8026411,13.4461568],[99.8025952,13.4461651],[99.8025536,13.4462102],[99.8021695,13.4476138],[99.8019897,13.4483403],[99.8019729,13.4483901],[99.8019391,13.4484201],[99.8018849,13.4484302],[99.8012345,13.4482834],[99.8006673,13.4481732],[99.8000924,13.4480333],[99.7997768,13.4479347],[99.7996776,13.4478952],[99.7996266,13.4478556],[99.7995474,13.4477439],[99.7994506,13.447687],[99.7983361,13.4471331],[99.797533,13.4467746],[99.7970418,13.4466002],[99.7967619,13.4465288],[99.7964824,13.44654],[99.7959604,13.4466346],[99.7942782,13.4468722],[99.7941054,13.446881],[99.7940211,13.4468472],[99.7939964,13.4467464],[99.7939773,13.44672],[99.7938959,13.4466937],[99.7930692,13.4467892],[99.7929445,13.4467869],[99.7922206,13.4466768],[99.790458,13.4463189],[99.7904173,13.4463361],[99.7903756,13.4464115],[99.7903259,13.4464189],[99.790039,13.446263],[99.7897965,13.4461039],[99.7896566,13.4459896],[99.7896264,13.4459317],[99.7896131,13.4458376],[99.7895985,13.4455231],[99.7895638,13.4454669],[99.7894843,13.4454418],[99.7891648,13.4454254],[99.7882972,13.4454281],[99.7844564,13.4455477],[99.7827354,13.445472],[99.7827167,13.4454888],[99.7827082,13.4455716],[99.7826797,13.4455997],[99.7824245,13.4456104],[99.780451,13.445773],[99.7804126,13.4457881],[99.7803822,13.4458709],[99.7803584,13.4458892],[99.7788893,13.4457383],[99.7781403,13.4457346],[99.7780947,13.4457437],[99.7780643,13.4457706],[99.7780401,13.4458244],[99.7779921,13.4460391],[99.7779739,13.4460659],[99.777907,13.446084],[99.7768774,13.4459144],[99.7768315,13.4458609],[99.7768028,13.4454616],[99.7767814,13.4454319],[99.7767022,13.4454143],[99.7755418,13.4456061],[99.774852,13.4456916],[99.7723046,13.4462955],[99.7714689,13.4464768],[99.7713738,13.4471804],[99.7713417,13.4472957],[99.7712674,13.4473442],[99.7704856,13.4473769],[99.7696713,13.4475104],[99.7692251,13.4476065],[99.7687528,13.4476662],[99.7683275,13.4476926],[99.7679626,13.4476966],[99.7676308,13.4476718],[99.7675443,13.44773],[99.7675398,13.4477853],[99.767578,13.4479465],[99.7679884,13.4491526],[99.7679774,13.4491939],[99.7662877,13.4492959],[99.7659581,13.4492876],[99.7650914,13.4491244],[99.7646393,13.4490705],[99.7644462,13.4490618],[99.7641452,13.4491273],[99.7640417,13.4491598],[99.7639618,13.4492108],[99.763929,13.4492662],[99.7639251,13.4494966],[99.7640077,13.4503405],[99.7578586,13.4497888],[99.7528291,13.4493178],[99.7481682,13.4489248],[99.7467475,13.448776],[99.7463594,13.4486898],[99.7457544,13.4485123],[99.7457455,13.4501305],[99.7457076,13.4515178],[99.7456719,13.4519382],[99.7456021,13.4524432],[99.7455341,13.4527133],[99.745397,13.4529546],[99.7449159,13.4534089],[99.7447493,13.4536407],[99.7442789,13.454886],[99.744204,13.4552462],[99.7440712,13.4556253],[99.74372,13.4563365],[99.7432869,13.4570405],[99.7432355,13.4572883],[99.7432351,13.4574351],[99.7432662,13.4575904],[99.743259,13.457656],[99.7432369,13.457718],[99.7431663,13.4577655],[99.7431219,13.4578312],[99.7431,13.4579696],[99.7431589,13.4583288],[99.7431597,13.4586083],[99.7431206,13.4586951],[99.7430476,13.4588082],[99.742944,13.4588884],[99.7423451,13.4594394],[99.7420942,13.4595743],[99.7419335,13.4596207],[99.7417648,13.4596339],[99.7410873,13.4596326],[99.7409808,13.4596545],[99.7408693,13.4596876],[99.740416,13.4598893],[99.740286,13.4599588],[99.7401833,13.4600441],[99.7401258,13.4601092],[99.7400567,13.4602259],[99.7399977,13.4603815],[99.7398386,13.4606337],[99.7397444,13.4607152],[99.7394937,13.4608649],[99.7394625,13.4609092],[99.7394342,13.4610337],[99.7394631,13.461851],[99.7394274,13.4620041],[99.7393297,13.4621542],[99.7392059,13.4622669],[99.7389671,13.4624042],[99.7386031,13.4625555],[99.7383923,13.4626147],[99.7378836,13.4628127],[99.7377016,13.4629158],[99.7375701,13.4630201],[99.7374564,13.4631661],[99.7373578,13.463356],[99.7368789,13.4646051],[99.7368272,13.4647022],[99.7366037,13.4649601],[99.7364747,13.4650609],[99.7362075,13.4651846],[99.7359352,13.4653359],[99.7358066,13.4654626],[99.7357424,13.4655841],[99.7357178,13.4657062],[99.7357243,13.4660898],[99.7357986,13.466789],[99.7357846,13.4669877],[99.7357012,13.4677163],[99.7356458,13.4684428],[99.7355576,13.4687584],[99.73543,13.4690716],[99.7354081,13.4692137],[99.7354159,13.4693193],[99.7354611,13.4695217],[99.7354441,13.4697522],[99.7354589,13.469948],[99.7354999,13.4702671],[99.735553,13.4704584],[99.7355697,13.4706],[99.7355379,13.4707578],[99.7354453,13.470894],[99.7353694,13.4709506],[99.7353019,13.4709681],[99.7351994,13.4709535],[99.7348224,13.470852],[99.7347682,13.4708487],[99.7346482,13.470871],[99.7345306,13.4709174],[99.7343662,13.4710389],[99.734257,13.471144],[99.7339499,13.4715632],[99.7338703,13.4717351],[99.7338315,13.4717869],[99.7335446,13.4719223],[99.7333745,13.472058],[99.733296,13.4721757],[99.7331029,13.4725622],[99.7329655,13.4727365],[99.7328659,13.472821],[99.7326943,13.4729148],[99.7323847,13.4729973],[99.7318404,13.4730555],[99.7316438,13.473093],[99.7314849,13.4731446],[99.7313888,13.4731982],[99.731217,13.4733836],[99.7310945,13.473463],[99.7308313,13.4735693],[99.7306333,13.473619],[99.7304868,13.473614],[99.7303666,13.4735474],[99.7301287,13.4732227],[99.7299825,13.4729655],[99.7298778,13.4728896],[99.729798,13.4728759],[99.7293024,13.4728633],[99.7288762,13.472872],[99.7286819,13.4728546],[99.728626,13.472826],[99.7285868,13.4727623],[99.7284276,13.4718286],[99.7283588,13.4716635],[99.7282885,13.4716091],[99.7280712,13.4716042],[99.7279193,13.4716429],[99.7277459,13.4717107],[99.727666,13.4717626],[99.7275069,13.4719167],[99.7273501,13.4721777],[99.7272405,13.4725787],[99.7271468,13.4731922],[99.7271006,13.4733134],[99.7270303,13.473426],[99.7269038,13.4735766],[99.7263082,13.4740562],[99.7261287,13.4742165],[99.7256059,13.4748147],[99.7254874,13.4748519],[99.7253539,13.4748384],[99.7252646,13.4747895],[99.7251744,13.4746944],[99.7250205,13.4745692],[99.7247452,13.4744143],[99.7246172,13.4743659],[99.7245246,13.4743549],[99.7243712,13.4743799],[99.7243155,13.4744088],[99.7242517,13.4744686],[99.724203,13.4745825],[99.7241979,13.47473],[99.7242663,13.4750688],[99.7242672,13.4752975],[99.7242458,13.475373],[99.7241245,13.4755747],[99.7240042,13.4757299],[99.7238251,13.4758763],[99.7236697,13.4759556],[99.7233615,13.4760823],[99.7227924,13.4764365],[99.7224791,13.4765953],[99.7220622,13.4767599],[99.7215165,13.4769345],[99.7214451,13.4769861],[99.7213736,13.4770885],[99.7212865,13.477353],[99.7211791,13.4774885],[99.7210635,13.4775601],[99.7209063,13.4775968],[99.7205675,13.4775991],[99.7202264,13.4776306],[99.7197031,13.4776422],[99.7191129,13.4777331],[99.7189689,13.4777908],[99.7188917,13.4778412],[99.7188511,13.4778917],[99.7188302,13.4779478],[99.7188173,13.4781802],[99.7188193,13.4786039],[99.7188498,13.4788591],[99.7189082,13.4789455],[99.7189746,13.4789797],[99.7190935,13.4789964],[99.719436,13.4789837],[99.7195105,13.4790022],[99.7195752,13.4790374],[99.7196248,13.4791181],[99.7196439,13.4792113],[99.7196486,13.4793669],[99.7196165,13.4794725],[99.7195465,13.4795249],[99.7193185,13.4795573],[99.7190489,13.4796728],[99.7188637,13.4796815],[99.7187968,13.4797206],[99.718728,13.4797903],[99.7186887,13.4799657],[99.7186502,13.480017],[99.7185621,13.4800374],[99.7184545,13.4800175],[99.7183879,13.4800218],[99.7181682,13.4801607],[99.7181339,13.4802008],[99.7181181,13.4802538],[99.7181122,13.4805352],[99.7180503,13.4806352],[99.7177577,13.480966],[99.7177083,13.4810736],[99.7176708,13.4812502],[99.7175993,13.4814046],[99.7173773,13.4816274],[99.717244,13.4817135],[99.7171516,13.4817294],[99.7170908,13.4817122],[99.7170426,13.4816796],[99.7168373,13.4813484],[99.7167588,13.4812431],[99.7166667,13.4811575],[99.7165669,13.4811177],[99.7163753,13.4810865],[99.7162582,13.4811093],[99.7161926,13.481147],[99.7161485,13.4811865],[99.7160929,13.4812709],[99.7160036,13.4814877],[99.715919,13.4817807],[99.7159168,13.4818806],[99.7159455,13.4820569],[99.7159517,13.482206],[99.7159269,13.4823498],[99.7157794,13.4825787],[99.7156717,13.4826695],[99.7155629,13.4827103],[99.7154263,13.482715],[99.7149494,13.4826338],[99.7146216,13.4825375],[99.7145463,13.4825315],[99.714405,13.4825514],[99.714226,13.4825099],[99.7141119,13.4825174],[99.7140357,13.4825524],[99.7139762,13.4826171],[99.7138954,13.4828289],[99.7138491,13.4828948],[99.7137312,13.4829363],[99.713529,13.4829454],[99.7134688,13.4829934],[99.7133843,13.4831093],[99.7132569,13.4831814],[99.7130185,13.4832425],[99.7128605,13.4832563],[99.7127017,13.4832421],[99.7124667,13.4831386],[99.7123503,13.4830611],[99.7121799,13.4828922],[99.7121197,13.482864],[99.7120385,13.4828647],[99.7120131,13.4828816],[99.7119913,13.4829268],[99.7120054,13.4830014],[99.7121811,13.483167],[99.7122475,13.4832873],[99.7122446,13.4834959],[99.7122222,13.4836052],[99.7121976,13.4836678],[99.7121436,13.4837443],[99.7119901,13.4838794],[99.711829,13.4839637],[99.7116854,13.4839867],[99.7114581,13.4839003],[99.7111741,13.4837618],[99.7111091,13.4837108],[99.7107951,13.4833287],[99.7106714,13.4832502],[99.710532,13.4831942],[99.7104441,13.4831791],[99.7102097,13.4831798],[99.7100141,13.4832039],[99.7097903,13.4832527],[99.7095057,13.4832454],[99.709397,13.4832759],[99.7091555,13.4833981],[99.7090718,13.4834134],[99.7090096,13.4834078],[99.7089697,13.4833872],[99.7089325,13.4833401],[99.7088494,13.4831038],[99.7087801,13.4829815],[99.7085091,13.482778],[99.7083572,13.4827129],[99.7077012,13.4825047],[99.7074617,13.4824615],[99.7072284,13.4824632],[99.7070569,13.4824933],[99.7067037,13.48261],[99.7063307,13.4826789],[99.7062225,13.4826831],[99.7057942,13.482654],[99.7054638,13.4826559],[99.7053209,13.4826341],[99.7052428,13.4826072],[99.7048849,13.4824014],[99.7046951,13.4822597],[99.7046345,13.4821985],[99.704429,13.4818864],[99.7042244,13.4816435],[99.7038916,13.4812086],[99.7036677,13.4808673],[99.7035556,13.4807452],[99.7034352,13.4806617],[99.7032699,13.4806002],[99.7027569,13.4804964],[99.7021655,13.4804622],[99.7017584,13.4804168],[99.7014823,13.4803688],[99.7012202,13.4802462],[99.7008787,13.4800474],[99.7004535,13.479711],[99.7002962,13.4796853],[99.7001149,13.479594],[99.6999826,13.4795492],[99.6994561,13.4794696],[99.6990954,13.4793937],[99.6986727,13.4792094],[99.6983821,13.4791335],[99.6979724,13.4789726],[99.6978511,13.4789558],[99.6976484,13.4789978],[99.6973667,13.4789903],[99.6969135,13.4790292],[99.6963672,13.4790459],[99.6962382,13.4790726],[99.6960518,13.4791378],[99.6959326,13.4791971],[99.6958288,13.4792767],[99.6957487,13.4793169],[99.6955043,13.4793689],[99.6953163,13.4794411],[99.6948317,13.4794491],[99.6945915,13.479483],[99.6945458,13.4794731],[99.6944739,13.4794285],[99.6943444,13.4792967],[99.6941425,13.4789904],[99.6940434,13.4788948],[99.6939199,13.4788696],[99.6937007,13.478931],[99.6935894,13.4789389],[99.6935091,13.4789187],[99.6931587,13.4787692],[99.6929448,13.4787476],[99.6927498,13.4788105],[99.6925168,13.4789447],[99.6923281,13.4789795],[99.6921484,13.4791146],[99.6919851,13.4791585],[99.6918778,13.4792081],[99.6918311,13.4793023],[99.6918444,13.4794328],[99.6919737,13.4796943],[99.692067,13.4799886],[99.6922444,13.4803685],[99.6923077,13.4805815],[99.6923605,13.4809569],[99.6923591,13.4813932],[99.6923921,13.4815951],[99.6923883,13.4817284],[99.692358,13.4818035],[99.6923198,13.4818511],[99.6920166,13.4821199],[99.6918781,13.4821857],[99.6915147,13.4822721],[99.6913066,13.4824054],[99.6912123,13.4824961],[99.6911265,13.4826582],[99.6909578,13.4831209],[99.6909231,13.4832738],[99.6909163,13.4834334],[99.6909426,13.4835606],[99.6909728,13.483625],[99.6910225,13.4836998],[99.6911227,13.4837907],[99.6912519,13.483871],[99.6919388,13.4842227],[99.6921882,13.4844238],[99.6923889,13.4846176],[99.6925067,13.4847706],[99.6925759,13.4849141],[99.6926019,13.4850814],[99.692569,13.4852773],[99.6924759,13.4854844],[99.6923459,13.4856656],[99.6922448,13.4857607],[99.6920994,13.4858526],[99.6919667,13.4859114],[99.691782,13.4859603],[99.6913515,13.4859942],[99.691218,13.4860166],[99.6911077,13.4860627],[99.6910665,13.4861066],[99.6910436,13.4861619],[99.6910399,13.4862293],[99.6910597,13.4863508],[99.6912537,13.4867476],[99.691295,13.4869091],[99.6913066,13.4870347],[99.6912534,13.4875758],[99.6911855,13.4878175],[99.6910748,13.4881219],[99.6910289,13.4881901],[99.6909665,13.4882329],[99.6908784,13.4882634],[99.6906564,13.4882999],[99.6905823,13.4883247],[99.6904655,13.4884181],[99.6903845,13.4885169],[99.6903275,13.4886269],[99.6902314,13.4889414],[99.690136,13.4893496],[99.690089,13.4894354],[99.6898857,13.4895529],[99.689577,13.4896834],[99.6895041,13.4897395],[99.6894496,13.4898884],[99.6894401,13.4901597],[99.6893766,13.4905435],[99.6893302,13.4907151],[99.6892709,13.4908273],[99.6892176,13.4908917],[99.6889421,13.4910801],[99.6888524,13.4911634],[99.6887844,13.4912847],[99.6887041,13.491511],[99.6886473,13.4917328],[99.6886168,13.491949],[99.688618,13.4921237],[99.688667,13.4924385],[99.6886588,13.4925393],[99.6886304,13.4926189],[99.6885675,13.4926931],[99.6884634,13.4927423],[99.6880441,13.4927197],[99.6878169,13.4927292],[99.6876849,13.4927916],[99.687537,13.492945],[99.6874774,13.493038],[99.6874189,13.4931802],[99.6873326,13.4933345],[99.6871762,13.4937064],[99.687049,13.4939287],[99.6869859,13.4940867],[99.6869532,13.4942686],[99.686966,13.4944946],[99.6868262,13.4949163],[99.686766,13.4953002],[99.6866963,13.4954502],[99.6863969,13.4959734],[99.6862793,13.4961253],[99.6861751,13.4961978],[99.6859657,13.496279],[99.6858839,13.4963293],[99.6857932,13.4964184],[99.6857294,13.4965139],[99.6856737,13.4966519],[99.685652,13.4967503],[99.6856193,13.4969564],[99.6855748,13.4974972],[99.685544,13.4976841],[99.6854802,13.4979219],[99.6854443,13.4979942],[99.685369,13.4980743],[99.6851183,13.4982325],[99.6850552,13.4982895],[99.6849953,13.498428],[99.6850183,13.4985711],[99.685097,13.4987642],[99.6851885,13.4989304],[99.6853579,13.499167],[99.6854886,13.4994506],[99.6855208,13.4995725],[99.6855315,13.499698],[99.6855159,13.4998171],[99.6854798,13.4998696],[99.6854199,13.4999146],[99.6851164,13.5000206],[99.6847392,13.5002339],[99.6845509,13.5003932],[99.6844129,13.500583],[99.6843385,13.5007183],[99.6842768,13.5008772],[99.6842327,13.50119],[99.6842266,13.5013994],[99.6841702,13.5016221],[99.6841745,13.5017591],[99.6842368,13.5019725],[99.6842318,13.5020505],[99.6841589,13.5021814],[99.6840759,13.5022579],[99.6839872,13.50231],[99.6838689,13.5023513],[99.6836877,13.5023694],[99.6836007,13.502364],[99.6832929,13.5023017],[99.6829017,13.502152],[99.6827997,13.5021285],[99.6826415,13.5021319],[99.6823812,13.5021838],[99.6820774,13.5022005],[99.6814379,13.5021808],[99.6809859,13.502126],[99.6808604,13.5021329],[99.6807553,13.5021594],[99.6806239,13.5022448],[99.6805537,13.5023266],[99.6804879,13.5025093],[99.6803964,13.5029157],[99.6803208,13.5030467],[99.6802372,13.5031196],[99.6801439,13.5031658],[99.6800623,13.5031962],[99.6799125,13.5032143],[99.6798288,13.5032682],[99.6797835,13.5033465],[99.6797019,13.5036181],[99.6796188,13.503833],[99.6795576,13.5039038],[99.6794457,13.5039522],[99.6793064,13.5039543],[99.6790897,13.5038581],[99.6786021,13.5034412],[99.6784347,13.5033383],[99.6782724,13.5033057],[99.6779853,13.5033015],[99.6777031,13.503223],[99.6774647,13.5031443],[99.6769611,13.5029224],[99.6765448,13.5027683],[99.676488,13.5027115],[99.6764025,13.5025836],[99.6763348,13.5025276],[99.6760841,13.5024527],[99.6760237,13.5023896],[99.6759092,13.5021021],[99.675772,13.5015349],[99.6757087,13.5014782],[99.6755913,13.501457],[99.6754419,13.5015136],[99.6751182,13.501716],[99.6746092,13.5019964],[99.6744706,13.5020508],[99.6743843,13.5020572],[99.6731929,13.5019974],[99.6730502,13.5020142],[99.6726596,13.5021279],[99.6724846,13.5022119],[99.6722225,13.5024111],[99.6718996,13.5025824],[99.6715854,13.5028462],[99.6713926,13.5029518],[99.6708099,13.5031163],[99.6707125,13.5031323],[99.6705475,13.5031393],[99.6702484,13.5031082],[99.6700992,13.5031253],[99.6700433,13.5031454],[99.6698055,13.5033205],[99.6694372,13.5036319],[99.6691133,13.5037749],[99.6684682,13.5040211],[99.6682228,13.5040637],[99.6672045,13.5041241],[99.6668935,13.5040835],[99.6665183,13.5039488],[99.6663457,13.5039162],[99.6662425,13.5039311],[99.6660134,13.503999],[99.6658409,13.5040907],[99.6657547,13.50412],[99.665148,13.504119],[99.664958,13.5041495],[99.6648467,13.5042011],[99.6647803,13.5043005],[99.6646699,13.5050014],[99.6646421,13.5050668],[99.6645591,13.5051761],[99.6644554,13.5052392],[99.6643985,13.5052565],[99.6643051,13.5052556],[99.6641706,13.5052225],[99.663618,13.5050497],[99.6634466,13.5049704],[99.6631923,13.5047859],[99.6629044,13.5044587],[99.6626998,13.5042816],[99.6624396,13.5041059],[99.6622907,13.5040281],[99.6622064,13.5039949],[99.6620669,13.5039666],[99.6617788,13.503987],[99.6615808,13.5040427],[99.6613677,13.5041388],[99.6612402,13.5042391],[99.6611805,13.5043198],[99.6610908,13.5046061],[99.6609818,13.5047556],[99.6608644,13.5048479],[99.6606854,13.5049464],[99.660419,13.5050095],[99.6602906,13.5050113],[99.6602106,13.5049959],[99.6600632,13.5049035],[99.6600166,13.5048336],[99.6598675,13.5045124],[99.6597508,13.5043898],[99.6595625,13.5043164],[99.6593264,13.5042964],[99.6591956,13.5043185],[99.6591372,13.5043629],[99.6591136,13.5044476],[99.659192,13.5047477],[99.6592109,13.504986],[99.6592043,13.5050769],[99.6591546,13.5051611],[99.6590718,13.5051881],[99.6589263,13.5051539],[99.6586634,13.5049811],[99.6583985,13.5048704],[99.6581608,13.5048102],[99.6578241,13.5047736],[99.6573847,13.5045836],[99.6573001,13.504573],[99.6570198,13.5045836],[99.6569321,13.5045314],[99.6568481,13.5043153],[99.6567738,13.5042702],[99.6566433,13.5042573],[99.6564431,13.504291],[99.6562643,13.5043889],[99.6560711,13.5045298],[99.6560385,13.504568],[99.6559875,13.5046652],[99.6559908,13.5048504],[99.656055,13.5050528],[99.6562399,13.5053804],[99.6564939,13.5057243],[99.6566641,13.5058696],[99.6567068,13.5059643],[99.6567101,13.5060943],[99.6567336,13.5062016],[99.6568328,13.5063712],[99.6568413,13.5064697],[99.6568076,13.5065324],[99.6567602,13.5065644],[99.6567122,13.5065773],[99.656624,13.5065702],[99.6564336,13.5064705],[99.6562593,13.5063512],[99.6561997,13.5063238],[99.6561554,13.5063202],[99.6560667,13.5063336],[99.6560085,13.5063768],[99.6559755,13.5064289],[99.6559321,13.5065435],[99.6559304,13.5065869],[99.6561198,13.5071063],[99.6561865,13.5074046],[99.6561698,13.5076509],[99.656086,13.5078033],[99.6560338,13.5078703],[99.655841,13.5080452],[99.6556799,13.508152],[99.6555241,13.5081983],[99.6552881,13.5081786],[99.6547453,13.5080111],[99.6546055,13.5080097],[99.6545181,13.5080516],[99.6544845,13.5080887],[99.6544693,13.5081823],[99.6546639,13.5086738],[99.6546597,13.5087477],[99.6545967,13.5088489],[99.6545689,13.5088776],[99.6544004,13.5089751],[99.6542731,13.5090357],[99.6538295,13.5091529],[99.6536949,13.5091371],[99.6534344,13.5090698],[99.653217,13.5090795],[99.6531337,13.5091208],[99.6530343,13.5092769],[99.652949,13.5095403],[99.6528791,13.5096804],[99.6526756,13.5100071],[99.6524749,13.510421],[99.6524248,13.5104871],[99.6523855,13.5105152],[99.6523342,13.5105281],[99.6522741,13.5105197],[99.6522349,13.510497],[99.6521898,13.5104311],[99.6521031,13.5101837],[99.6520735,13.5099524],[99.6520004,13.5098309],[99.6519469,13.5097896],[99.6518278,13.5097458],[99.6517108,13.5097468],[99.6516073,13.5097664],[99.6514951,13.5098327],[99.6514479,13.5098897],[99.6513668,13.5100211],[99.6512985,13.5102435],[99.6512011,13.5104499],[99.6510765,13.5106308],[99.6508879,13.510805],[99.6507222,13.5109071],[99.6506303,13.5109178],[99.6504957,13.5109068],[99.6504309,13.5109237],[99.650281,13.5110252],[99.6498611,13.5113584],[99.6497536,13.5113855],[99.6496389,13.5113486],[99.6495065,13.511198],[99.6494528,13.5111109],[99.6492967,13.5108103],[99.6492222,13.510623],[99.6492032,13.5105319],[99.6492082,13.510367],[99.6492693,13.5101486],[99.6492786,13.5100548],[99.6491635,13.5096245],[99.648987,13.5092617],[99.6487763,13.5089076],[99.6486123,13.5085704],[99.6484395,13.5082821],[99.6483613,13.5080992],[99.6483384,13.5079587],[99.6482962,13.5078477],[99.6481622,13.5076413],[99.6480113,13.5074809],[99.6478945,13.5073954],[99.6477706,13.5073496],[99.647602,13.5073304],[99.6472437,13.5073628],[99.6469262,13.5073564],[99.6468719,13.5073731],[99.6468297,13.5074244],[99.6468178,13.5074778],[99.6468218,13.5077036],[99.646844,13.5078643],[99.6468238,13.5080756],[99.6467566,13.508259],[99.6466423,13.5084554],[99.6464928,13.508615],[99.6463501,13.5087138],[99.6461533,13.508802],[99.645673,13.5089458],[99.6456145,13.5089489],[99.6455245,13.5089268],[99.6453476,13.5088203],[99.6451028,13.5085171],[99.6450298,13.5084544],[99.6449506,13.5084226],[99.6448682,13.5084285],[99.6448013,13.5084686],[99.6447585,13.5085278],[99.6446237,13.508813],[99.6445665,13.5088956],[99.6445089,13.5089451],[99.6443878,13.5089987],[99.6442403,13.5090003],[99.643841,13.5088595],[99.6433914,13.5088628],[99.6432641,13.5087866],[99.6431602,13.5085404],[99.6430954,13.5084575],[99.6429239,13.5083599],[99.6427995,13.5083284],[99.6427286,13.5083391],[99.6426777,13.5083669],[99.6426435,13.5084356],[99.6426028,13.5086073],[99.6425895,13.5088336],[99.6425572,13.5089865],[99.6425902,13.5090708],[99.6426527,13.5091447],[99.6429546,13.5094091],[99.6429891,13.5094793],[99.6429778,13.5095681],[99.6429471,13.5096287],[99.6428543,13.5097421],[99.642416,13.5101387],[99.642233,13.5103897],[99.6421243,13.5107219],[99.6419525,13.5109148],[99.6418618,13.5110717],[99.6418293,13.5112063],[99.6417908,13.5115203],[99.6417152,13.5116823],[99.6415802,13.5118835],[99.6414792,13.5119551],[99.6414166,13.5119727],[99.6413407,13.5119832],[99.6408302,13.5119743],[99.6406662,13.5119932],[99.6405459,13.5120279],[99.6404127,13.5121144],[99.6402507,13.5123359],[99.6401142,13.5124322],[99.6399192,13.5125146],[99.6393561,13.5126707],[99.6392764,13.5127051],[99.6392328,13.5127414],[99.6391831,13.5128105],[99.6391378,13.5129115],[99.6390806,13.5131733],[99.6390901,13.5133447],[99.6392277,13.514097],[99.6392154,13.514213],[99.6391328,13.5143107],[99.6389174,13.5144233],[99.6387455,13.5144497],[99.6385858,13.5144188],[99.6383218,13.5142525],[99.6382213,13.5142185],[99.6381394,13.5142208],[99.6377278,13.5142941],[99.6374572,13.5143774],[99.6372716,13.5144799],[99.6372149,13.5145398],[99.6371312,13.5147383],[99.6371042,13.5147702],[99.6368723,13.5148812],[99.6366826,13.5149284],[99.6366186,13.5149169],[99.6365393,13.514881],[99.6362844,13.5146873],[99.6360244,13.5144627],[99.6355111,13.5141575],[99.6352098,13.514083],[99.6350887,13.5140969],[99.6348873,13.5141697],[99.6347636,13.5141827],[99.6347122,13.5141708],[99.6346631,13.51411],[99.6346211,13.5140065],[99.6346294,13.5138954],[99.6345868,13.5138141],[99.6345603,13.513594],[99.63443,13.5131212],[99.6344283,13.5128706],[99.6344346,13.5128194],[99.6344886,13.5127365],[99.6347485,13.5126144],[99.6348196,13.5125331],[99.6348536,13.5124699],[99.6348714,13.5122578],[99.634854,13.5120906],[99.6347899,13.5118047],[99.634793,13.5117548],[99.6348325,13.5117013],[99.6349083,13.5116654],[99.6353137,13.5116687],[99.6354284,13.5116407],[99.6355186,13.5115833],[99.6355702,13.5114917],[99.6355873,13.5114216],[99.6355784,13.51137],[99.6355441,13.5113087],[99.6354501,13.5112287],[99.6353634,13.5111916],[99.6349604,13.5110845],[99.6346931,13.5109631],[99.6346461,13.5108988],[99.6345619,13.510634],[99.6344481,13.5105444],[99.6342328,13.5104873],[99.6338231,13.5104972],[99.633652,13.5104673],[99.6335496,13.5104325],[99.6334492,13.5103863],[99.6330754,13.510014],[99.6330206,13.5099804],[99.6329614,13.5099657],[99.6328947,13.5099728],[99.6328444,13.5099979],[99.6324643,13.5102943],[99.6323345,13.5103776],[99.6322685,13.5104047],[99.6320843,13.5104352],[99.6316937,13.510438],[99.63109,13.5103243],[99.6309124,13.5102035],[99.6306512,13.509963],[99.6305821,13.5099161],[99.6305148,13.5098909],[99.6304293,13.5098914],[99.6302297,13.5099994],[99.6300929,13.5099608],[99.6299313,13.509973],[99.6298561,13.5100287],[99.6297982,13.5101662],[99.6297468,13.51021],[99.6296653,13.5102046],[99.6294939,13.5101639],[99.6291224,13.5101237],[99.6290019,13.5100879],[99.628915,13.5100393],[99.6288508,13.5099779],[99.628749,13.5098306],[99.6286767,13.5097723],[99.6285402,13.5097269],[99.6280004,13.509618],[99.6278527,13.5095589],[99.6277764,13.5094546],[99.6276869,13.5092045],[99.6276345,13.5091329],[99.6275812,13.509096],[99.6274067,13.5090547],[99.6267659,13.5090129],[99.6266079,13.5089475],[99.6265067,13.5088595],[99.626412,13.5087164],[99.6263192,13.5084963],[99.6263088,13.5082303],[99.6263229,13.5080169],[99.6263502,13.507878],[99.6263866,13.5078044],[99.6264269,13.5077614],[99.6266526,13.5076104],[99.626723,13.5075021],[99.6267694,13.5073733],[99.6267399,13.5071795],[99.626678,13.5070475],[99.6265941,13.5070047],[99.6264852,13.5070034],[99.6262135,13.5070619],[99.6260631,13.5070555],[99.6259855,13.5070116],[99.6259331,13.5068832],[99.6259106,13.5065744],[99.6258579,13.5063208],[99.6258065,13.5061829],[99.6256386,13.5058511],[99.6256057,13.5057206],[99.6256076,13.5056229],[99.6256419,13.5054886],[99.6257393,13.5053531],[99.6258974,13.5052602],[99.6261816,13.5052256],[99.6263304,13.5051554],[99.6264717,13.5050233],[99.626587,13.5048208],[99.6266012,13.5047167],[99.6265644,13.5046132],[99.6264921,13.5045089],[99.6262984,13.5042857],[99.6262303,13.5041378],[99.6262153,13.5040205],[99.6262237,13.5039356],[99.6262393,13.5038758],[99.6262982,13.5037677],[99.626367,13.5037054],[99.6264628,13.5036834],[99.6270139,13.5036913],[99.6270917,13.5036761],[99.6271265,13.5036472],[99.6271514,13.5035787],[99.6271479,13.5034396],[99.6270473,13.5032594],[99.6269207,13.5031016],[99.6265575,13.5028148],[99.6262617,13.50251],[99.626041,13.5023282],[99.6259408,13.5022065],[99.625758,13.5020651],[99.6256274,13.5020023],[99.6255078,13.5019921],[99.625442,13.5020025],[99.6252004,13.502106],[99.6250695,13.5021177],[99.6249344,13.5021069],[99.6248708,13.5020772],[99.6246552,13.5019225],[99.6245889,13.5018494],[99.6244789,13.5016851],[99.6243903,13.5015955],[99.6242269,13.501514],[99.6241124,13.5014746],[99.6239186,13.5014438],[99.6237337,13.5014351],[99.623577,13.501459],[99.6234212,13.5015304],[99.6233311,13.5015958],[99.6232026,13.5017326],[99.6228997,13.5021888],[99.6228141,13.5022785],[99.6227259,13.5023373],[99.6225003,13.5024426],[99.6224161,13.5025014],[99.6222976,13.5026577],[99.6222275,13.5027188],[99.6219899,13.5028113],[99.6217037,13.5030069],[99.6214768,13.5031111],[99.6213457,13.5031191],[99.6211787,13.5030045],[99.6210916,13.5029657],[99.6208586,13.5029526],[99.6204797,13.5030452],[99.6203966,13.5030882],[99.6202305,13.503208],[99.6198147,13.5033636],[99.6196535,13.5033606],[99.6194504,13.5033188],[99.619309,13.5033054],[99.6189121,13.5033097],[99.6187197,13.5033476],[99.618596,13.5034457],[99.6183978,13.5035197],[99.6180155,13.5035275],[99.6178306,13.5035086],[99.6174934,13.5035065],[99.6174014,13.5035255],[99.6172696,13.5036607],[99.6171012,13.5037959],[99.6170647,13.5038428],[99.6170396,13.503909],[99.6170064,13.504132],[99.6169593,13.5046892],[99.6168029,13.5054018],[99.6167549,13.505595],[99.6167093,13.5057075],[99.6166562,13.5057806],[99.6159618,13.5064842],[99.6158354,13.5065603],[99.6157335,13.5065846],[99.6155788,13.5065884],[99.615118,13.5065173],[99.6149492,13.5065211],[99.6144114,13.5065913],[99.6142813,13.5065641],[99.614151,13.5065059],[99.6140172,13.5064202],[99.6138586,13.5062692],[99.6134318,13.5057576],[99.613312,13.5056512],[99.6131958,13.5055827],[99.61296,13.505511],[99.6127876,13.5054804],[99.6125766,13.5054638],[99.6123797,13.505478],[99.6120213,13.5055443],[99.6117683,13.5056343],[99.6116945,13.5056483],[99.611399,13.5055836],[99.6113181,13.5055873],[99.6112303,13.505615],[99.6106896,13.5059225],[99.6106158,13.5059502],[99.6101798,13.5059272],[99.6100427,13.5059379],[99.6099443,13.5059622],[99.6095404,13.5061559],[99.6085397,13.5067363],[99.6068529,13.5077796],[99.6057732,13.5085796],[99.604605,13.5095104],[99.6037471,13.5101214],[99.6027556,13.5106168],[99.6020303,13.5109085],[99.6016156,13.511011],[99.6012009,13.5110555],[99.60086,13.5110128],[99.6004445,13.5107818],[99.6000881,13.5104927],[99.5994193,13.5096534],[99.5983638,13.508264],[99.5974128,13.5072223],[99.5967365,13.5065742],[99.5964221,13.5063637],[99.5950894,13.5053737],[99.5941605,13.5047096],[99.5929343,13.5039044],[99.5923138,13.5035216],[99.5918589,13.503281],[99.5916962,13.5032087],[99.5912755,13.5030481],[99.590983,13.5029705],[99.5902708,13.5028486],[99.5898821,13.5027952],[99.5896567,13.5027838],[99.5895218,13.5027829],[99.5890848,13.5028275],[99.5886092,13.5029593],[99.5875259,13.5034451],[99.5868054,13.5037339],[99.5864431,13.5038623],[99.5857636,13.5040223],[99.5845591,13.5041972],[99.5845211,13.5034947],[99.5844893,13.5032746],[99.5843888,13.5030424],[99.584182,13.5028349],[99.5838439,13.5026155],[99.583337,13.502372],[99.5825548,13.5020251],[99.5821793,13.5018364],[99.5813341,13.5013184],[99.58104,13.5011723],[99.580602,13.5010081],[99.5800703,13.5008565],[99.5788069,13.5005413],[99.5782439,13.5003713],[99.5777496,13.5001767],[99.5773616,13.499988],[99.5770361,13.4997991],[99.5767981,13.4996162],[99.5764848,13.4992866],[99.5762151,13.4989018],[99.5760769,13.4986452],[99.5759387,13.4983336],[99.5756741,13.4974656],[99.5756046,13.4971905],[99.5755539,13.4968725],[99.5755326,13.4958143],[99.575507,13.4955636],[99.5754754,13.495423],[99.575375,13.4952764],[99.5751747,13.4951362],[99.5739107,13.4945886],[99.5736479,13.4944607],[99.5734163,13.4943206],[99.5732973,13.4942168],[99.5731969,13.4940947],[99.5731216,13.4939542],[99.5730775,13.4937953],[99.5730392,13.4934895],[99.5730575,13.493306],[99.573126,13.4931957],[99.5732133,13.4930915],[99.5737626,13.4927905],[99.5738313,13.4927292],[99.5738686,13.492668],[99.5738809,13.4925701],[99.5738431,13.4924662],[99.5735611,13.492161],[99.5735109,13.492051],[99.573498,13.4919225],[99.5735353,13.4918001],[99.5736287,13.4916592],[99.5737721,13.4914998],[99.5738406,13.4914018],[99.5738716,13.4912855],[99.5738889,13.4911072],[99.5737873,13.4905289],[99.5737359,13.4899897],[99.5737011,13.4892797],[99.5736403,13.4886581],[99.5735388,13.4880385],[99.5735784,13.4878622],[99.5736647,13.4876989],[99.5738709,13.4874962],[99.5740306,13.4873719],[99.5741104,13.4872673],[99.5741368,13.4871628],[99.5741298,13.4870454],[99.5740695,13.486915],[99.5739172,13.4867921],[99.5736318,13.486677],[99.573217,13.4864621],[99.5728075,13.486184],[99.5725603,13.4859956],[99.5724838,13.4859116],[99.5724101,13.4857637],[99.5722615,13.4851784],[99.5721534,13.4846106],[99.572133,13.4843097],[99.5721276,13.4820666],[99.5720854,13.4805969],[99.5720012,13.4789146],[99.5720006,13.4786269],[99.5720178,13.4783741],[99.5720707,13.4781386],[99.5721961,13.4776249],[99.5723352,13.4772265],[99.5724944,13.4769065],[99.5736171,13.4751879],[99.5737764,13.4748939],[99.5738625,13.4746719],[99.5739286,13.4744369],[99.5739679,13.4741366],[99.5739672,13.4738626],[99.5738993,13.4733212],[99.5738988,13.473132],[99.5739516,13.4728839],[99.5739731,13.4725372],[99.5739402,13.472185],[99.5737644,13.4709932],[99.5737162,13.4705702],[99.5737414,13.470181],[99.5737595,13.4700999],[99.5738482,13.4698853],[99.5739987,13.4697135],[99.5746161,13.4692005],[99.574713,13.4690662],[99.5747372,13.4689948],[99.5747487,13.4688714],[99.574727,13.46872],[99.5746624,13.4684801],[99.5745874,13.4683132],[99.574491,13.4681673],[99.5743788,13.4680631],[99.5742667,13.4680216],[99.5741604,13.4680124],[99.5738204,13.4681162],[99.5735925,13.4681013],[99.5734937,13.4680718],[99.5733764,13.4680135],[99.573007,13.4677486],[99.5728965,13.4676857],[99.5727932,13.4676534],[99.5723054,13.4675881],[99.572021,13.4675216],[99.5717159,13.4674132],[99.571618,13.4673402],[99.5715579,13.4672654],[99.5712956,13.4668422],[99.5710456,13.4666074],[99.5704747,13.4662338],[99.5700109,13.4659908],[99.5694225,13.4657742],[99.5683084,13.4654629],[99.5676197,13.465245],[99.5674543,13.4651572],[99.5672879,13.4650258],[99.567193,13.4649218],[99.5670803,13.4647599],[99.5670009,13.4645694],[99.566965,13.4644062],[99.5669515,13.4641931],[99.5669719,13.4640576],[99.5670119,13.4639317],[99.5672379,13.4636058],[99.5673415,13.4634164],[99.5674657,13.4631807],[99.5675499,13.4629386],[99.5675774,13.4628136],[99.5676066,13.4624917],[99.5676061,13.4622738],[99.5675699,13.4620298],[99.5675694,13.4618118],[99.5675779,13.4616462],[99.5676305,13.4612886],[99.5677631,13.4608699],[99.5678784,13.4606429],[99.5679403,13.4604859],[99.5680022,13.4602765],[99.5680284,13.4600672],[99.5680013,13.4599191],[99.5679388,13.4598233],[99.5678407,13.4597713],[99.5677426,13.459754],[99.567324,13.459755],[99.5671102,13.459738],[99.5669319,13.4596861],[99.5667586,13.4596058],[99.5666658,13.4595225],[99.5666011,13.4594381],[99.5665354,13.4593047],[99.566503,13.4590943],[99.5665021,13.458702],[99.566475,13.4585626],[99.5664123,13.4584145],[99.5662247,13.4581447],[99.56607,13.4578861],[99.5660291,13.4577253],[99.5660325,13.4576562],[99.5660661,13.4575262],[99.5661795,13.4573452],[99.5663155,13.4571957],[99.5665248,13.457002],[99.5669944,13.4566107],[99.5671559,13.4564426],[99.5672228,13.4563236],[99.5672578,13.4562244],[99.5672621,13.456146],[99.567244,13.4560327],[99.5671902,13.4558933],[99.5671159,13.4557815],[99.5667079,13.4553191],[99.5665292,13.4550754],[99.5663864,13.4549449],[99.5662998,13.4548376],[99.5662601,13.4547531],[99.5662393,13.4547012],[99.5662165,13.4545398],[99.5662505,13.4539793],[99.56625,13.4537683],[99.5662048,13.453472],[99.5661322,13.4532294],[99.5660232,13.4530181],[99.5657932,13.4526971],[99.5655938,13.452469],[99.5653829,13.452288],[99.5651458,13.4520569],[99.5650569,13.4519645],[99.5650034,13.4518836],[99.564953,13.4517562],[99.5647742,13.4511302],[99.56455,13.4502646],[99.5644493,13.4500599],[99.5642812,13.4498062],[99.5638965,13.4490835],[99.5637264,13.4487177],[99.5636009,13.4483431],[99.563448,13.4477333],[99.5634208,13.4475054],[99.5634202,13.447259],[99.5634437,13.447001],[99.5635077,13.4467632],[99.5636005,13.4465753],[99.563674,13.4464608],[99.564014,13.4460146],[99.5642714,13.445613],[99.5644616,13.4452909],[99.5646616,13.4448157],[99.5647438,13.4445724],[99.5647965,13.4443291],[99.5648376,13.443986],[99.5648282,13.4437607],[99.5647905,13.4436506],[99.5646989,13.4435491],[99.5639359,13.4430769],[99.5631156,13.4427039],[99.5622153,13.4423833],[99.5618856,13.4422882],[99.56069,13.4421016],[99.5604603,13.4420403],[99.5600841,13.4419076],[99.559801,13.4417715],[99.5591365,13.4413468],[99.5582034,13.4409331],[99.5580129,13.4408094],[99.5578667,13.4406608],[99.5576381,13.4404999],[99.5568829,13.4401975],[99.55661,13.440105],[99.5563563,13.4400683],[99.5558428,13.4400943],[99.5550887,13.4402945],[99.5548162,13.4403324],[99.5546386,13.4403265],[99.5544419,13.4402773],[99.5542578,13.440166],[99.5540166,13.4400672],[99.5537882,13.4399933],[99.5535916,13.4399813],[99.5534521,13.439994],[99.5533064,13.4400502],[99.5529774,13.4403612],[99.5527432,13.4405107],[99.5525467,13.4405608],[99.5523883,13.4405735],[99.5521442,13.4405494],[99.5516747,13.44046],[99.5510343,13.4402804],[99.5506998,13.4401489],[99.5500022,13.4397816],[99.5498456,13.4397123],[99.5496322,13.439671],[99.5493549,13.4396647],[99.5486227,13.4397359],[99.5472295,13.4399407],[99.5470091,13.4399273],[99.5468524,13.4398441],[99.5467384,13.439733],[99.5464888,13.4393786],[99.5463107,13.4392398],[99.5460331,13.4391012],[99.545542,13.4388935],[99.5452428,13.4386714],[99.545086,13.4384838],[99.5450074,13.438303],[99.5449998,13.4380804],[99.5450911,13.4376139],[99.5450766,13.4374538],[99.5450123,13.4373217],[99.5448912,13.4372245],[99.5447346,13.4371414],[99.5441369,13.4369756],[99.5439732,13.4368994],[99.5438094,13.4367745],[99.5434318,13.4364273],[99.5430901,13.4362541],[99.5427486,13.4361643],[99.5424073,13.4361442],[99.5421158,13.4361796],[99.5418671,13.4362567],[99.5413629,13.4365362],[99.5410787,13.4366273],[99.5405457,13.4367398],[99.5398351,13.4369431],[99.5394444,13.437111],[99.5391603,13.4372508],[99.5388976,13.4374114],[99.5382871,13.4378582],[99.5381095,13.4379142],[99.5379388,13.4378937],[99.5378036,13.4378313],[99.5375044,13.4375884],[99.5372621,13.4373592],[99.5369274,13.4371164],[99.5366995,13.4369707],[99.5365427,13.4367901],[99.5364784,13.4366301],[99.5364496,13.436484],[99.536406,13.4360665],[99.5363416,13.4358857],[99.5361918,13.4356773],[99.5359282,13.4354412],[99.5355864,13.4351914],[99.5352159,13.434865],[99.5348667,13.4344691],[99.5346099,13.4341008],[99.5343671,13.433635],[99.5343028,13.433482],[99.5342741,13.4333707],[99.534288,13.4332384],[99.5343517,13.4330852],[99.5347416,13.4325763],[99.5353731,13.4319764],[99.5364447,13.4310694],[99.5366507,13.4309785],[99.5369065,13.4309361],[99.5371838,13.4309216],[99.5379021,13.4309897],[99.5382007,13.4309682],[99.5386484,13.4308698],[99.5390889,13.4307505],[99.539366,13.4306386],[99.5395434,13.4304921],[99.5396355,13.4303248],[99.5396847,13.4300742],[99.5396982,13.4297888],[99.5396763,13.4295035],[99.5396117,13.4292183],[99.5394469,13.4286897],[99.5393468,13.4284254],[99.5393038,13.4282515],[99.5393531,13.4280496],[99.5394949,13.4278614],[99.5397433,13.4276868],[99.5400061,13.427561],[99.5404396,13.4274418],[99.5411928,13.4272662],[99.5416973,13.4271259],[99.542017,13.4270069],[99.5424218,13.4267972],[99.5438046,13.4259356],[99.5441828,13.4256481],[99.544321,13.4255009],[99.5443609,13.4254276],[99.5444273,13.4251964],[99.5444519,13.4250149],[99.5444565,13.4248384],[99.5444426,13.4246843],[99.5443912,13.4244715],[99.5441642,13.4239195],[99.5439982,13.4236419],[99.543716,13.4232604],[99.5434989,13.4230201],[99.5431821,13.4227077],[99.5430351,13.4225379],[99.542932,13.4223922],[99.5428149,13.4221832],[99.5427719,13.4220654],[99.5425331,13.4210493],[99.5423366,13.4205314],[99.5420628,13.4199432],[99.5420294,13.4198424],[99.5420055,13.4196262],[99.5420153,13.4191412],[99.5420034,13.4189601],[99.5419644,13.4187563],[99.5419085,13.4185814],[99.5417836,13.4182986],[99.5416356,13.4180668],[99.5415332,13.4179861]]]}},{"type":"Feature","id":"relation/18934566","properties":{"name_th":"อำเภอบ้านคา","name_en":"Ban Kha District"},"geometry":{"type":"Polygon","coordinates":[[[99.5415332,13.4179861],[99.538932,13.4215238],[99.537998,13.4225671],[99.5379701,13.4226324],[99.5379703,13.4227493],[99.5379891,13.4227967],[99.5380225,13.4228525],[99.5381564,13.4229976],[99.5382565,13.4231424],[99.538398,13.4234141],[99.5384549,13.4236397],[99.5384245,13.4238003],[99.5383838,13.4239158],[99.5383123,13.4240514],[99.538205,13.424172],[99.5381129,13.4242424],[99.5378209,13.4243133],[99.5376057,13.4243338],[99.5373956,13.4243142],[99.5366932,13.4242053],[99.5359758,13.4241918],[99.5357862,13.4242123],[99.5354595,13.4243053],[99.5352492,13.4243825],[99.534988,13.4245111],[99.534704,13.4246973],[99.5319,13.4262142],[99.5317693,13.4262588],[99.5316736,13.4262689],[99.5315629,13.4262543],[99.531457,13.4262003],[99.5313461,13.426102],[99.5310281,13.4257233],[99.530897,13.4256349],[99.5307459,13.4255711],[99.5305898,13.425532],[99.5302323,13.4255229],[99.5300763,13.425538],[99.5299305,13.4256024],[99.5296693,13.4258444],[99.529589,13.4259825],[99.5295391,13.4261847],[99.5295294,13.4263778],[99.5295624,13.426561],[99.5296459,13.4267818],[99.5300478,13.4274022],[99.530106,13.427545],[99.5301209,13.4276255],[99.5301383,13.4279424],[99.5300736,13.4281056],[99.5296189,13.4288796],[99.5292927,13.4293739],[99.52919,13.4294807],[99.5284848,13.429894],[99.5284378,13.429943],[99.528397,13.4300986],[99.5283481,13.4306286],[99.5283219,13.4307439],[99.5282545,13.430865],[99.5281517,13.4309401],[99.5280056,13.4309695],[99.5278563,13.4309772],[99.5276175,13.4309557],[99.5273487,13.4309052],[99.5265048,13.4306439],[99.5261987,13.4305934],[99.5260569,13.4306083],[99.5259608,13.4306458],[99.5258636,13.4307845],[99.5257965,13.4309522],[99.5255973,13.4320485],[99.5255534,13.4324357],[99.525586,13.4336995],[99.5255573,13.4342182],[99.5255053,13.4343425],[99.5253414,13.434489],[99.5247525,13.434797],[99.5242453,13.4349588],[99.5234771,13.4351796],[99.5233355,13.4352602],[99.5232536,13.4353773],[99.5231645,13.4355893],[99.5230758,13.435984],[99.5229426,13.436481],[99.5228091,13.4368758],[99.5226456,13.4371976],[99.5225117,13.4374316],[99.5222959,13.4377097],[99.5217523,13.4382587],[99.5215511,13.4383979],[99.5208053,13.4386478],[99.5203727,13.4388095],[99.5198209,13.4390444],[99.5192469,13.4393286],[99.5175403,13.4405175],[99.5173168,13.4407371],[99.5167886,13.4414979],[99.5164058,13.4418372],[99.5161105,13.4420253],[99.5157899,13.4421647],[99.5151932,13.4423559],[99.514977,13.4424878],[99.5147459,13.4426052],[99.5134186,13.4432176],[99.5130793,13.4433895],[99.5129398,13.4434704],[99.5127493,13.4436192],[99.5121752,13.4441074],[99.5115408,13.4444056],[99.5114195,13.4444363],[99.5108311,13.4445208],[99.509974,13.4445729],[99.508414,13.4445622],[99.5082847,13.4445477],[99.5081052,13.4444676],[99.5075127,13.4441244],[99.5073656,13.4440696],[99.5069643,13.4439936],[99.5065952,13.4440013],[99.5064433,13.4440229],[99.5063073,13.4440627],[99.5060331,13.4441813],[99.5057831,13.4442685],[99.5055847,13.4443133],[99.5048817,13.4442811],[99.5046219,13.4443092],[99.5045365,13.4443473],[99.5044022,13.4445002],[99.5042402,13.4449117],[99.5039935,13.4458351],[99.5037886,13.4462131],[99.5032514,13.4470744],[99.5032267,13.4471359],[99.5031317,13.4477246],[99.5031507,13.4486139],[99.5032509,13.4496926],[99.5033508,13.4502099],[99.5034156,13.4504709],[99.5035398,13.4507754],[99.5035746,13.4509107],[99.5036046,13.4510606],[99.50364,13.4514523],[99.5036358,13.4518247],[99.5036115,13.452023],[99.5035626,13.4522504],[99.5033759,13.4527683],[99.5033416,13.4529038],[99.5032978,13.4532086],[99.5033179,13.4533682],[99.5033677,13.4535519],[99.5034668,13.4537113],[99.5035661,13.4539094],[99.5041116,13.4548272],[99.5042256,13.4549963],[99.5046762,13.4554645],[99.5049731,13.4556574],[99.5050573,13.4557636],[99.5050921,13.4558554],[99.5051621,13.4562277],[99.5052325,13.4568176],[99.5052943,13.4580169],[99.5052849,13.4582539],[99.5052164,13.4585684],[99.5050786,13.4588347],[99.5049949,13.4589703],[99.5048766,13.4591205],[99.5044871,13.459542],[99.5040659,13.4599639],[99.5035697,13.460418],[99.5029792,13.4608974],[99.501601,13.4618818],[99.5013359,13.462176],[99.5009702,13.4626203],[99.5006936,13.4628714],[99.5004804,13.4630251],[99.5003332,13.4631815],[99.5002756,13.463286],[99.5001327,13.4636703],[99.5000026,13.4638725],[99.4999389,13.4639254],[99.4998415,13.4639939],[99.4984995,13.4646382],[99.4966224,13.4652998],[99.4965534,13.4653291],[99.4964244,13.4654174],[99.4962671,13.465601],[99.4962302,13.4657137],[99.4961296,13.466604],[99.4961062,13.4667085],[99.4959849,13.4670598],[99.4959145,13.4672033],[99.4952612,13.4679068],[99.4950522,13.4680592],[99.4933349,13.4689842],[99.4931961,13.4691034],[99.4923898,13.4701032],[99.4917564,13.4710899],[99.4916895,13.4712292],[99.4914058,13.4720396],[99.4913444,13.4721571],[99.4912622,13.4722453],[99.4908305,13.4725027],[99.4906511,13.472581],[99.490078,13.4726907],[99.4892455,13.4729671],[99.4890621,13.47305],[99.488386,13.4734352],[99.4882123,13.4735058],[99.4879318,13.4735593],[99.4877522,13.4735596],[99.4872935,13.4736217],[99.4869086,13.4736992],[99.4866452,13.473789],[99.486353,13.4739483],[99.4856067,13.4744948],[99.4854562,13.4745811],[99.4853687,13.474625],[99.4829814,13.4755065],[99.4816856,13.4763508],[99.4809758,13.4768875],[99.4808483,13.4770589],[99.4806808,13.4773949],[99.4806207,13.4775991],[99.4804638,13.4781766],[99.4803706,13.4787056],[99.4803065,13.4788252],[99.4802442,13.4789047],[99.4798438,13.4792092],[99.4797145,13.4792757],[99.4793321,13.4793868],[99.479087,13.4794881],[99.4788029,13.4796855],[99.4787392,13.4797711],[99.4786627,13.4799944],[99.4786113,13.4803647],[99.4785453,13.4805831],[99.4784509,13.4808028],[99.478331,13.481032],[99.4778912,13.4816983],[99.4778113,13.481769],[99.4776916,13.4818293],[99.477153,13.4819926],[99.4768644,13.4820654],[99.4749567,13.4821514],[99.4748309,13.4821416],[99.4746302,13.4821015],[99.4739911,13.4818699],[99.4736239,13.4816863],[99.47342,13.4816114],[99.473211,13.481567],[99.4729971,13.4815595],[99.4727948,13.4816046],[99.4726929,13.4816605],[99.4725833,13.4817851],[99.4725135,13.4819126],[99.4724874,13.482009],[99.4725353,13.4826277],[99.4725371,13.4834826],[99.4725094,13.4837819],[99.4724682,13.4840269],[99.4723612,13.4843337],[99.4723032,13.4844156],[99.4721363,13.4845689],[99.4718856,13.4846868],[99.4717258,13.4847369],[99.471435,13.4847873],[99.4707225,13.4848384],[99.4701445,13.4848964],[99.4700791,13.484925],[99.4699558,13.4850569],[99.4699014,13.4851531],[99.4696767,13.4856922],[99.469338,13.4866998],[99.4692556,13.4872374],[99.4692536,13.4878252],[99.4692814,13.4879393],[99.4696556,13.4886279],[99.469812,13.4888717],[99.4700102,13.4892909],[99.4700391,13.4894295],[99.4700403,13.4900763],[99.4700828,13.4904704],[99.4701117,13.4905563],[99.4702143,13.4907195],[99.4702395,13.4907849],[99.4702731,13.4911202],[99.4702607,13.4912101],[99.470137,13.4916778],[99.470068,13.4922728],[99.470109,13.4932948],[99.4701886,13.4941717],[99.4702132,13.4947971],[99.4703169,13.4959867],[99.4706893,13.4980389],[99.4706971,13.498212],[99.4706577,13.4988767],[99.4705267,13.4996625],[99.4703939,13.5000989],[99.470331,13.5002352],[99.469967,13.5007169],[99.4698446,13.5009284],[99.4697059,13.5013484],[99.4696962,13.5014693],[99.4697161,13.5016204],[99.4698335,13.5019629],[99.4700041,13.5022693],[99.4704318,13.5029118],[99.4711895,13.5037722],[99.4716115,13.5043358],[99.4720025,13.5050062],[99.4720615,13.5051783],[99.4721913,13.505883],[99.4723944,13.5067499],[99.4725077,13.5070217],[99.4729745,13.5077882],[99.4735845,13.508832],[99.4748566,13.5108724],[99.4752481,13.5124675],[99.4752128,13.51353],[99.4748273,13.5145695],[99.4738276,13.5136059],[99.4732642,13.5127094],[99.4729075,13.5121971],[99.4724083,13.5119024],[99.4722018,13.5118308],[99.4718852,13.5116857],[99.4713961,13.5113907],[99.4705162,13.5106381],[99.469564,13.5099101],[99.4689548,13.5092687],[99.4688574,13.5091827],[99.4687631,13.5091442],[99.4686748,13.5091374],[99.4680337,13.5092377],[99.4679303,13.5092141],[99.467839,13.5091281],[99.4677719,13.5090508],[99.467717,13.5089558],[99.4676954,13.5087684],[99.467631,13.5084979],[99.4675941,13.5084402],[99.4675016,13.5083596],[99.4671533,13.5082667],[99.4670803,13.5082312],[99.4670165,13.5081652],[99.4669979,13.508038],[99.467143,13.5076451],[99.4671183,13.5074488],[99.4667781,13.5069568],[99.4666206,13.5068612],[99.4665612,13.50681],[99.4665473,13.5067208],[99.4666359,13.50656],[99.4666947,13.5062788],[99.4666876,13.5061695],[99.4665962,13.5060425],[99.4664637,13.5059112],[99.4663265,13.5056861],[99.4659568,13.5054949],[99.4657309,13.5054128],[99.4656442,13.5053639],[99.465514,13.5052414],[99.4653975,13.5050877],[99.4653427,13.5050544],[99.4651238,13.5050615],[99.4648684,13.504995],[99.4647818,13.5050108],[99.4647112,13.5050444],[99.4646065,13.5051271],[99.4645201,13.5052812],[99.4644294,13.5055067],[99.4643772,13.5055844],[99.4643247,13.5055939],[99.4641585,13.5054998],[99.4640534,13.505477],[99.4639484,13.5054782],[99.4637343,13.5056626],[99.46366,13.5056935],[99.4634257,13.5056995],[99.4633607,13.5057687],[99.4633204,13.5059038],[99.4632476,13.5059431],[99.4631905,13.5059404],[99.4630718,13.5058987],[99.4630475,13.5058736],[99.4629914,13.5056892],[99.4630155,13.5056122],[99.4630112,13.5055661],[99.4629525,13.5055326],[99.4629429,13.5054563],[99.4628769,13.5053952],[99.4627317,13.505101],[99.4626701,13.5050299],[99.4625188,13.5049482],[99.4622633,13.5049397],[99.4622352,13.5049274],[99.4621027,13.5047253],[99.4619326,13.5046009],[99.4617904,13.5045618],[99.4610032,13.5046085],[99.4602058,13.5045326],[99.4598563,13.5044847],[99.4597639,13.5044342],[99.4597051,13.5043585],[99.4596768,13.5040322],[99.4596292,13.5039467],[99.4591601,13.5035414],[99.4591419,13.5034757],[99.4591606,13.5034435],[99.4591604,13.5033423],[99.4591368,13.5033055],[99.4590615,13.5032734],[99.4587692,13.5032336],[99.4587543,13.5032199],[99.4587267,13.5031579],[99.4587196,13.5030198],[99.4586906,13.502912],[99.458668,13.5028803],[99.4585887,13.5028381],[99.4583544,13.5027949],[99.4582895,13.5027593],[99.4581392,13.5025613],[99.4580734,13.5025293],[99.4577825,13.5025342],[99.4576901,13.5025188],[99.4576358,13.502491],[99.4575309,13.5023998],[99.4574298,13.5022598],[99.4573693,13.5020224],[99.4572751,13.5018593],[99.4571975,13.5018016],[99.456956,13.5016788],[99.4568403,13.5015524],[99.4566371,13.5014041],[99.4565527,13.501259],[99.4565052,13.50121],[99.4562235,13.501141],[99.4560978,13.5010897],[99.4560085,13.5010264],[99.4559516,13.5009551],[99.4558664,13.5008998],[99.4555531,13.5007513],[99.4554753,13.5007309],[99.4551715,13.5007052],[99.4548524,13.5007355],[99.4546063,13.5007836],[99.4539566,13.5010697],[99.4535711,13.5016631],[99.4531526,13.5021676],[99.4519722,13.5029905],[99.4502956,13.5035532],[99.4482491,13.5043017],[99.444963,13.5049904],[99.444388,13.5050289],[99.4435061,13.5048992],[99.4427392,13.5048067],[99.4416081,13.5047525],[99.4408027,13.5045476],[99.4402267,13.5040421],[99.4396508,13.5035742],[99.4389794,13.5032753],[99.438615,13.5031634],[99.4382509,13.5031828],[99.437887,13.5033522],[99.4372936,13.5037847],[99.4369489,13.5039916],[99.4363946,13.5048741],[99.4358584,13.5051189],[99.4351109,13.5051765],[99.4335197,13.5050479],[99.432734,13.5051243],[99.4321015,13.5051442],[99.431756,13.5049197],[99.4314061,13.5044122],[99.4312438,13.50429],[99.4310861,13.5041996],[99.4308265,13.5041321],[99.4303347,13.5041308],[99.4301861,13.5040837],[99.4300662,13.5040253],[99.4299087,13.5039115],[99.4276202,13.5014219],[99.427291,13.5012774],[99.4270405,13.5011101],[99.4268735,13.5009607],[99.4267165,13.500856],[99.4264543,13.5007646],[99.4263494,13.5006851],[99.4262607,13.5005916],[99.426173,13.5004677],[99.4260338,13.500341],[99.4259225,13.5002526],[99.4257548,13.500153],[99.4257166,13.5001059],[99.4256942,13.5000448],[99.4256945,13.499868],[99.425722,13.4997402],[99.4257154,13.4995555],[99.4256568,13.4993624],[99.4255977,13.4992556],[99.4253736,13.4990501],[99.4249301,13.4987735],[99.4248238,13.4987616],[99.4247814,13.4987791],[99.4246848,13.4989334],[99.4246049,13.4989941],[99.4244887,13.4990153],[99.4243354,13.4990106],[99.4241879,13.4989377],[99.4237977,13.4986356],[99.4236713,13.4985612],[99.4235334,13.4985216],[99.4232512,13.4984937],[99.4230929,13.4983675],[99.4228905,13.4983412],[99.4227254,13.49824],[99.4226455,13.4982086],[99.4225005,13.4981935],[99.4221383,13.4981896],[99.4219206,13.4982262],[99.4215407,13.4982133],[99.4211375,13.4981505],[99.420775,13.4981406],[99.4205479,13.498073],[99.4204365,13.498001],[99.4204061,13.4979659],[99.4179603,13.4912336],[99.4177389,13.4912457],[99.4171227,13.4914464],[99.4169752,13.4914736],[99.4169057,13.4914666],[99.4168463,13.4914242],[99.4167723,13.4913011],[99.4167605,13.4912049],[99.4167702,13.4909429],[99.4167238,13.4908693],[99.416428,13.4905469],[99.4163336,13.4903615],[99.4163132,13.4902469],[99.4164227,13.4899974],[99.4164125,13.4899352],[99.4163152,13.4897555],[99.4162297,13.489672],[99.4161442,13.4896311],[99.4159416,13.489589],[99.4158836,13.4895409],[99.4156777,13.4892864],[99.4155935,13.4891364],[99.4155615,13.4890472],[99.4155656,13.4889127],[99.4156,13.4887582],[99.415581,13.4886507],[99.4155404,13.4885927],[99.415355,13.4884981],[99.4152448,13.4883227],[99.4152316,13.4882363],[99.4152311,13.4879771],[99.4151904,13.4878696],[99.4150992,13.4878131],[99.4149979,13.4878062],[99.4149024,13.487846],[99.4148662,13.4878475],[99.4148315,13.4878461],[99.4147794,13.487815],[99.4147358,13.4877542],[99.4147256,13.487699],[99.4147888,13.4874086],[99.4147944,13.4872825],[99.4147639,13.4872217],[99.4144423,13.4870282],[99.4140628,13.4868532],[99.4139888,13.4867386],[99.413913,13.486406],[99.4138059,13.486375],[99.4136076,13.4863881],[99.4133054,13.4865146],[99.4130797,13.4865532],[99.4129857,13.4865434],[99.4127525,13.4864334],[99.412641,13.4864081],[99.4124414,13.4864679],[99.412356,13.4864765],[99.4122836,13.4864256],[99.4120371,13.4861626],[99.4119517,13.4861302],[99.4115944,13.4861733],[99.4113585,13.4861807],[99.4109026,13.4861447],[99.4106841,13.4861677],[99.4105525,13.4861906],[99.410295,13.4862745],[99.4099784,13.4864436],[99.4098684,13.4864508],[99.4098033,13.486417],[99.4096612,13.4862798],[99.4088259,13.4852091],[99.4086242,13.4848937],[99.4084301,13.4847736],[99.4082883,13.4847724],[99.408203,13.4848264],[99.4081625,13.4848845],[99.4081438,13.4849412],[99.4080994,13.4851735],[99.4080618,13.4852132],[99.4079895,13.4852487],[99.4078897,13.485273],[99.4077378,13.4852803],[99.4075974,13.4852664],[99.4073048,13.4851337],[99.4071891,13.4851311],[99.4069808,13.4851881],[99.4068867,13.485191],[99.406794,13.4851317],[99.4067084,13.4850101],[99.4064665,13.484832],[99.4064028,13.4848463],[99.4060934,13.4849983],[99.4059893,13.485024],[99.4058764,13.4850157],[99.4057938,13.4849861],[99.4054259,13.4847799],[99.4053563,13.4846936],[99.4052878,13.4843652],[99.4052021,13.4841812],[99.4051194,13.4841006],[99.4049385,13.4840358],[99.4047098,13.4840531],[99.4045695,13.4840491],[99.4044913,13.4840634],[99.4044451,13.4840876],[99.4043498,13.4841939],[99.404276,13.4842493],[99.4041835,13.4842877],[99.4039028,13.4842994],[99.4038218,13.4843222],[99.4037697,13.4843421],[99.4036151,13.4844656],[99.4035283,13.4844926],[99.4034531,13.4844899],[99.403282,13.4843061],[99.4031878,13.4842468],[99.4031198,13.4842384],[99.4030127,13.4842499],[99.4028725,13.4843068],[99.4025845,13.4843086],[99.4024455,13.4842522],[99.4023469,13.4841348],[99.402302,13.4841066],[99.402192,13.4840813],[99.4020473,13.484124],[99.4019491,13.4842162],[99.4018148,13.4844019],[99.4017411,13.4844502],[99.4016832,13.4844644],[99.4016398,13.484456],[99.4013573,13.4842908],[99.4012198,13.4842754],[99.4011735,13.4842812],[99.4011128,13.4843209],[99.4009684,13.4844854],[99.400857,13.4844941],[99.400275,13.4843336],[99.4001186,13.4842715],[99.400036,13.4842107],[99.3999853,13.4841471],[99.3999067,13.4839235],[99.39984,13.4838103],[99.3997791,13.4837665],[99.3995287,13.4836805],[99.399436,13.4836353],[99.3992983,13.483518],[99.3991243,13.4833143],[99.3990533,13.4832791],[99.3990012,13.4832777],[99.3988493,13.4832893],[99.3987235,13.4833461],[99.3986021,13.4834341],[99.3984374,13.4836072],[99.3982093,13.4838879],[99.3981543,13.4839192],[99.3980487,13.4839349],[99.3977824,13.4839212],[99.3977058,13.4839383],[99.3975597,13.4840136],[99.3974298,13.4841809],[99.3973618,13.4842235],[99.3969092,13.4844211],[99.3965158,13.4845505],[99.3963755,13.4845663],[99.3959471,13.4845585],[99.3957778,13.4845729],[99.3956303,13.4846327],[99.3952819,13.4848074],[99.395214,13.4848726],[99.3951808,13.4849563],[99.3952335,13.485306],[99.3951573,13.4855992],[99.3951054,13.4857055],[99.3948816,13.4860174],[99.3948369,13.486152],[99.3948386,13.4862979],[99.3949329,13.4864436],[99.3951344,13.4866232],[99.3952997,13.486824],[99.3953272,13.4868693],[99.3953534,13.4869712],[99.3953463,13.4870519],[99.39526,13.4873735],[99.3952748,13.4875264],[99.3952711,13.4879272],[99.3952874,13.4881609],[99.3952749,13.4884739],[99.3953084,13.4886253],[99.3954564,13.4888446],[99.3956288,13.4890072],[99.3957232,13.4891784],[99.3958521,13.4892703],[99.3958812,13.4893198],[99.3959176,13.4894642],[99.3960075,13.4896085],[99.3961597,13.4897244],[99.3962119,13.4897993],[99.3962121,13.4899027],[99.3961704,13.490077],[99.3961663,13.4902243],[99.396113,13.4903886],[99.3961075,13.490543],[99.3960458,13.490873],[99.3959881,13.4910176],[99.3958754,13.4911183],[99.3956397,13.4911937],[99.3952173,13.491285],[99.3949382,13.4913988],[99.3946592,13.4915975],[99.394561,13.491752],[99.3944963,13.4919829],[99.3944923,13.4921798],[99.3945547,13.4923142],[99.3947764,13.4924569],[99.3948504,13.4925757],[99.394877,13.492802],[99.3948773,13.49299],[99.3948708,13.4931579],[99.3948399,13.4931881],[99.3946636,13.4931612],[99.3944946,13.4931582],[99.3940735,13.4930842],[99.3938779,13.4930667],[99.393757,13.4930783],[99.3936726,13.4931741],[99.3936445,13.4931871],[99.3935185,13.4931857],[99.3933743,13.493147],[99.3929164,13.4928623],[99.3926973,13.4926485],[99.3925678,13.4924866],[99.3924465,13.4923084],[99.3924315,13.4922484],[99.3924314,13.4921608],[99.3924791,13.4919548],[99.392469,13.4918753],[99.3924524,13.4918494],[99.3923297,13.4917734],[99.3921937,13.4917347],[99.3919948,13.4917171],[99.3918093,13.4917482],[99.3916038,13.4917534],[99.3914711,13.4917244],[99.3913517,13.4916565],[99.3912538,13.4915853],[99.3909052,13.491195],[99.3906342,13.4906911],[99.3905347,13.4906377],[99.3904054,13.4906055],[99.3903424,13.4905715],[99.3902046,13.4904371],[99.3901099,13.4902881],[99.3900582,13.4901049],[99.3900565,13.4900352],[99.3901142,13.4898859],[99.3903243,13.4896488],[99.3903375,13.4895807],[99.3903257,13.4895077],[99.3902908,13.4894478],[99.3902494,13.4894105],[99.3900702,13.4892827],[99.3899921,13.4891563],[99.3899305,13.4890185],[99.3898857,13.4889813],[99.3897999,13.4889877],[99.3897292,13.4889686],[99.3896741,13.4889303],[99.389623,13.4888688],[99.389366,13.4883665],[99.3893373,13.4883215],[99.389234,13.4882232],[99.3891891,13.488115],[99.3891614,13.4878888],[99.3891176,13.4877004],[99.3890947,13.4873927],[99.3890597,13.4872845],[99.3889863,13.4872311],[99.3889279,13.4872287],[99.388754,13.4872643],[99.3887217,13.4872643],[99.3886744,13.487234],[99.3885823,13.4871393],[99.3884227,13.4868671],[99.3883941,13.4868403],[99.3882535,13.4867226],[99.3878317,13.4864423],[99.3876139,13.4862516],[99.3875727,13.486169],[99.3875402,13.4860328],[99.3875128,13.4860025],[99.3874096,13.4859564],[99.3872255,13.4859105],[99.386977,13.4859133],[99.3868898,13.4858392],[99.3860642,13.4848054],[99.3855899,13.4843135],[99.3855288,13.4842005],[99.3855398,13.4841239],[99.3856093,13.4840289],[99.3856054,13.4839669],[99.3855631,13.4838903],[99.3852604,13.4834602],[99.3850501,13.4832915],[99.3849704,13.4832052],[99.3847697,13.4828419],[99.3846763,13.4827082],[99.3845133,13.4826221],[99.3844333,13.4825446],[99.3843658,13.4824529],[99.3841882,13.4821738],[99.383991,13.4816413],[99.3837846,13.4816015],[99.3837287,13.4816089],[99.383597,13.4816614],[99.3835412,13.4817065],[99.383535,13.4817466],[99.3835424,13.4817781],[99.3836966,13.48196],[99.3838027,13.4823222],[99.3837547,13.4825393],[99.383696,13.4827197],[99.383691,13.4829928],[99.3835967,13.4832836],[99.3835521,13.4833712],[99.3832755,13.48379],[99.3824455,13.4849169],[99.3821126,13.4854542],[99.3803262,13.4880006],[99.3802386,13.4881081],[99.3778644,13.4899926],[99.3760377,13.4913558],[99.3759254,13.4914848],[99.3758571,13.4915895],[99.3757723,13.4917667],[99.3756658,13.4920245],[99.3755622,13.4923869],[99.3755212,13.4924835],[99.3753899,13.4926877],[99.3752092,13.4928811],[99.374908,13.4931016],[99.3748011,13.4931554],[99.3746568,13.493197],[99.373871,13.4933533],[99.3737221,13.4934156],[99.3734245,13.4936083],[99.3731775,13.4937421],[99.3727625,13.4939102],[99.3717868,13.4942621],[99.3715145,13.4944083],[99.3697099,13.4957695],[99.3693267,13.4959841],[99.3684654,13.4965157],[99.3679937,13.4968483],[99.3677973,13.4969696],[99.3674428,13.4972461],[99.367256,13.4973736],[99.3670375,13.4975135],[99.3667651,13.4976503],[99.3665719,13.4977747],[99.3663282,13.4979829],[99.3654516,13.4988991],[99.3651667,13.4991477],[99.3642043,13.4999338],[99.3640936,13.5000487],[99.3634926,13.5008638],[99.3634563,13.5010081],[99.3634566,13.5011647],[99.363523,13.501503],[99.3635158,13.5015277],[99.3633842,13.501595],[99.3632558,13.5017948],[99.3631234,13.5018996],[99.3629867,13.5019709],[99.3619224,13.5022319],[99.3617643,13.5022949],[99.3616276,13.5024039],[99.3614953,13.5025714],[99.3612652,13.5030906],[99.361146,13.5034422],[99.36101,13.5039403],[99.3609803,13.5041245],[99.3610198,13.5048022],[99.3610029,13.5049654],[99.3608624,13.5053589],[99.3606408,13.5057986],[99.3604619,13.5062674],[99.3604107,13.506347],[99.3602611,13.5064184],[99.3598078,13.5063395],[99.3597223,13.5063396],[99.3596282,13.5063691],[99.3595685,13.5064194],[99.359449,13.5065869],[99.3594152,13.506884],[99.3594504,13.5075241],[99.3594298,13.508043],[99.3593915,13.5081644],[99.3592635,13.5083821],[99.3591569,13.5085245],[99.3589948,13.5088469],[99.3589483,13.5091901],[99.3588847,13.5095124],[99.3588421,13.5096045],[99.3587353,13.5097218],[99.3583168,13.5100362],[99.3582271,13.5101493],[99.3579112,13.5104677],[99.3574499,13.5107738],[99.3569501,13.5111344],[99.3560742,13.5115582],[99.3554203,13.5117976],[99.3552322,13.5118355],[99.3549287,13.5118527],[99.354176,13.5117533],[99.3539065,13.511737],[99.3535004,13.5117585],[99.3534063,13.511767],[99.3533422,13.5118006],[99.3531544,13.5119933],[99.3530732,13.5120311],[99.352915,13.5120396],[99.3526709,13.5119589],[99.352534,13.5119442],[99.3521236,13.5120043],[99.3516753,13.5121462],[99.3510218,13.5122959],[99.3503788,13.5122571],[99.3500377,13.5122635],[99.3496312,13.5122939],[99.3492858,13.5123441],[99.3490317,13.5123644],[99.348859,13.5124342],[99.3486458,13.5125539],[99.3483715,13.5126736],[99.3481685,13.5128131],[99.3480264,13.5129625],[99.3478643,13.5133008],[99.3476263,13.5133257],[99.347459,13.513307],[99.3473569,13.5132679],[99.3471907,13.5131286],[99.3471206,13.5129739],[99.3469874,13.5124483],[99.3469601,13.5120419],[99.3468724,13.5116805],[99.3468443,13.5116264],[99.3467098,13.5114668],[99.346637,13.51133],[99.3465995,13.5111775],[99.3465955,13.5108353],[99.3467226,13.5101652],[99.3468939,13.5096347],[99.3468914,13.5095663],[99.346791,13.5094264],[99.3467642,13.5093525],[99.3467849,13.5091061],[99.3467803,13.508961],[99.3468289,13.508878],[99.3469658,13.5087387],[99.3469808,13.508652],[99.3469447,13.5085772],[99.3468952,13.5085315],[99.3467354,13.5084337],[99.3465489,13.508348],[99.3464602,13.5082728],[99.3464143,13.5081624],[99.3463895,13.50789],[99.3462918,13.5077587],[99.3462805,13.507717],[99.3462876,13.507625],[99.3463148,13.5075787],[99.346489,13.5074648],[99.3465592,13.507388],[99.3466352,13.5071832],[99.3467246,13.5070173],[99.3467472,13.5068951],[99.3467369,13.5064184],[99.3466538,13.5061268],[99.3465916,13.5060244],[99.3464322,13.5058547],[99.3463143,13.5057663],[99.3461904,13.5056983],[99.3459807,13.5055297],[99.3457569,13.5051943],[99.345596,13.5048444],[99.3455312,13.5045676],[99.3455055,13.5041769],[99.345524,13.5039626],[99.3456578,13.5033078],[99.3456544,13.5032291],[99.3456093,13.5031285],[99.3454909,13.5029501],[99.3454632,13.5028767],[99.3454303,13.5026581],[99.3454988,13.5023419],[99.3454997,13.5022425],[99.34536,13.5019457],[99.3453276,13.5018356],[99.3453202,13.5017399],[99.3453365,13.5013006],[99.3454919,13.5009047],[99.3455157,13.5007875],[99.3454915,13.5006351],[99.3453113,13.5002777],[99.3452511,13.5000433],[99.345293,13.5000198],[99.3455685,13.5000077],[99.3456642,13.4999314],[99.3456761,13.4998493],[99.3455498,13.4995154],[99.3453446,13.4984194],[99.3453197,13.4978776],[99.3454097,13.4969324],[99.3455912,13.4961019],[99.3458488,13.4947323],[99.3459737,13.4943562],[99.3462437,13.4937237],[99.3463818,13.4935256],[99.3468604,13.4930664],[99.3471689,13.4928367],[99.3475094,13.492659],[99.3478394,13.4925856],[99.3481375,13.4925435],[99.3484357,13.4925431],[99.3488831,13.4925946],[99.3502466,13.4928949],[99.3524204,13.4938506],[99.3535181,13.4944118],[99.3539016,13.4945051],[99.3543809,13.4945357],[99.3548495,13.4945246],[99.355733,13.4942836],[99.3567016,13.4939384],[99.3572331,13.4933436],[99.3573286,13.4930621],[99.3574345,13.4926659],[99.3574656,13.4920823],[99.3576137,13.4914776],[99.3576558,13.4911337],[99.3578682,13.4907374],[99.3581732,13.4904618],[99.3582091,13.4903854],[99.3582716,13.4899918],[99.358423,13.4896751],[99.3584089,13.4894313],[99.3584295,13.489267],[99.3584685,13.4891238],[99.358467,13.4889869],[99.3584408,13.4889372],[99.358386,13.4889096],[99.3581426,13.4888936],[99.3578545,13.4887865],[99.3576292,13.4886175],[99.3575363,13.4884824],[99.3575138,13.4884057],[99.3575185,13.4883704],[99.3575805,13.4882529],[99.3575672,13.4881799],[99.3575356,13.4881358],[99.3574138,13.4880469],[99.3573862,13.4880027],[99.3573467,13.4878386],[99.3573355,13.4877198],[99.3573572,13.4876373],[99.3574677,13.4874796],[99.3574921,13.4872333],[99.3575475,13.4871447],[99.3575832,13.4870238],[99.3575793,13.4869646],[99.3575545,13.4868964],[99.3574999,13.4868085],[99.35741,13.4867333],[99.3570932,13.4865918],[99.3566846,13.4865249],[99.3565576,13.4864549],[99.3563502,13.4862067],[99.3560905,13.4859937],[99.3559469,13.4859237],[99.3555024,13.4857569],[99.3553035,13.4856437],[99.3550164,13.4855577],[99.3548507,13.4854796],[99.3547844,13.4854257],[99.3547208,13.4853313],[99.3546266,13.4851019],[99.3545382,13.4850507],[99.3544582,13.48504],[99.3542981,13.4850645],[99.3541646,13.4851398],[99.3540497,13.4851399],[99.3539252,13.4850371],[99.3538005,13.4848406],[99.3536569,13.4848033],[99.3534559,13.4848036],[99.3532645,13.4847851],[99.3530633,13.484673],[99.3526995,13.4845143],[99.3524218,13.4844492],[99.3510528,13.4840297],[99.350689,13.483974],[99.350268,13.4839839],[99.3500575,13.4840217],[99.349828,13.484125],[99.3493597,13.4845846],[99.3492259,13.4846878],[99.3490824,13.4847348],[99.3489485,13.4847444],[99.3488527,13.4847164],[99.3488048,13.4846603],[99.3487951,13.4845573],[99.3488141,13.4844729],[99.3488906,13.484426],[99.3489288,13.484351],[99.3489286,13.4842574],[99.3488519,13.484117],[99.3487656,13.4840328],[99.3486315,13.4839207],[99.3484687,13.4838272],[99.3483057,13.4836402],[99.348181,13.4834062],[99.3480563,13.4832565],[99.3477594,13.4830977],[99.3475103,13.4828827],[99.3469646,13.4827149],[99.3464574,13.4826968],[99.3461895,13.4827253],[99.3458929,13.4827819],[99.3449364,13.4831203],[99.3445442,13.4832052],[99.3440466,13.4832059],[99.3437498,13.4831032],[99.3434339,13.4830381],[99.3432137,13.483001],[99.3429458,13.4830013],[99.342697,13.4830672],[99.3423241,13.4832738],[99.3420276,13.4833866],[99.341731,13.4834151],[99.3413578,13.4834156],[99.3411372,13.4833905],[99.3408128,13.4832304],[99.3397772,13.482322],[99.3386565,13.4815368],[99.3382732,13.4812095],[99.3375547,13.4806392],[99.3372097,13.4802838],[99.3371138,13.4801154],[99.3370274,13.4799001],[99.3370192,13.4797528],[99.3370653,13.4795076],[99.337188,13.4792595],[99.3372366,13.479084],[99.3371969,13.4789963],[99.3370581,13.4787948],[99.3369448,13.4785568],[99.3368107,13.4783405],[99.3367349,13.4782609],[99.3366778,13.4782291],[99.3361858,13.4781335],[99.335797,13.4781084],[99.3356356,13.4780655],[99.3355639,13.4780117],[99.3353325,13.4777798],[99.3351236,13.4776513],[99.3350473,13.4774867],[99.3349102,13.4773942],[99.3349132,13.4773153],[99.3349913,13.4771807],[99.335216,13.4768965],[99.3352428,13.476797],[99.3352285,13.4765026],[99.3350596,13.4754923],[99.3349834,13.4749332],[99.3349193,13.4736458],[99.3348325,13.4727773],[99.3349038,13.4717712],[99.3349284,13.4716463],[99.334978,13.4715676],[99.3351637,13.4714127],[99.3352819,13.4713763],[99.3357013,13.4713433],[99.3357932,13.4713108],[99.3359023,13.4712652],[99.3360396,13.4711844],[99.3362565,13.4710196],[99.3363704,13.470987],[99.3365654,13.4709674],[99.3372091,13.4708624],[99.3375043,13.4708525],[99.3377032,13.4708858],[99.338162,13.4711196],[99.3385205,13.471401],[99.3388791,13.4717739],[99.3390449,13.4718991],[99.3392653,13.4720295],[99.3393786,13.4720709],[99.3397282,13.4721232],[99.3400008,13.4720988],[99.3418511,13.4714426],[99.3428742,13.4708759],[99.3433722,13.47031],[99.3443932,13.468253],[99.3447593,13.4672504],[99.3447843,13.4664025],[99.3447823,13.4649893],[99.3444124,13.4633197],[99.3440169,13.4621383],[99.3433856,13.4612913],[99.3415456,13.4596494],[99.3409146,13.4590079],[99.3402828,13.457724],[99.3392556,13.4553358],[99.3385976,13.4541805],[99.3359687,13.4515118],[99.333944,13.4491249],[99.3333122,13.4477897],[99.3331255,13.445683],[99.3331221,13.4432163],[99.3336235,13.4416172],[99.3337161,13.4412258],[99.3340933,13.4399395],[99.3341627,13.4394892],[99.3343879,13.4370552],[99.334457,13.4368444],[99.3345645,13.4366447],[99.334788,13.4364067],[99.3350241,13.4362434],[99.3351251,13.4362077],[99.3353216,13.4361994],[99.3353837,13.4361831],[99.3357663,13.4360145],[99.3359836,13.4359432],[99.3362192,13.4358295],[99.3364282,13.4358009],[99.3366267,13.4356297],[99.3370814,13.4354397],[99.3371327,13.435376],[99.3372662,13.4349759],[99.3373753,13.4349369],[99.3375519,13.4349373],[99.337569,13.4347915],[99.3376931,13.4347752],[99.3379093,13.4346897],[99.3380271,13.4346121],[99.3381046,13.4344881],[99.3383752,13.4343787],[99.3384295,13.4343413],[99.3387127,13.4339864],[99.3391611,13.4330607],[99.33938,13.4325188],[99.3394001,13.4322768],[99.3393112,13.4316438],[99.3393211,13.431536],[99.3393479,13.4314877],[99.3393922,13.4314274],[99.3395312,13.431353],[99.3398016,13.4313122],[99.3400387,13.4313285],[99.3402376,13.431379],[99.3404721,13.4313921],[99.3406525,13.431315],[99.340759,13.4312217],[99.3407838,13.4311654],[99.3407929,13.4310317],[99.3407833,13.4309345],[99.3406909,13.4305287],[99.3406869,13.4304612],[99.3407171,13.4303861],[99.3407567,13.4303489],[99.3408265,13.4303277],[99.3412574,13.430312],[99.3413385,13.4302741],[99.3413552,13.4302441],[99.3413637,13.4302067],[99.3413465,13.4301365],[99.3411728,13.4296261],[99.3411782,13.4295246],[99.3412217,13.4293519],[99.341347,13.4292511],[99.3415112,13.4291684],[99.341622,13.4290648],[99.3417527,13.428987],[99.3418607,13.4288982],[99.3418912,13.4288562],[99.3419403,13.4287264],[99.3420073,13.4286504],[99.3421302,13.4285298],[99.3424233,13.4283236],[99.3429076,13.4274674],[99.3432423,13.4269871],[99.3436572,13.4261429],[99.3439527,13.4249935],[99.3443679,13.4244112],[99.3448429,13.4241051],[99.3455559,13.4239442],[99.346343,13.4237249],[99.3467883,13.4234043],[99.3482046,13.4212402],[99.3485198,13.4208752],[99.348983,13.4201566],[99.3493445,13.4197653],[99.3494926,13.4195107],[99.3495203,13.4193834],[99.3495289,13.4189199],[99.3496492,13.4186471],[99.3497882,13.4184743],[99.3501035,13.4182103],[99.3504095,13.4179918],[99.3505393,13.4178462],[99.3511505,13.4168093],[99.3511966,13.4166003],[99.3512791,13.4159186],[99.3513529,13.415564],[99.3518154,13.4144092],[99.3522505,13.4136089],[99.3526422,13.4128086],[99.352682,13.4128106],[99.3532181,13.4121188],[99.3545403,13.4101712],[99.3548763,13.4095111],[99.3549153,13.409123],[99.3547956,13.4085605],[99.3535416,13.4048178],[99.3520711,13.4021619],[99.3503241,13.4000689],[99.3490738,13.398829],[99.3475467,13.3981132],[99.3460001,13.3975527],[99.3443548,13.3972057],[99.3423725,13.3968592],[99.3402508,13.3960472],[99.3389479,13.3952765],[99.3388433,13.3951851],[99.3385522,13.3947699],[99.3383055,13.3941248],[99.3379805,13.393458],[99.3376781,13.3929442],[99.3373311,13.3924743],[99.3371357,13.3923055],[99.3369841,13.392218],[99.3368056,13.3922016],[99.3362108,13.3922024],[99.3362022,13.3922133],[99.3347835,13.392423],[99.3341579,13.3924785],[99.3337221,13.392501],[99.3333869,13.3925124],[99.3331188,13.3924909],[99.3328663,13.3924104],[99.3326156,13.392218],[99.3322709,13.39191],[99.3322604,13.3919177],[99.3317682,13.3914662],[99.3311114,13.3905482],[99.3304247,13.389499],[99.3299612,13.3882598],[99.3295423,13.3869915],[99.3291527,13.3853147],[99.328719,13.3840755],[99.3282848,13.3823608],[99.32757,13.3793972],[99.3274983,13.3788927],[99.32741,13.3784597],[99.3274281,13.3779292],[99.3274273,13.377342],[99.3275242,13.3769482],[99.3276849,13.3766773],[99.3277334,13.3765672],[99.3277991,13.3762975],[99.3279036,13.3747444],[99.3281554,13.3736478],[99.3282467,13.3721991],[99.328273,13.371313],[99.3282339,13.3703648],[99.3282038,13.3701994],[99.3280776,13.3698763],[99.3279567,13.3696857],[99.3278283,13.3695549],[99.3277821,13.3696168],[99.327679,13.3696602],[99.3271292,13.3696978],[99.3270638,13.3697335],[99.3270293,13.3697709],[99.3269822,13.3698605],[99.3269157,13.3703361],[99.3267592,13.3704931],[99.3266281,13.3705348],[99.3265121,13.3705347],[99.3264581,13.3705151],[99.3263197,13.3704241],[99.3262321,13.3703889],[99.3260992,13.3703726],[99.3259322,13.3704179],[99.3257594,13.3705933],[99.325705,13.3706244],[99.3254578,13.3706736],[99.3253266,13.370667],[99.3252654,13.3706231],[99.3251788,13.370468],[99.3249153,13.3700884],[99.3247148,13.3698694],[99.3244421,13.3696972],[99.3241091,13.3695604],[99.3238199,13.3694493],[99.3235019,13.3693833],[99.3234043,13.369379],[99.3230041,13.3694523],[99.3218674,13.369932],[99.3216509,13.3700383],[99.3215589,13.3700525],[99.3213907,13.3700432],[99.3213038,13.3699908],[99.3211943,13.3698707],[99.3210199,13.3695388],[99.3207243,13.3691916],[99.3206186,13.3689819],[99.3205671,13.3688159],[99.3205104,13.3687155],[99.3204091,13.3686135],[99.3202667,13.368506],[99.3201179,13.3684207],[99.3196638,13.3682325],[99.3194739,13.3680638],[99.3193549,13.3678895],[99.3192179,13.3676462],[99.31902,13.3671342],[99.3188357,13.3665236],[99.3185117,13.366121],[99.318335,13.3658564],[99.3182288,13.3656319],[99.3181698,13.3654765],[99.31814,13.365206],[99.3182152,13.3646946],[99.3184792,13.3639568],[99.3185299,13.3637721],[99.3185706,13.3634784],[99.31857,13.3630562],[99.3185081,13.362606],[99.3185478,13.3616954],[99.3185568,13.3607749],[99.3185824,13.3605638],[99.318572,13.360478],[99.3185256,13.3603347],[99.3181978,13.3597347],[99.3180542,13.3594019],[99.3179918,13.359086],[99.3180122,13.3584842],[99.3179189,13.3574438],[99.3179177,13.3565232],[99.3179786,13.356243],[99.3180461,13.3555889],[99.3178197,13.3553127],[99.3171502,13.3550223],[99.316332,13.3548777],[99.314919,13.3546853],[99.3136544,13.3542257],[99.3125877,13.3535718],[99.3113975,13.3531849],[99.3103309,13.352531],[99.3096608,13.351828],[99.3095606,13.3509787],[99.3103016,13.3489877],[99.3106964,13.3475796],[99.310671,13.3470943],[99.3101993,13.3464881],[99.3089342,13.345616],[99.3084929,13.344908],[99.308317,13.344298],[99.308183,13.3440295],[99.3081326,13.3439681],[99.3078667,13.3437683],[99.3077459,13.3437116],[99.3072085,13.343571],[99.3055426,13.3434784],[99.3054093,13.3434612],[99.3050095,13.343369],[99.3047177,13.3431807],[99.3044865,13.3429646],[99.3042251,13.3426798],[99.3037124,13.3421888],[99.3035112,13.3419629],[99.3033101,13.3416878],[99.303195,13.3413725],[99.3031291,13.3407939],[99.3032059,13.3398719],[99.3032972,13.3394292],[99.3032967,13.3389838],[99.303326,13.338325],[99.3033252,13.3377055],[99.3031729,13.3363488],[99.3029805,13.3350806],[99.3029291,13.3341368],[99.3026971,13.3332128],[99.302603,13.3327358],[99.3016743,13.3308219],[99.3010095,13.328994],[99.3006445,13.3261336],[99.2996795,13.3251024],[99.2965143,13.3227761],[99.2958501,13.3214792],[99.2957582,13.320152],[99.2958462,13.3182348],[99.2955142,13.3176453],[99.2949117,13.3174986],[99.2943506,13.3176099],[99.2932033,13.318041],[99.2926,13.3182197],[99.2921801,13.318279],[99.2919821,13.3182792],[99.2917637,13.3182573],[99.2913472,13.3181],[99.2912455,13.3180214],[99.2911402,13.3178729],[99.2910966,13.3177453],[99.2910853,13.3176564],[99.2910998,13.3171593],[99.2910464,13.3166284],[99.2909638,13.3163635],[99.2908304,13.3161533],[99.2906842,13.3160241],[99.2905513,13.3159429],[99.2904582,13.3159121],[99.2899762,13.3158922],[99.2897278,13.3159072],[99.289261,13.3160183],[99.2890502,13.3160481],[99.2889321,13.3160193],[99.2888756,13.3159865],[99.2885301,13.3156431],[99.2878641,13.3148672],[99.2877587,13.3148404],[99.2871904,13.3148476],[99.2870515,13.3148671],[99.2869965,13.3149111],[99.2868052,13.3152394],[99.286655,13.3154522],[99.2865953,13.3154895],[99.2862003,13.3156587],[99.2858829,13.3157813],[99.2854054,13.3159121],[99.2852887,13.3159592],[99.2852171,13.3160365],[99.2851798,13.3161262],[99.2851389,13.3164221],[99.2851411,13.3166812],[99.2852532,13.3171711],[99.2853544,13.3173649],[99.2855203,13.3176007],[99.2857252,13.3178824],[99.2858679,13.31804],[99.2859349,13.3182434],[99.2859418,13.3184484],[99.2859287,13.3185261],[99.2858569,13.3186288],[99.2856649,13.3188174],[99.2856041,13.3188571],[99.2854675,13.3189128],[99.2851906,13.3189433],[99.284671,13.3189733],[99.2842042,13.3190181],[99.2835713,13.318998],[99.2834398,13.3189627],[99.2831497,13.3187833],[99.2829989,13.3186581],[99.2828878,13.3185331],[99.282728,13.3184316],[99.2825147,13.3184054],[99.2823511,13.3184302],[99.2821504,13.3184993],[99.2820565,13.3184976],[99.2819249,13.3184565],[99.2818327,13.3183853],[99.2818092,13.3183489],[99.2817634,13.3182023],[99.2817153,13.3178754],[99.2815741,13.317229],[99.2814331,13.3168338],[99.2813662,13.3167454],[99.2813203,13.316723],[99.2811163,13.3167193],[99.2809436,13.3167905],[99.2808705,13.3168417],[99.2804964,13.3171878],[99.280332,13.3172782],[99.2802687,13.3172968],[99.2793046,13.3172772],[99.2792309,13.3172524],[99.2791551,13.3171914],[99.2790984,13.3170826],[99.2789566,13.3164411],[99.2789176,13.3160911],[99.2788553,13.3159182],[99.2786315,13.3156093],[99.2785476,13.3155176],[99.2784046,13.315409],[99.2782887,13.3153504],[99.2781202,13.3153028],[99.2780151,13.3152237],[99.2779345,13.3151319],[99.2775922,13.3146173],[99.2774771,13.3144716],[99.2774228,13.314347],[99.2772831,13.3141215],[99.2766312,13.3133193],[99.2763184,13.3130495],[99.2762357,13.3128734],[99.276222,13.3125388],[99.2762754,13.3123564],[99.276369,13.3121396],[99.2764426,13.3119019],[99.2764581,13.3118012],[99.2764422,13.3116811],[99.276384,13.3114728],[99.276334,13.3113901],[99.2762218,13.311317],[99.2761292,13.3113021],[99.275975,13.3113136],[99.2758587,13.311372],[99.2756716,13.3115772],[99.2755751,13.3117351],[99.2755305,13.3118305],[99.2753265,13.3124989],[99.2752632,13.3126251],[99.2752099,13.3126924],[99.2750625,13.3128239],[99.27496,13.3128928],[99.2748441,13.3129184],[99.2747994,13.3129172],[99.2746199,13.3128315],[99.2744653,13.3126901],[99.2742952,13.3124823],[99.2742164,13.3123477],[99.2735699,13.3114907],[99.2735209,13.3113896],[99.2734919,13.3112433],[99.273518,13.3111384],[99.2735659,13.3110623],[99.2740213,13.3106371],[99.274265,13.3104479],[99.2745288,13.3102145],[99.2749598,13.30975],[99.2750837,13.3095547],[99.2750892,13.3094117],[99.2749299,13.3084016],[99.2748752,13.3079569],[99.2748514,13.3078737],[99.2747213,13.3076253],[99.2745885,13.3074599],[99.2745471,13.3074296],[99.2743661,13.3073833],[99.2737767,13.307363],[99.272858,13.3073788],[99.2718115,13.3074758],[99.2709607,13.3075283],[99.2702378,13.3075069],[99.2700855,13.3074991],[99.2700272,13.3074819],[99.2699502,13.3073937],[99.2696646,13.3067507],[99.2692912,13.3061483],[99.2683968,13.3041802],[99.2679723,13.3032902],[99.2678817,13.3031575],[99.2674352,13.3027985],[99.267292,13.3027657],[99.2671927,13.3027791],[99.2667222,13.3029587],[99.2664981,13.3031479],[99.2661414,13.3033861],[99.2658945,13.3037127],[99.2656519,13.3039508],[99.2654385,13.304113],[99.2652985,13.3041687],[99.2651268,13.3041723],[99.2649916,13.3041082],[99.2648332,13.3040733],[99.2646411,13.304068],[99.2639577,13.3039802],[99.2637797,13.3040005],[99.2634997,13.3040968],[99.2631785,13.3040806],[99.2628751,13.304095],[99.2626893,13.3042313],[99.2624132,13.3043245],[99.2622516,13.3043556],[99.2621146,13.3043366],[99.2619786,13.3042567],[99.2614447,13.3040084],[99.2612879,13.3039795],[99.2611905,13.3039796],[99.2609406,13.3040172],[99.2608011,13.3040182],[99.2607751,13.3040076],[99.2607226,13.3039433],[99.2606638,13.3039309],[99.2605155,13.3040288],[99.2604431,13.3040555],[99.2603543,13.3040574],[99.2602328,13.3040167],[99.2600824,13.3038538],[99.2600424,13.3037443],[99.2600629,13.3030972],[99.260075,13.3030098],[99.260122,13.3028856],[99.2601132,13.3027674],[99.2598795,13.3026039],[99.2597194,13.3025843],[99.2595795,13.3026124],[99.2594186,13.3026706],[99.2583655,13.3029231],[99.2584931,13.3030641],[99.2585671,13.3032096],[99.2586246,13.3037107],[99.2586165,13.3037827],[99.2585189,13.3040731],[99.2583669,13.3043449],[99.2581741,13.3046167],[99.2578454,13.3049633],[99.2575384,13.305166],[99.2573426,13.3052221],[99.2571795,13.3052356],[99.2568423,13.305228],[99.2564588,13.3052017],[99.2563228,13.3051752],[99.2560671,13.3050902],[99.2559637,13.3050477],[99.2557977,13.3049334],[99.2557106,13.3048269],[99.2556806,13.3047524],[99.2556641,13.3045553],[99.2556857,13.3044355],[99.2558622,13.3041503],[99.2559001,13.3040384],[99.2559163,13.3039159],[99.2558998,13.3037375],[99.2555459,13.3033863],[99.2553146,13.303232],[99.2548657,13.3030168],[99.2545665,13.3029159],[99.2544468,13.3028893],[99.2541884,13.3028656],[99.2540198,13.3028791],[99.2538785,13.3029432],[99.2538106,13.3030098],[99.2535771,13.3033962],[99.2533683,13.3039531],[99.2530834,13.3045366],[99.2528825,13.3048724],[99.2527684,13.3049897],[99.2526325,13.3050724],[99.2525047,13.3051098],[99.2523688,13.3050966],[99.2523171,13.3050754],[99.2522463,13.3050088],[99.2522434,13.3048224],[99.2523922,13.3040659],[99.2523675,13.3038395],[99.2523483,13.3037597],[99.2522856,13.3036159],[99.2521822,13.3035255],[99.2521169,13.3034989],[99.2518612,13.3034459],[99.2517715,13.3034433],[99.2516165,13.3034674],[99.2514099,13.3035449],[99.2512007,13.3037102],[99.2510106,13.3039661],[99.2509022,13.3043257],[99.250886,13.3044669],[99.2508865,13.3049223],[99.2509549,13.305359],[99.250985,13.3054708],[99.2510368,13.3055826],[99.2512819,13.3059526],[99.25135,13.3061123],[99.2514292,13.3064185],[99.2514651,13.3069432],[99.2514436,13.3072202],[99.2513922,13.30742],[99.2512484,13.3077477],[99.2510448,13.3080968],[99.2509823,13.3081528],[99.2508763,13.3082008],[99.2506724,13.308241],[99.2505609,13.3082384],[99.2503868,13.3082146],[99.2502127,13.3081562],[99.250074,13.3080951],[99.2499841,13.3080232],[99.2499079,13.3079487],[99.2496629,13.3076454],[99.2495838,13.307451],[99.2496351,13.3070888],[99.2496405,13.3070009],[99.2496213,13.3068864],[99.2495995,13.3068571],[99.2493818,13.3067375],[99.249322,13.3067189],[99.2492377,13.306719],[99.2484845,13.3067863],[99.248267,13.306893],[99.2482154,13.3069357],[99.2482073,13.306965],[99.2482292,13.3071328],[99.2482892,13.3072632],[99.2483656,13.3075694],[99.2484069,13.3079955],[99.2483964,13.308395],[99.2483398,13.3088744],[99.2482909,13.3089837],[99.2481931,13.309101],[99.2481307,13.3091543],[99.2480083,13.309205],[99.2478479,13.3092078],[99.247342,13.3091577],[99.2468444,13.3091476],[99.2465778,13.3090439],[99.2463709,13.3088391],[99.2463191,13.3087592],[99.2460928,13.3081549],[99.2460437,13.3079765],[99.2460163,13.3077768],[99.2458907,13.3072842],[99.2458988,13.3072149],[99.2460046,13.3069884],[99.2460289,13.3068553],[99.2460288,13.3066742],[99.2459878,13.3064771],[99.2459632,13.3063999],[99.2459224,13.306336],[99.2457536,13.3061711],[99.2455876,13.3060833],[99.2454244,13.3060249],[99.2452911,13.3059984],[99.2450273,13.3059827],[99.2448723,13.3059828],[99.2446684,13.3060043],[99.244489,13.3060498],[99.2443096,13.3061298],[99.2441465,13.3062552],[99.2440868,13.3063192],[99.2435898,13.3069934],[99.2435138,13.3071773],[99.243457,13.307417],[99.243438,13.3075262],[99.2434382,13.307734],[99.2434874,13.3079523],[99.2437763,13.3086232],[99.2440406,13.3091343],[99.2443701,13.3095707],[99.2444873,13.3098103],[99.2445528,13.3100393],[99.2445121,13.3101832],[99.2444633,13.3102658],[99.2443872,13.3103244],[99.2442567,13.3103725],[99.2436368,13.3104663],[99.2435225,13.3104691],[99.2434328,13.3104931],[99.2418424,13.310982],[99.2411519,13.3112091],[99.2404042,13.3113669],[99.2392077,13.311384],[99.2383482,13.3111904],[99.2381904,13.3111906],[99.2379702,13.311228],[99.237818,13.3112868],[99.2377391,13.3113321],[99.2376712,13.3113934],[99.237625,13.3114441],[99.2375979,13.3115],[99.2376088,13.3115693],[99.2377177,13.3116438],[99.2377422,13.3116859],[99.2377532,13.3117995],[99.2377172,13.3120552],[99.237739,13.3121262],[99.2378225,13.3121688],[99.2384026,13.3121931],[99.2385296,13.3122107],[99.2389249,13.3123133],[99.2390555,13.3124055],[99.2393531,13.3126964],[99.2395383,13.3129093],[99.2402499,13.3138426],[99.2404424,13.3141762],[99.2405478,13.3144318],[99.2407444,13.3152838],[99.2407518,13.3154365],[99.2407453,13.3161538],[99.2406658,13.3164131],[99.240619,13.3167789],[99.2404996,13.3170489],[99.2401809,13.3174434],[99.2401265,13.3174754],[99.2399017,13.317465],[99.2398437,13.3174757],[99.2398038,13.3175006],[99.2397604,13.3175503],[99.2397025,13.3176853],[99.2396554,13.3177564],[99.2394091,13.3180478],[99.2393367,13.3181082],[99.2391192,13.3182185],[99.2386516,13.3183468],[99.2382782,13.3184253],[99.2370636,13.3185223],[99.2368525,13.3185195],[99.2367449,13.3185112],[99.2366246,13.3184802],[99.2363454,13.3182744],[99.2362039,13.3181928],[99.235979,13.3180936],[99.2359028,13.3180795],[99.2357686,13.3180796],[99.2356925,13.3180903],[99.2355941,13.3181337],[99.2355049,13.3182087],[99.2354402,13.3182877],[99.2353675,13.3184533],[99.2353493,13.318661],[99.2353028,13.3186913],[99.2352513,13.3186584],[99.2351648,13.3185105],[99.2350433,13.318101],[99.2350708,13.317846],[99.2349679,13.3176255],[99.2348987,13.3173935],[99.2348663,13.3167776],[99.2347759,13.3163733],[99.2347287,13.3162656],[99.233802,13.3148594],[99.2337324,13.31479],[99.2335944,13.3146987],[99.2335429,13.3145945],[99.2335486,13.3143266],[99.2335799,13.3140871],[99.2336913,13.3137733],[99.2337702,13.3134879],[99.233772,13.3132373],[99.2337152,13.3130637],[99.2335614,13.3127767],[99.2331619,13.3122114],[99.2329968,13.3120269],[99.2329514,13.3119956],[99.2327767,13.311896],[99.2326419,13.3118398],[99.2325442,13.3118201],[99.2315435,13.3117852],[99.2314122,13.3117623],[99.2313291,13.3116985],[99.2312751,13.3115863],[99.2312484,13.3114548],[99.231242,13.3111722],[99.2312675,13.3110241],[99.2313643,13.3108682],[99.2316563,13.310561],[99.2316965,13.3104598],[99.231681,13.3101048],[99.2316332,13.309826],[99.2315811,13.3096592],[99.2315322,13.3095874],[99.2314725,13.3095384],[99.2308528,13.3092935],[99.2305675,13.3091204],[99.2303742,13.3089311],[99.2302797,13.3087664],[99.2302611,13.3086861],[99.2302601,13.3085769],[99.2303154,13.3084701],[99.2303509,13.3084305],[99.2304522,13.3083675],[99.2306139,13.3083184],[99.2306568,13.3082763],[99.2306801,13.3082279],[99.2306667,13.3081516],[99.2305972,13.3080566],[99.2303714,13.3078644],[99.2301821,13.3077291],[99.2301028,13.3076433],[99.2300731,13.3075731],[99.2300691,13.3074582],[99.2300811,13.3074054],[99.2302397,13.3070877],[99.2303376,13.3068353],[99.2303607,13.3067329],[99.2303571,13.3066101],[99.2302918,13.306445],[99.2302453,13.3063988],[99.2301833,13.3063689],[99.2295366,13.3062491],[99.2293137,13.3061593],[99.2292463,13.3061175],[99.2291724,13.30605],[99.2290796,13.305926],[99.2289723,13.3057373],[99.2289007,13.3055772],[99.2288274,13.3053625],[99.2287599,13.3050372],[99.2287691,13.3046862],[99.2289095,13.3042626],[99.2290216,13.3040622],[99.2294505,13.3035606],[99.2295589,13.3034132],[99.2295874,13.3033375],[99.2296174,13.303083],[99.2296163,13.302944],[99.2295775,13.30279],[99.2295253,13.3027025],[99.2294131,13.302606],[99.2291838,13.3024667],[99.2290892,13.3024478],[99.2288833,13.3024442],[99.2287984,13.3024644],[99.2286813,13.3025382],[99.228591,13.3025708],[99.2277957,13.3026534],[99.227524,13.3026949],[99.2271213,13.3028283],[99.2266933,13.3029298],[99.226428,13.3029345],[99.2262411,13.3029123],[99.2260671,13.3028063],[99.2258467,13.3025954],[99.2257717,13.30249],[99.2257153,13.3023432],[99.2256307,13.3020129],[99.2255321,13.3018157],[99.2254101,13.3016369],[99.2249835,13.3012839],[99.224482,13.3010733],[99.224229,13.3010414],[99.224116,13.3010017],[99.2239332,13.3008641],[99.2238888,13.3008502],[99.2237306,13.3008253],[99.223203,13.3008044],[99.223039,13.3008384],[99.2226604,13.3009784],[99.2220759,13.3014115],[99.2216511,13.3016193],[99.2213956,13.3016809],[99.2211497,13.3017064],[99.2208567,13.3017224],[99.2205398,13.3017093],[99.2202435,13.3017326],[99.219858,13.3018019],[99.2197215,13.3018486],[99.2195919,13.3019164],[99.2194509,13.302043],[99.2193972,13.3021526],[99.2193645,13.3022615],[99.219325,13.3025448],[99.2193049,13.3033655],[99.2192387,13.3035921],[99.2190448,13.3038619],[99.2187752,13.3041068],[99.218678,13.3041857],[99.2183772,13.3043673],[99.2177903,13.304655],[99.2176653,13.3046785],[99.2176008,13.3046807],[99.2175445,13.3046525],[99.2174215,13.3044677],[99.2173744,13.3044352],[99.2173369,13.3044317],[99.2171755,13.3044651],[99.2160891,13.3049062],[99.215733,13.3050894],[99.2155214,13.3052554],[99.21527,13.3053678],[99.2145341,13.3056369],[99.2140511,13.3057597],[99.2137596,13.3058089],[99.2133574,13.3059483],[99.2130674,13.3060777],[99.2126936,13.3062752],[99.212359,13.306494],[99.2121648,13.3066698],[99.2120956,13.3068054],[99.2120425,13.3069515],[99.2120072,13.3069883],[99.2119505,13.3070115],[99.2116815,13.3070143],[99.211535,13.3070303],[99.2114707,13.3070464],[99.211368,13.3070996],[99.2113077,13.3071836],[99.2112445,13.3073415],[99.2111774,13.3076209],[99.2111407,13.3076669],[99.2109974,13.30777],[99.2106002,13.3080361],[99.2105317,13.3081535],[99.2104513,13.3085548],[99.2104568,13.3086502],[99.2107401,13.3090747],[99.2107527,13.309153],[99.2107307,13.3092207],[99.2106544,13.3093507],[99.210595,13.3094131],[99.2104044,13.3095502],[99.2100266,13.3099271],[99.2099466,13.3100705],[99.2099292,13.3101442],[99.2099294,13.3103466],[99.2099053,13.3104195],[99.2098134,13.3104927],[99.2081101,13.31106],[99.2075231,13.3112405],[99.2068058,13.3117172],[99.2064359,13.3122616],[99.2063902,13.3130326],[99.2063443,13.3134407],[99.2059975,13.3139852],[99.2048163,13.3145847],[99.2042481,13.3147773],[99.2035195,13.3151009],[99.2030436,13.315355],[99.2027757,13.3155749],[99.2027071,13.3156601],[99.2026457,13.3157769],[99.2026161,13.3159207],[99.2026471,13.3160466],[99.2027779,13.3163175],[99.2028236,13.3164472],[99.2028843,13.316814],[99.2028691,13.3171903],[99.2028284,13.3174397],[99.2027996,13.3174917],[99.2026564,13.3176603],[99.2025912,13.3177771],[99.2023919,13.3182218],[99.2023656,13.3183453],[99.2023767,13.3194095],[99.202206,13.3196639],[99.201982,13.3197694],[99.2016524,13.3199828],[99.2015843,13.3200663],[99.20154,13.3201713],[99.2015339,13.3202313],[99.2015828,13.3204146],[99.2016827,13.3205498],[99.2020604,13.3208596],[99.2022059,13.321057],[99.2023236,13.3213779],[99.2023587,13.3215313],[99.2023536,13.3221374],[99.2022904,13.3223174],[99.2019377,13.3228233],[99.2018995,13.3229657],[99.2019062,13.3231598],[99.2016621,13.3236868],[99.2013053,13.3240368],[99.2009675,13.3246444],[99.2009492,13.3252151],[99.2010439,13.3261169],[99.2011006,13.3265034],[99.2011009,13.3269083],[99.2010074,13.3274238],[99.2004443,13.3284181],[99.2000311,13.3287682],[99.199203,13.3289],[99.198925,13.328145],[99.198339,13.327447],[99.198138,13.327148],[99.197675,13.32598],[99.197213,13.325096],[99.196935,13.324768],[99.19658,13.324427],[99.195654,13.323842],[99.195021,13.323586],[99.193895,13.323358],[99.192876,13.323287],[99.192398,13.323144],[99.192105,13.32276],[99.191997,13.322403],[99.19195,13.320922],[99.192043,13.320238],[99.192151,13.319839],[99.192197,13.319312],[99.192089,13.319113],[99.192028,13.318799],[99.191179,13.317246],[99.190762,13.316121],[99.190778,13.315636],[99.19104,13.314924],[99.191333,13.314411],[99.191518,13.313827],[99.191811,13.3134],[99.191965,13.313086],[99.191934,13.31283],[99.191718,13.312645],[99.19141,13.312502],[99.191147,13.31216],[99.190978,13.311904],[99.1909,13.311576],[99.190947,13.311163],[99.191101,13.310721],[99.191209,13.310151],[99.191225,13.309567],[99.191302,13.30914],[99.191348,13.307074],[99.191487,13.306746],[99.191826,13.306333],[99.192258,13.305977],[99.193076,13.305635],[99.193586,13.30525],[99.193817,13.30505],[99.194064,13.304751],[99.194187,13.304481],[99.194126,13.304253],[99.193817,13.304139],[99.192968,13.30401],[99.192166,13.303811],[99.191703,13.303569],[99.191317,13.303483],[99.190731,13.303099],[99.190515,13.302899],[99.190499,13.302358],[99.190422,13.302002],[99.190299,13.301674],[99.190237,13.301303],[99.190021,13.300791],[99.18999,13.300563],[99.18999,13.300164],[99.190052,13.299708],[99.190299,13.299423],[99.190484,13.29911],[99.190561,13.298768],[99.190423,13.298084],[99.190129,13.297272],[99.190145,13.296645],[99.190237,13.296218],[99.190222,13.295135],[99.189975,13.294237],[99.189512,13.293696],[99.189034,13.293496],[99.188679,13.293197],[99.1881456,13.2921483],[99.187737,13.291687],[99.186935,13.291117],[99.1871945,13.2907752],[99.187567,13.290319],[99.187861,13.289877],[99.188046,13.289507],[99.188494,13.288851],[99.189867,13.287441],[99.191102,13.286401],[99.191472,13.28596],[99.191935,13.285489],[99.192629,13.284877],[99.192969,13.284492],[99.193324,13.283979],[99.193509,13.283466],[99.193648,13.282383],[99.193663,13.281386],[99.194234,13.280659],[99.197212,13.278921],[99.197536,13.278636],[99.198478,13.278038],[99.199419,13.277325],[99.199913,13.276456],[99.200006,13.275801],[99.199913,13.274889],[99.200021,13.274476],[99.2003155,13.2741131],[99.200608,13.273578],[99.200731,13.272567],[99.201225,13.272125],[99.202969,13.270814],[99.204481,13.270059],[99.205623,13.269261],[99.20732,13.267181],[99.207783,13.266867],[99.208632,13.266169],[99.209018,13.265685],[99.209651,13.264645],[99.209882,13.264346],[99.210299,13.263975],[99.211317,13.262722],[99.211626,13.261853],[99.211641,13.261568],[99.211472,13.261084],[99.211039,13.260499],[99.210762,13.2602],[99.210469,13.260158],[99.209157,13.260129],[99.208401,13.260044],[99.207861,13.260044],[99.207089,13.260215],[99.204898,13.26087],[99.204312,13.261126],[99.203355,13.261668],[99.202938,13.261767],[99.202506,13.261582],[99.20229,13.261426],[99.202043,13.260913],[99.201487,13.259602],[99.201302,13.258918],[99.201071,13.258505],[99.2005,13.25822],[99.200052,13.258106],[99.199419,13.258035],[99.198555,13.257849],[99.197783,13.25765],[99.19732,13.25745],[99.196904,13.256596],[99.196611,13.255612],[99.196364,13.255114],[99.196317,13.254658],[99.197722,13.253547],[99.1982,13.253219],[99.198463,13.252963],[99.198617,13.252621],[99.198817,13.251566],[99.198802,13.250754],[99.198725,13.249999],[99.198756,13.249557],[99.199713,13.248816],[99.199929,13.248816],[99.20016,13.248717],[99.200546,13.248432],[99.200839,13.248161],[99.201271,13.247648],[99.201348,13.24752],[99.201518,13.24685],[99.201488,13.245468],[99.201596,13.24514],[99.202136,13.244385],[99.202491,13.243972],[99.203092,13.243388],[99.203694,13.242292],[99.203988,13.242007],[99.204667,13.241551],[99.205114,13.241023],[99.205299,13.240639],[99.205222,13.23967],[99.205114,13.239071],[99.204914,13.238729],[99.204574,13.237504],[99.20513,13.23692],[99.205407,13.236692],[99.20567,13.236378],[99.206596,13.235552],[99.207491,13.234512],[99.207799,13.234042],[99.208432,13.23276],[99.208787,13.231335],[99.208972,13.22917],[99.209142,13.227973],[99.209157,13.227275],[99.20925,13.226662],[99.209235,13.225608],[99.209096,13.225237],[99.208355,13.223941],[99.208231,13.223257],[99.207722,13.222388],[99.207151,13.222075],[99.206395,13.221733],[99.205778,13.221533],[99.205284,13.221262],[99.205006,13.220992],[99.204698,13.22065],[99.204482,13.220151],[99.204404,13.219866],[99.204373,13.219125],[99.204497,13.218669],[99.204728,13.218241],[99.204867,13.217828],[99.205346,13.217073],[99.205485,13.216617],[99.205562,13.216047],[99.205562,13.215634],[99.205654,13.215477],[99.206179,13.214865],[99.206519,13.21458],[99.206966,13.214323],[99.209296,13.212429],[99.209651,13.211888],[99.209867,13.211446],[99.210037,13.210876],[99.210222,13.209736],[99.210361,13.209209],[99.210423,13.208653],[99.210701,13.207613],[99.2108835,13.2075408],[99.2117143,13.2067542],[99.2129221,13.2051584],[99.2138823,13.2042008],[99.2146875,13.2031673],[99.2154151,13.2020428],[99.2156937,13.2015717],[99.2159104,13.2012526],[99.2159815,13.2012305],[99.2162049,13.2011612],[99.2166235,13.201252],[99.2170112,13.2014491],[99.2176544,13.2022053],[99.2181212,13.2027539],[99.2183185,13.2031324],[99.2184208,13.203259],[99.2189773,13.2036571],[99.2190811,13.2037085],[99.219319,13.2038263],[99.220172,13.2041239],[99.2208345,13.20437],[99.2212727,13.2045251],[99.2215003,13.2045688],[99.2218487,13.2045482],[99.2222748,13.2044259],[99.2224038,13.2043889],[99.2228141,13.204223],[99.2230761,13.2040673],[99.2235229,13.203794],[99.2236682,13.2037373],[99.2242276,13.2035121],[99.2244896,13.203424],[99.2246965,13.2033765],[99.225,13.2033188],[99.2252448,13.2033017],[99.2256927,13.2033072],[99.2261899,13.2032839],[99.2266313,13.2032295],[99.2269175,13.2031853],[99.2271796,13.2031276],[99.2274209,13.2030395],[99.2275961,13.202975],[99.2277238,13.2028886],[99.2277604,13.2028577],[99.2277713,13.2028436],[99.2278532,13.2027387],[99.2280354,13.2024679],[99.2285407,13.2017983],[99.2288094,13.2014568],[99.2293056,13.2009224],[99.2299765,13.2003436],[99.2307101,13.1996082],[99.2311168,13.1992295],[99.2315419,13.1987272],[99.2315686,13.1986831],[99.231814,13.1982775],[99.2320102,13.1979124],[99.2322304,13.1973952],[99.2327573,13.1966318],[99.2328676,13.196472],[99.233305,13.195789],[99.2336046,13.1953055],[99.2338284,13.1948863],[99.2339317,13.1947003],[99.2339902,13.1945651],[99.2340211,13.1944787],[99.2340505,13.194303],[99.2340622,13.1942],[99.234058,13.194168],[99.2340194,13.1938795],[99.2340203,13.1937667],[99.2340557,13.1936702],[99.2340755,13.1936323],[99.2342753,13.1933956],[99.2351581,13.1926391],[99.2356682,13.1922391],[99.2358769,13.1920756],[99.2365482,13.191494],[99.2371665,13.1908584],[99.2377177,13.1902057],[99.2388747,13.1883595],[99.2391742,13.1878186],[99.2393051,13.187592],[99.2394084,13.1874635],[99.239753,13.1871455],[99.2400424,13.1868715],[99.2402629,13.1866652],[99.2405869,13.1864554],[99.2408592,13.1863335],[99.2412006,13.1862284],[99.241573,13.1861773],[99.2419511,13.1862001],[99.2420145,13.186204],[99.2423823,13.1862551],[99.2434009,13.1862753],[99.2434892,13.1862807],[99.2437251,13.1862953],[99.2439079,13.1863086],[99.2440804,13.1862949],[99.2443459,13.1862609],[99.2445562,13.1862235],[99.2447735,13.186176],[99.2449631,13.186115],[99.245201,13.1860506],[99.2454526,13.1859489],[99.2455698,13.1858677],[99.2457249,13.1857459],[99.2458386,13.1856208],[99.2459556,13.185428],[99.2460347,13.1851813],[99.2460723,13.1848602],[99.2460667,13.184604],[99.2460651,13.1845324],[99.2460267,13.1840695],[99.2460265,13.1838735],[99.2460298,13.1837451],[99.2460642,13.1836166],[99.2461158,13.1835321],[99.2461572,13.1834881],[99.2461642,13.1834775],[99.246202,13.1834205],[99.2462191,13.1833596],[99.2462294,13.1832887],[99.2462086,13.1831873],[99.2461913,13.1830281],[99.2460757,13.181967],[99.2461607,13.181312],[99.2461806,13.1812647],[99.2463976,13.1807469],[99.2465198,13.1804553],[99.2471186,13.1794975],[99.2473958,13.1792617],[99.2481322,13.178635],[99.2481459,13.1786234],[99.2492418,13.1776987],[99.2497642,13.1773994],[99.2500639,13.1772277],[99.2502108,13.1770613],[99.2505089,13.1767235],[99.2509278,13.1762555],[99.2510053,13.1761689],[99.2510352,13.175954],[99.2512817,13.1741794],[99.2513448,13.1737252],[99.2514719,13.1735106],[99.251861,13.1729966],[99.2521882,13.1725569],[99.2524086,13.172283],[99.2527256,13.1719853],[99.2531356,13.1716233],[99.2535137,13.1712205],[99.2536213,13.1711058],[99.2536291,13.1710989],[99.2537419,13.1709975],[99.2539177,13.1709095],[99.2541004,13.1708147],[99.2542367,13.1707691],[99.2544244,13.1707062],[99.2547554,13.1706316],[99.2551028,13.1705301],[99.2552242,13.1704554],[99.255338,13.1703809],[99.2554379,13.1703031],[99.2555171,13.170205],[99.2555755,13.1699752],[99.2555666,13.1698333],[99.2555481,13.1695368],[99.2555194,13.1690763],[99.2555261,13.1688769],[99.2555397,13.1686809],[99.2555809,13.1685863],[99.2556498,13.1684916],[99.2557196,13.1684398],[99.2574141,13.167182],[99.2579912,13.1664379],[99.2586438,13.1654162],[99.2588637,13.1650719],[99.2591434,13.1646642],[99.2594112,13.1642738],[99.2596074,13.1639728],[99.2598382,13.163709],[99.2601137,13.1633201],[99.2603375,13.1630495],[99.2607666,13.162734],[99.2615367,13.1621677],[99.2625811,13.1613997],[99.2628422,13.1612077],[99.2629531,13.1611261],[99.2632044,13.1609413],[99.2632802,13.1608534],[99.2633353,13.1607756],[99.2633834,13.1606742],[99.2633868,13.1605964],[99.2633902,13.160512],[99.2633694,13.1604038],[99.2632297,13.1601782],[99.2631828,13.1600729],[99.2631206,13.1599479],[99.263086,13.1598736],[99.2630859,13.1597587],[99.2630996,13.1596674],[99.263134,13.1595897],[99.2633646,13.1591907],[99.2635436,13.1588931],[99.2636261,13.1586598],[99.2637259,13.1584874],[99.2640186,13.1580883],[99.2642322,13.1578245],[99.2642559,13.1577976],[99.264428,13.1575247],[99.2646848,13.156928],[99.2650575,13.1557184],[99.2651538,13.1554648],[99.2652088,13.155333],[99.2652639,13.1552653],[99.265536,13.1549102],[99.2658045,13.1545619],[99.2659595,13.1543758],[99.2660973,13.1542743],[99.2664144,13.1540645],[99.2667624,13.1538174],[99.2671448,13.1535365],[99.2674755,13.1531881],[99.2676374,13.1530021],[99.2677407,13.1528803],[99.2678164,13.1527248],[99.2679196,13.1525287],[99.2679988,13.152407],[99.2682295,13.1521161],[99.2685774,13.1517879],[99.2687014,13.1516594],[99.2689288,13.1514463],[99.2689928,13.1513834],[99.2691734,13.1512061],[99.2693215,13.1510809],[99.2694179,13.1509727],[99.2694799,13.1508712],[99.2695143,13.1507698],[99.2695203,13.1507378],[99.2695833,13.1506072],[99.2697985,13.1498191],[99.2698048,13.1497951],[99.2699362,13.1492937],[99.2700743,13.1490987],[99.2706274,13.1490073],[99.2719195,13.1487936],[99.2734158,13.149164],[99.2737002,13.1492344],[99.2745148,13.149613],[99.2757232,13.1501746],[99.2758801,13.1502475],[99.2778736,13.1509745],[99.277999,13.1510234],[99.2801331,13.1518573],[99.282143,13.152495],[99.2822595,13.152532],[99.2840675,13.1535716],[99.2874443,13.1556769],[99.2895184,13.1570286],[99.2911936,13.1580682],[99.293002,13.1594202],[99.2930403,13.159448],[99.2947572,13.1606941],[99.2958474,13.1613177],[99.2965432,13.1615567],[99.2972828,13.1618108],[99.2980795,13.1621064],[99.2997364,13.1627212],[99.2999412,13.1627972],[99.301164,13.1632384],[99.3018801,13.1636102],[99.3020148,13.1636801],[99.3026533,13.1642782],[99.3033715,13.1649023],[99.3041427,13.1654742],[99.3053126,13.1660196],[99.3060129,13.1664552],[99.3067751,13.1669292],[99.3074191,13.1672099],[99.3079283,13.1676173],[99.3082378,13.1678649],[99.3091686,13.1685668],[99.3101531,13.1696071],[99.3110309,13.1703612],[99.3119352,13.170985],[99.3124404,13.1712448],[99.3136099,13.1715298],[99.3142213,13.1716897],[99.3146997,13.1718149],[99.3149385,13.1719051],[99.3155239,13.1721263],[99.3158249,13.1722876],[99.3163482,13.172568],[99.3169035,13.1729235],[99.3171194,13.1730618],[99.3171855,13.1731326],[99.3179443,13.173946],[99.3180036,13.1740086],[99.3192207,13.1752934],[99.3198311,13.1755462],[99.320712,13.1759111],[99.320737,13.1759215],[99.3232359,13.1767516],[99.3235497,13.1770144],[99.3236936,13.177135],[99.324167,13.1775316],[99.3249389,13.1785461],[99.3251306,13.1789828],[99.3251432,13.1790113],[99.3254663,13.1797476],[99.3254672,13.1797729],[99.3254032,13.1804723],[99.3253988,13.1805208],[99.3254222,13.1808733],[99.3254456,13.1812183],[99.3255301,13.1814507],[99.325998,13.1821852],[99.3261899,13.182605],[99.3261981,13.182633],[99.3262939,13.1829628],[99.3260309,13.183735],[99.3254787,13.1848207],[99.3253152,13.1855011],[99.3252408,13.1858104],[99.3252025,13.1860122],[99.3250825,13.1866439],[99.3246579,13.187087],[99.3238347,13.1875307],[99.3221082,13.1881318],[99.3219333,13.1881785],[99.3218253,13.1882073],[99.3212858,13.1883514],[99.3205409,13.1885504],[99.3199571,13.1892281],[99.3198585,13.1893977],[99.3197526,13.1895799],[99.3196814,13.1897023],[99.3196389,13.1897753],[99.319534,13.1907909],[99.3196416,13.1918323],[99.3197494,13.1929519],[99.3196706,13.1937331],[99.3196565,13.1941763],[99.3195685,13.196936],[99.3194717,13.1982802],[99.3194594,13.1983456],[99.3192793,13.1993058],[99.3190838,13.1997408],[99.3187758,13.2004261],[99.3187364,13.2015058],[99.3186988,13.2025353],[99.3188973,13.2043518],[99.3189946,13.2052429],[99.3191131,13.2070067],[99.3191122,13.2070507],[99.3191044,13.2074206],[99.3190979,13.2077327],[99.3190981,13.2079044],[99.3190982,13.2079303],[99.3190983,13.2080655],[99.319206,13.2083456],[99.3193081,13.2084985],[99.3194311,13.2086825],[99.3196776,13.2089134],[99.3199831,13.2091995],[99.3208876,13.2099014],[99.3210208,13.2101617],[99.3210315,13.2102826],[99.3211557,13.2116978],[99.3212371,13.2129215],[99.3214176,13.2133222],[99.3215195,13.2135482],[99.3215303,13.213572],[99.3216814,13.2138251],[99.3221968,13.2146882],[99.322276,13.2148209],[99.3226219,13.2150809],[99.3234459,13.215184],[99.3241383,13.2150512],[99.3244024,13.2150005],[99.3248012,13.2151042],[99.3250457,13.2154625],[99.3250939,13.2157262],[99.3247251,13.2178383],[99.3246271,13.2187949],[99.3246305,13.2188209],[99.3245483,13.2193225],[99.324337,13.2197082],[99.3237989,13.2200927],[99.3236718,13.2201835],[99.3235104,13.2203997],[99.3233514,13.2206127],[99.3233394,13.2206287],[99.3232192,13.2212812],[99.3232134,13.2215089],[99.3231904,13.222408],[99.3233121,13.2228526],[99.3237058,13.2230894],[99.3238476,13.2231225],[99.3244627,13.2232663],[99.3258244,13.2230274],[99.3272769,13.2228179],[99.3280064,13.2225851],[99.3283963,13.2224607],[99.3295151,13.2217179],[99.3302379,13.2214461],[99.3305437,13.2213311],[99.3307755,13.2213242],[99.3307915,13.2213323],[99.3314816,13.2211224],[99.3324687,13.2205127],[99.3325401,13.2204686],[99.3325602,13.2204628],[99.3332669,13.2202566],[99.3333569,13.2202304],[99.3346282,13.220288],[99.3352341,13.220732],[99.3357927,13.2213478],[99.3360751,13.2216591],[99.3364162,13.2220351],[99.3367169,13.2225674],[99.3369167,13.2231395],[99.3369417,13.2235462],[99.3369636,13.2239025],[99.337086,13.2245376],[99.3371465,13.2248511],[99.3372687,13.2254258],[99.3372961,13.2255547],[99.3373293,13.2257108],[99.3377593,13.2264624],[99.3379057,13.2267182],[99.3379571,13.2268415],[99.3384279,13.2274918],[99.3385729,13.2276921],[99.3387779,13.2281811],[99.3388062,13.2285748],[99.3388361,13.2289915],[99.3388705,13.2294708],[99.3383282,13.2313174],[99.3381931,13.2321182],[99.3382391,13.2324962],[99.3385121,13.2329406],[99.3405564,13.2338274],[99.3411451,13.2340229],[99.341249,13.2340574],[99.3416238,13.2341818],[99.3422963,13.2345923],[99.3426376,13.2350336],[99.3427605,13.2353812],[99.3429893,13.236693],[99.3430566,13.2368678],[99.3430802,13.2369294],[99.3433311,13.2375821],[99.3441725,13.238604],[99.345081,13.2392568],[99.3451269,13.2393106],[99.3451573,13.2393342],[99.3454921,13.2395942],[99.3461663,13.2401177],[99.3463087,13.2402282],[99.3488129,13.2423688],[99.3497321,13.2434994],[99.3503188,13.2438789],[99.3506935,13.2439618],[99.351238,13.2437442],[99.3517898,13.2430693],[99.3521765,13.2424654],[99.3522408,13.2422248],[99.3526297,13.24069],[99.3531904,13.2398703],[99.3533263,13.2396716],[99.3548732,13.2379682],[99.3561139,13.2364653],[99.3570988,13.2346459],[99.3572417,13.2344303],[99.3578088,13.233575],[99.3578293,13.2335441],[99.3578725,13.2335144],[99.3583905,13.2331596],[99.3594257,13.232672],[99.3594449,13.232663],[99.3606031,13.2326395],[99.3620821,13.232909],[99.3628738,13.2331014],[99.364531,13.233504],[99.3670335,13.2340058],[99.3672421,13.2340477],[99.3673807,13.234043],[99.3677558,13.2340303],[99.368249,13.2336794],[99.3690382,13.2325458],[99.3691068,13.2324473],[99.3691325,13.2324105],[99.3692094,13.2322809],[99.3693835,13.2319879],[99.370302,13.2304413],[99.3708306,13.2295225],[99.3711873,13.2289716],[99.3713459,13.2288157],[99.3715443,13.2286208],[99.3717139,13.2281702],[99.3717195,13.2278351],[99.3717345,13.2269335],[99.3717607,13.225368],[99.3716522,13.2240132],[99.371519,13.2231834],[99.3713306,13.2223998],[99.3711934,13.2217662],[99.3711931,13.2215473],[99.3711931,13.2215327],[99.3712266,13.221199],[99.371384,13.220998],[99.3715665,13.2207649],[99.3716836,13.2206903],[99.372774,13.2199959],[99.3741075,13.2194393],[99.374259,13.2193946],[99.3789227,13.2180181],[99.3796546,13.2174261],[99.3799087,13.2172206],[99.3811235,13.2166558],[99.3815721,13.2164472],[99.3817475,13.2163957],[99.3820924,13.2162945],[99.3829939,13.21603],[99.3834832,13.2159771],[99.3841398,13.2159062],[99.3843859,13.2158796],[99.3850675,13.2157292],[99.3866852,13.2153721],[99.3874346,13.2150968],[99.3885193,13.2146984],[99.3887118,13.2146277],[99.3890018,13.2145511],[99.3904059,13.2141804],[99.3918277,13.2137334],[99.3927387,13.213209],[99.3930674,13.2130199],[99.3935817,13.2128708],[99.3939664,13.2130504],[99.3942783,13.2131959],[99.3948938,13.2140725],[99.3951073,13.2143764],[99.3957343,13.2152693],[99.3964936,13.216899],[99.3971159,13.2174488],[99.3971301,13.2174614],[99.3973247,13.217658],[99.3975124,13.2177592],[99.3980083,13.2177862],[99.3987949,13.2176367],[99.3993994,13.217102],[99.4001037,13.2157009],[99.4007569,13.2144016],[99.4009759,13.2141284],[99.4015422,13.2134218],[99.4024192,13.213035],[99.402881,13.2129646],[99.4030188,13.2129436],[99.4032059,13.2129151],[99.4033387,13.2129218],[99.4046035,13.212985],[99.4049312,13.2130014],[99.406588,13.2131411],[99.4066565,13.2131469],[99.4068535,13.2130223],[99.4068803,13.2130054],[99.4070798,13.2128793],[99.4075084,13.2119631],[99.4079543,13.2110099],[99.4086183,13.2099275],[99.4091013,13.20914],[99.409886,13.2078341],[99.4099404,13.2077373],[99.4107727,13.2062585],[99.4108214,13.2061721],[99.4109358,13.2057546],[99.4110981,13.2051623],[99.4114328,13.203941],[99.4119951,13.2022265],[99.4125381,13.2012174],[99.4127714,13.2009781],[99.413233,13.2005047],[99.414223,13.1993503],[99.4145317,13.1989903],[99.4154688,13.1983365],[99.416376,13.1979199],[99.4181942,13.1976058],[99.418282,13.1975906],[99.4201586,13.1973864],[99.4202184,13.1973799],[99.4202291,13.1973811],[99.4217232,13.1975543],[99.4230941,13.1979681],[99.4235808,13.1980704],[99.4237684,13.1981098],[99.4242145,13.1982035],[99.424557,13.198203],[99.4249398,13.1982023],[99.4255158,13.1982014],[99.4261998,13.1983916],[99.4262752,13.1984126],[99.4265756,13.1984961],[99.4273322,13.1985542],[99.4274867,13.1985287],[99.4280583,13.1984344],[99.4286024,13.198048],[99.4289343,13.1978332],[99.4296649,13.1973605],[99.4297511,13.1973048],[99.4300169,13.1971553],[99.4308092,13.1967099],[99.4308739,13.1966558],[99.431552,13.1960878],[99.4316251,13.1960266],[99.4322895,13.1952249],[99.4324854,13.1945485],[99.4325903,13.1941865],[99.4327703,13.1932967],[99.4329647,13.1926669],[99.4331916,13.191932],[99.4333064,13.1915379],[99.4337157,13.1909476],[99.4344759,13.1903586],[99.4346171,13.1902492],[99.4346834,13.1902212],[99.4348302,13.1901593],[99.4349142,13.1901239],[99.4355737,13.1898456],[99.4358468,13.1895503],[99.4359002,13.1894451],[99.4360219,13.1892056],[99.4362011,13.1888529],[99.4367461,13.1876995],[99.436897,13.187294],[99.4370456,13.1868949],[99.4380284,13.185848],[99.4382383,13.1856892],[99.4390937,13.1850421],[99.4394841,13.1848455],[99.4402688,13.1844504],[99.4408825,13.1841244],[99.4416351,13.1837244],[99.4424826,13.183455],[99.4434125,13.1834265],[99.4444249,13.1836392],[99.4456844,13.1843071],[99.4464505,13.1844665],[99.4482285,13.1844902],[99.4500544,13.1848499],[99.4501165,13.1848622],[99.4512659,13.1852086],[99.4519501,13.1854218],[99.4527571,13.1854922],[99.4531538,13.1855268],[99.4540136,13.1857279],[99.4561706,13.1862322],[99.45672,13.1862624],[99.4592277,13.1864005],[99.4603765,13.1863716],[99.460655,13.1862604],[99.4613878,13.1859678],[99.462638,13.1850894],[99.4627263,13.1850273],[99.4629527,13.1848339],[99.4639439,13.1839877],[99.4642604,13.184142],[99.464633,13.1848451],[99.465738,13.1871482],[99.4660094,13.187621],[99.467128,13.1887626],[99.4682247,13.1901007],[99.4686102,13.1914669],[99.4691228,13.1925802],[99.4692021,13.1927002],[99.4692379,13.1927543],[99.4694012,13.1928679],[99.4697381,13.1931022],[99.4701303,13.1934498],[99.4717429,13.1947061],[99.4722328,13.1950877],[99.4722552,13.1951052],[99.4736357,13.1963582],[99.473817,13.1965228],[99.4754104,13.1980997],[99.4757903,13.1984756],[99.4762309,13.199088],[99.4763443,13.1992456],[99.4766954,13.1997336],[99.4772384,13.2000561],[99.4775841,13.2002614],[99.4777754,13.2003154],[99.4778647,13.2003406],[99.4778758,13.2003437],[99.4781459,13.200467],[99.4783297,13.2005173],[99.4784675,13.2005114],[99.4786569,13.2005054],[99.4790701,13.2004371],[99.4791118,13.2004492],[99.4797055,13.2003176],[99.4804161,13.2000215],[99.4805074,13.1999291],[99.4806516,13.1997835],[99.4813989,13.199028],[99.481618,13.1985244],[99.4819534,13.1977535],[99.4820525,13.1975259],[99.4826178,13.1960333],[99.4828144,13.1955143],[99.4835179,13.1945538],[99.4841512,13.1936893],[99.4851617,13.1929101],[99.4858436,13.191944],[99.4862782,13.1914096],[99.4863894,13.1912729],[99.4864586,13.1912558],[99.4866647,13.1912049],[99.4870073,13.1911203],[99.4871549,13.1910839],[99.487702,13.1911364],[99.4877566,13.1911897],[99.4882776,13.1916982],[99.4892186,13.1920769],[99.4892626,13.192078],[99.48972,13.1920892],[99.4898483,13.1920924],[99.4903568,13.1919086],[99.4914526,13.1910616],[99.4915039,13.1910219],[99.4915691,13.1909766],[99.4924326,13.1903769],[99.4931699,13.1897859],[99.4936057,13.1888738],[99.4936527,13.1886951],[99.493684,13.1885756],[99.4938328,13.1880085],[99.4938626,13.1879326],[99.4940406,13.1874793],[99.49445,13.1870497],[99.4948054,13.1869418],[99.4950943,13.1869324],[99.4956806,13.1869133],[99.4962,13.186692],[99.4966918,13.1864825],[99.4972061,13.1861259],[99.4978936,13.1856493],[99.497913,13.1856474],[99.4995344,13.1854853],[99.4996125,13.1854185],[99.5001624,13.1849481],[99.500288,13.1846181],[99.5004203,13.1842703],[99.5005705,13.1838752],[99.5006769,13.1820968],[99.5006961,13.1817751],[99.5007293,13.1812216],[99.5008168,13.1808407],[99.5008648,13.1806317],[99.5013838,13.1802822],[99.5014492,13.1802777],[99.5025871,13.1801995],[99.5028384,13.1801963],[99.5048882,13.1801704],[99.5051034,13.1801677],[99.5066629,13.1803791],[99.5069578,13.1806204],[99.5075122,13.1810742],[99.507936,13.1817213],[99.5081433,13.1820378],[99.5086798,13.1830578],[99.5086925,13.183082],[99.5090236,13.184475],[99.509242,13.185708],[99.5093557,13.1863504],[99.5094951,13.1876366],[99.5094967,13.1884061],[99.5094979,13.1889499],[99.5095543,13.1898074],[99.5097891,13.1903222],[99.509994,13.1907714],[99.5104054,13.1911538],[99.511145,13.1918412],[99.5115942,13.1922795],[99.5120694,13.1927432],[99.5121073,13.1927513],[99.512215,13.1927849],[99.5122926,13.1928649],[99.5124048,13.1929659],[99.5125384,13.1930331],[99.5127711,13.1931128],[99.5130339,13.1931756],[99.5133181,13.193175],[99.5135463,13.1931746],[99.5136798,13.193187],[99.5138004,13.1932205],[99.5141066,13.1934519],[99.5146241,13.1938432],[99.5147794,13.1939737],[99.5149305,13.1941759],[99.5149738,13.1942897],[99.514987,13.1944163],[99.5149872,13.194488],[99.51494,13.1945767],[99.5147853,13.1947457],[99.5146737,13.1949063],[99.5145841,13.1951831],[99.5145112,13.1954087],[99.5145245,13.1956238],[99.5145333,13.195704],[99.5145373,13.1957323],[99.5145464,13.1957967],[99.5145465,13.1958347],[99.5145468,13.1959697],[99.5144915,13.1962989],[99.5144659,13.1964258],[99.5144318,13.1965943],[99.5144321,13.1967285],[99.5144321,13.1967462],[99.5144626,13.1969149],[99.5144931,13.1970921],[99.5145193,13.1972481],[99.5145324,13.1973325],[99.5145284,13.1974843],[99.5145071,13.1975941],[99.5144257,13.197801],[99.5143013,13.198008],[99.5142156,13.1981895],[99.5141943,13.198333],[99.5142205,13.1985144],[99.5142251,13.1986199],[99.5141909,13.1987634],[99.514105,13.1988774],[99.5140974,13.1988845],[99.5139718,13.1990001],[99.5138945,13.1990973],[99.5138516,13.1991733],[99.5138518,13.1992534],[99.5138606,13.1993631],[99.5138824,13.1994728],[99.5139429,13.1995908],[99.5140466,13.1997832],[99.5142585,13.2001766],[99.5149002,13.2019328],[99.5158932,13.2033956],[99.5161209,13.203731],[99.5167782,13.2044855],[99.5173309,13.2051199],[99.5175728,13.2053976],[99.5179855,13.2058713],[99.5180871,13.2060161],[99.5183127,13.2063378],[99.5183267,13.2063578],[99.5186038,13.2067528],[99.518913,13.2071936],[99.5190555,13.2073968],[99.5196259,13.2080646],[99.5197044,13.2081565],[99.5202188,13.2086082],[99.5207277,13.2090551],[99.5209688,13.2092315],[99.5212342,13.2094256],[99.5217491,13.2097844],[99.5221234,13.2099668],[99.5225376,13.2100379],[99.5228981,13.2100372],[99.5232385,13.2099776],[99.5234871,13.2098467],[99.5235694,13.2097745],[99.5236919,13.2096299],[99.5239048,13.2092697],[99.5240978,13.2090011],[99.5242578,13.2088634],[99.5244379,13.2087779],[99.5247315,13.2086923],[99.5252188,13.208639],[99.5259265,13.2085786],[99.5264138,13.2085384],[99.5268143,13.208459],[99.5271003,13.2083899],[99.5271146,13.2083865],[99.5275683,13.2082154],[99.5279952,13.2080314],[99.528302,13.2078803],[99.5283881,13.2078252],[99.528644,13.2076613],[99.5292982,13.2071457],[99.5290998,13.2095606],[99.5290496,13.2101724],[99.5286082,13.2116542],[99.5264391,13.2159271],[99.5241832,13.2212891],[99.5231214,13.2236868],[99.5226396,13.2270851],[99.5218892,13.2296564],[99.5195482,13.2368914],[99.5183973,13.2392893],[99.5167566,13.2413398],[99.5141387,13.2438713],[99.5126211,13.2451824],[99.5124341,13.2452378],[99.512264,13.2452663],[99.5119967,13.2452876],[99.5115651,13.2453861],[99.5113245,13.2454842],[99.5111006,13.2456473],[99.510968,13.2457777],[99.5108706,13.2459056],[99.5108138,13.2460408],[99.510782,13.2462171],[99.5107618,13.2464289],[99.5107738,13.2467406],[99.5108302,13.2470622],[99.5109799,13.2474859],[99.5111383,13.2477865],[99.5112635,13.2480873],[99.5113062,13.248294],[99.5113167,13.2484201],[99.5112896,13.2486566],[99.5111533,13.2492741],[99.5111408,13.2494023],[99.5111501,13.250117],[99.5111967,13.2512448],[99.5113168,13.2521846],[99.5114818,13.2531083],[99.5115934,13.2535687],[99.5118231,13.2542948],[99.5122832,13.2554797],[99.5123629,13.2556818],[99.5130806,13.2570924],[99.5134133,13.2576532],[99.5136961,13.2580024],[99.5142181,13.2584273],[99.5147111,13.2587474],[99.5152382,13.2591486],[99.51574,13.2596639],[99.5158638,13.2598221],[99.5160704,13.2601165],[99.5163016,13.26051],[99.516652,13.2612027],[99.5168925,13.2617492],[99.5169933,13.2620572],[99.5170357,13.2622425],[99.5170721,13.2626298],[99.5170564,13.2628768],[99.5169593,13.2631717],[99.5168763,13.2633484],[99.5166486,13.2636936],[99.5165162,13.2638672],[99.5163164,13.264072],[99.5157817,13.2645293],[99.5153176,13.2649037],[99.514986,13.2652104],[99.5147666,13.2654982],[99.5147079,13.2656013],[99.514579,13.26585],[99.5144675,13.2661562],[99.5144001,13.266406],[99.5143408,13.2667819],[99.5143418,13.2672537],[99.5144143,13.2677574],[99.5145143,13.2680892],[99.5146644,13.2684651],[99.5147907,13.2687184],[99.5148723,13.2689718],[99.5149113,13.2691856],[99.5149125,13.2697708],[99.5148315,13.2704062],[99.5145959,13.2713806],[99.5142682,13.2728337],[99.5140563,13.2735133],[99.5138439,13.2739944],[99.5135995,13.2744442],[99.5133869,13.2747895],[99.5132255,13.2751073],[99.5131104,13.2755258],[99.51309,13.2756574],[99.5131247,13.2760968],[99.5132649,13.2765157],[99.5136001,13.2770253],[99.5141931,13.2776823],[99.5157649,13.2793719],[99.5161393,13.2798831],[99.5162203,13.2800624],[99.5162622,13.2802056],[99.5162791,13.2804158],[99.5162641,13.2806445],[99.5161861,13.2810201],[99.5161718,13.2813213],[99.5162322,13.2815141],[99.5163137,13.2816487],[99.5164635,13.2818365],[99.5166562,13.2821391],[99.5167966,13.2824807],[99.5168174,13.2825776],[99.5168471,13.2828832],[99.5168257,13.2832699],[99.5167645,13.2835535],[99.516669,13.2837731],[99.5165173,13.2839615],[99.5163097,13.2841343],[99.5160879,13.2842655],[99.5158774,13.2843546],[99.5155422,13.2844415],[99.5151103,13.2845286],[99.5147583,13.2845763],[99.5144303,13.2846005],[99.5141182,13.2845776],[99.5138461,13.2845076],[99.5133573,13.2843321],[99.5132303,13.2843111],[99.5129975,13.2843056],[99.5127256,13.2843688],[99.5124778,13.284479],[99.5122141,13.2846677],[99.5120465,13.2848796],[99.5119115,13.2852018],[99.5118887,13.28533],[99.5119032,13.2855188],[99.5120181,13.2858264],[99.5121764,13.2861182],[99.5122421,13.2863683],[99.512249,13.2864847],[99.5122262,13.2866033],[99.5121386,13.2868308],[99.5119631,13.2870674],[99.5118595,13.2872781],[99.5118104,13.2875978],[99.5117796,13.2876818],[99.5117165,13.2877721],[99.5115902,13.287848],[99.5112885,13.287898],[99.510341,13.2881275],[99.50913,13.2882817],[99.5081747,13.2884597],[99.5076629,13.2886174],[99.5071389,13.2888442],[99.5067474,13.2890428],[99.5062242,13.2893413],[99.5057464,13.2896478],[99.5052826,13.2899979],[99.5050098,13.2902423],[99.504782,13.2905224],[99.5046795,13.2906868],[99.5046327,13.2907999],[99.5045953,13.291004],[99.5045957,13.2912149],[99.5046662,13.2915263],[99.5047522,13.2917517],[99.5052585,13.292663],[99.5053269,13.2928389],[99.5053876,13.2931648],[99.505385,13.2934703],[99.5053527,13.2936397],[99.5052797,13.2938343],[99.5051131,13.2941353],[99.504748,13.2945678],[99.5043687,13.2949249],[99.5037403,13.2954486],[99.5030375,13.2960769],[99.5015041,13.297501],[99.5007803,13.2983384],[99.4997586,13.299563],[99.4992587,13.3003267],[99.4988866,13.3009858],[99.4987614,13.3012502],[99.498672,13.3015325],[99.4986485,13.3017735],[99.498667,13.3020321],[99.4987529,13.3023004],[99.498842,13.3024785],[99.4990121,13.3026938],[99.4991266,13.3028083],[99.4993362,13.3029604],[99.4999118,13.3032346],[99.5001159,13.3033134],[99.500359,13.303384],[99.5006496,13.3034356],[99.5017608,13.3035307],[99.502589,13.3035232],[99.5027282,13.3035381],[99.5028676,13.3035818],[99.5029736,13.303667],[99.5030397,13.3037965],[99.5030409,13.3039309],[99.5030036,13.3040448],[99.5028293,13.3042862],[99.5027516,13.3044274],[99.50274,13.3046272],[99.5027824,13.304827],[99.5027888,13.3050033],[99.5027293,13.3052621],[99.5026802,13.3053928],[99.5026729,13.3056077],[99.5026981,13.3057325],[99.5027425,13.3058498],[99.5032059,13.3064484],[99.5033264,13.3066715],[99.5033928,13.3068477],[99.5034473,13.3071117],[99.5034189,13.3078645],[99.5034197,13.3082701],[99.5034199,13.3083465],[99.5034502,13.3084992],[99.5035646,13.3086871],[99.503799,13.3088688],[99.5039494,13.3090507],[99.5040305,13.3091995],[99.5040545,13.3092961],[99.5040651,13.3098264],[99.5040956,13.3100673],[99.504144,13.3102612],[99.5042284,13.310455],[99.5043609,13.3106722],[99.5050591,13.3116171],[99.505384,13.3120161],[99.5056907,13.312327],[99.5062679,13.3128431],[99.5066406,13.313101],[99.5068312,13.3132136],[99.5069832,13.3132761],[99.5073244,13.3133713],[99.5077296,13.3134366],[99.5082294,13.313472],[99.5093907,13.3134862],[99.5095359,13.3135057],[99.5096919,13.3135893],[99.5097794,13.3137102],[99.5098,13.3138432],[99.5097792,13.3139694],[99.5097329,13.314074],[99.5096589,13.3141866],[99.509541,13.3143124],[99.5093051,13.3145013],[99.5090693,13.3146577],[99.5089709,13.314745],[99.508778,13.3150225],[99.5086585,13.3152994],[99.5086284,13.3154119],[99.5086044,13.3156514],[99.5086489,13.3159325],[99.5086871,13.3160201],[99.5088361,13.316238],[99.5090446,13.3164398],[99.5093973,13.3167134],[99.5103103,13.3173393],[99.5107192,13.3175237],[99.5109151,13.3175729],[99.5110941,13.317589],[99.5114147,13.3175686],[99.5115902,13.3175285],[99.5118601,13.3174354],[99.5129393,13.3169175],[99.5134705,13.3166974],[99.5139743,13.3165396],[99.5144702,13.3164524],[99.5147343,13.3164362],[99.5152864,13.3164351],[99.5156146,13.3164501],[99.5159267,13.3164887],[99.5163271,13.3166211],[99.5165435,13.316746],[99.5166558,13.3168869],[99.5167542,13.3170531],[99.5167852,13.3171472],[99.516833,13.3174508],[99.5168118,13.3187674],[99.5168365,13.319073],[99.5169152,13.3193238],[99.5170761,13.3196737],[99.5174246,13.3205723],[99.5174973,13.3209028],[99.5175388,13.3213435],[99.5175225,13.3215205],[99.5174722,13.3217757],[99.517405,13.3219653],[99.5171809,13.322389],[99.5169406,13.3226869],[99.5166869,13.3229499],[99.5163769,13.3232106],[99.5160202,13.3234523],[99.5155902,13.3237015],[99.5153429,13.3238651],[99.5152441,13.3239579],[99.5151723,13.3240638],[99.5151052,13.3242535],[99.5151054,13.3243681],[99.5151352,13.3245141],[99.5152242,13.3248076],[99.5154408,13.3253151],[99.515588,13.3255759],[99.5160096,13.326231],[99.5163707,13.3268245],[99.5165174,13.3270861],[99.5166483,13.327439],[99.5168646,13.3281271],[99.5170744,13.3288769],[99.5171471,13.3291903],[99.5172032,13.3297142],[99.5171978,13.3299846],[99.5170979,13.3310075],[99.5170835,13.3314822],[99.5171054,13.3317681],[99.5171663,13.3321359],[99.517227,13.3324355],[99.5173417,13.3327645],[99.517643,13.3333105],[99.517809,13.3335753],[99.5179895,13.3337899],[99.5182912,13.3340394],[99.5186113,13.334243],[99.51908,13.3344654],[99.5194043,13.3345764],[99.5199396,13.334733],[99.5202152,13.3348569],[99.5204617,13.3350151],[99.5206601,13.3351969],[99.5208045,13.3353553],[99.520925,13.3355784],[99.5210097,13.3358604],[99.5210529,13.3364245],[99.5210478,13.3368654],[99.5210071,13.3374708],[99.5210078,13.3377876],[99.521079,13.3381295],[99.5210996,13.3385408],[99.5210591,13.3391133],[99.5209679,13.3394242],[99.5208599,13.3396943],[99.5207101,13.3399236],[99.5204852,13.3401939],[99.5198268,13.3408168],[99.5196853,13.3410542],[99.5196023,13.3412752],[99.5195944,13.3414796],[99.5196448,13.3416431],[99.5197455,13.3418636],[99.5199382,13.3421495],[99.5201225,13.3424108],[99.5205244,13.3429251],[99.5207839,13.343219],[99.521219,13.3436106],[99.5215201,13.3437981],[99.5227321,13.3443189],[99.5229495,13.3444411],[99.5231329,13.3446013],[99.523346,13.3449248],[99.524255,13.3461396],[99.5252963,13.3473506],[99.5254506,13.3475452],[99.5257074,13.3479417],[99.5257728,13.3480939],[99.5258204,13.348336],[99.5258208,13.3484932],[99.5257435,13.3488637],[99.5257319,13.3490165],[99.5257495,13.3491077],[99.5258283,13.3491985],[99.5259846,13.3493217],[99.5260989,13.349439],[99.5261893,13.3495622],[99.526298,13.349897],[99.5263707,13.3501966],[99.5264613,13.3504433],[99.5265563,13.3505996],[99.5267261,13.3507895],[99.527129,13.3511618],[99.5274744,13.3513772],[99.5278923,13.3515784],[99.5280177,13.3516878],[99.5280538,13.3517502],[99.528096,13.3519054],[99.528084,13.3521331],[99.528038,13.352315],[99.5279425,13.3525562],[99.5278108,13.3527151],[99.527643,13.3528507],[99.5274331,13.3529451],[99.5267852,13.3531111],[99.5266739,13.3531593],[99.5266154,13.3532125],[99.5265769,13.3532832],[99.5265458,13.3534392],[99.526546,13.3535465],[99.5266438,13.3543222],[99.5266256,13.3545454],[99.5265964,13.3546441],[99.5265374,13.3547275],[99.5264855,13.3547626],[99.5261878,13.3548634],[99.5259427,13.3549173],[99.5256727,13.3549413],[99.5253125,13.3549479],[99.5250724,13.3549367],[99.5248562,13.3549078],[99.5238111,13.3545808],[99.5236069,13.3545577],[99.5234202,13.354617],[99.523385,13.3546463],[99.523342,13.354764],[99.5233375,13.354905],[99.5233842,13.3556484],[99.5233851,13.3560623],[99.5233453,13.3562684],[99.523283,13.3564148],[99.5232406,13.3564709],[99.5231351,13.3565583],[99.5227293,13.3567636],[99.5223692,13.3569675],[99.522293,13.3570409],[99.5222079,13.3571644],[99.5221781,13.3572702],[99.5221726,13.3575053],[99.5222159,13.3578648],[99.5222211,13.3581821],[99.522288,13.359324],[99.5222965,13.3597415],[99.5222654,13.3601961],[99.5222184,13.3606508],[99.5219888,13.3618111],[99.5218696,13.362211],[99.5216865,13.3626738],[99.521639,13.3629325],[99.5216235,13.3631441],[99.5216577,13.3632838],[99.5216889,13.3633331],[99.5217364,13.3633793],[99.5218636,13.36346],[99.5219971,13.3635174],[99.5221658,13.3635403],[99.5226968,13.3635337],[99.52299,13.3635508],[99.5232641,13.3636414],[99.5233295,13.3636892],[99.523474,13.3638926],[99.5235627,13.3641902],[99.5235791,13.3643737],[99.5235404,13.364548],[99.5234597,13.364692],[99.523268,13.3648962],[99.522541,13.3655325],[99.5221974,13.3657996],[99.521838,13.3661452],[99.5216226,13.3664513],[99.5215111,13.3667179],[99.5212864,13.3679387],[99.5212742,13.3682466],[99.5212808,13.368649],[99.5213333,13.3690282],[99.5213643,13.3691633],[99.5215334,13.3696567],[99.5216962,13.3699679],[99.5218955,13.3702731],[99.5223935,13.3708824],[99.5227356,13.3712195],[99.523061,13.3714394],[99.5234636,13.3716031],[99.5241722,13.3717368],[99.5249993,13.3717493],[99.5252709,13.3717397],[99.5262011,13.3716504],[99.5266633,13.3716318],[99.5269875,13.3716487],[99.5271835,13.3716858],[99.5273276,13.3717366],[99.5274321,13.3717947],[99.5275705,13.3719531],[99.527655,13.3721587],[99.5276914,13.3723526],[99.5276979,13.3725759],[99.5276673,13.3727137],[99.5275748,13.3729393],[99.5274368,13.3731488],[99.5268841,13.3737708],[99.5263768,13.3742641],[99.5260573,13.3745307],[99.5257575,13.3747253],[99.5254877,13.3748551],[99.5246457,13.3751942],[99.5244403,13.3753228],[99.5237615,13.3760369],[99.5235531,13.3762091],[99.5227446,13.377004],[99.5225531,13.3772742],[99.5224868,13.3774951],[99.5225039,13.3776914],[99.5225794,13.3778466],[99.5228054,13.3780751],[99.5230196,13.3782537],[99.5231269,13.378417],[99.5231473,13.3785806],[99.5231208,13.3786984],[99.5230609,13.3788162],[99.5229343,13.3789604],[99.5220275,13.3798585],[99.5219676,13.3799895],[99.5219613,13.38014],[99.5220284,13.3803034],[99.5224593,13.3807681],[99.5232544,13.3817608],[99.5236025,13.3820741],[99.524388,13.3827354],[99.5251197,13.3833009],[99.5262022,13.3842564],[99.5264047,13.3844796],[99.5266509,13.3848015],[99.5268969,13.3851821],[99.5269429,13.3852867],[99.5269698,13.385455],[99.5269534,13.3856186],[99.5268952,13.3857578],[99.5267786,13.3858888],[99.5262451,13.3863888],[99.5261953,13.3865197],[99.5261873,13.3866833],[99.5264177,13.3872363],[99.526448,13.3875168],[99.5263982,13.387656],[99.5262903,13.3878001],[99.5260277,13.3879697],[99.5242599,13.3887933],[99.524035,13.3889128],[99.5238822,13.3890145],[99.5238193,13.3890896],[99.5237745,13.3892175],[99.5237613,13.3893321],[99.5238076,13.3895414],[99.52381,13.3896124],[99.5237789,13.3897045],[99.5237243,13.3897889],[99.5235757,13.3898736],[99.5225742,13.390282],[99.521424,13.390683],[99.5206494,13.3909836],[99.5203522,13.3911758],[99.520196,13.3913602],[99.5200634,13.3916058],[99.5199079,13.3921197],[99.5199007,13.3924264],[99.5199405,13.3927023],[99.5200038,13.3929935],[99.5201377,13.3933842],[99.5203581,13.3938974],[99.5207667,13.3945482],[99.5208375,13.3947244],[99.5208614,13.3948853],[99.5208618,13.395077],[99.5207765,13.3954681],[99.5206364,13.3958901],[99.5206055,13.3960511],[99.5206136,13.3962044],[99.5206766,13.396373],[99.5209912,13.396978],[99.5210385,13.3971312],[99.5210623,13.3972691],[99.5210312,13.3973995],[99.5209141,13.3975301],[99.5197876,13.3980767],[99.5196234,13.3981844],[99.5195531,13.3983072],[99.5195221,13.3984299],[99.5195538,13.3985909],[99.5197735,13.3988357],[99.5203382,13.3992409],[99.5208249,13.3997765],[99.5211155,13.4001516],[99.5213748,13.4005727],[99.5215665,13.4009567],[99.5213151,13.4012923],[99.5209471,13.4017164],[99.5208776,13.4018153],[99.5208396,13.4019126],[99.520824,13.4020477],[99.5209181,13.4024553],[99.5209378,13.4026068],[99.5209345,13.4026989],[99.520878,13.4028468],[99.520802,13.4029228],[99.5205498,13.4030594],[99.5204697,13.4031239],[99.5204058,13.4032659],[99.5204024,13.4033561],[99.5204317,13.4034602],[99.5205822,13.4037014],[99.5205932,13.4037829],[99.5205536,13.4038956],[99.5203265,13.4041884],[99.5202594,13.4043503],[99.5202615,13.4044218],[99.5202835,13.4044909],[99.5204989,13.4047526],[99.5205266,13.4048334],[99.5205261,13.4049313],[99.5203708,13.4051884],[99.5204019,13.405364],[99.5204845,13.4055438],[99.5207854,13.4059646],[99.5209648,13.4061916],[99.521274,13.4065227],[99.5217781,13.4069882],[99.5220899,13.4072536],[99.5226166,13.4077527],[99.522852,13.4079398],[99.5234284,13.4082938],[99.5235302,13.4083789],[99.523632,13.4084876],[99.5239734,13.408925],[99.5241804,13.409282],[99.52428,13.4094925],[99.5243751,13.4098309],[99.5244148,13.4103234],[99.5243861,13.4108212],[99.5242767,13.4113039],[99.5242673,13.4114555],[99.5242869,13.4115644],[99.5244085,13.4118861],[99.5244477,13.4120508],[99.5244527,13.4121938],[99.5244268,13.4125397],[99.5244466,13.4126613],[99.5245734,13.4129342],[99.5247006,13.4131266],[99.5248761,13.4133248],[99.5252057,13.4135514],[99.5254789,13.4137704],[99.525695,13.4140369],[99.5261004,13.4144192],[99.5261401,13.4144837],[99.5261579,13.4145611],[99.5261716,13.4148022],[99.5262157,13.414871],[99.5264359,13.415004],[99.5265472,13.4150208],[99.5266997,13.4149948],[99.5268053,13.4149989],[99.5269197,13.4150245],[99.5270078,13.4150846],[99.5271357,13.4152436],[99.5272737,13.4153561],[99.5273603,13.4153852],[99.5277429,13.4154102],[99.5279668,13.4154561],[99.5280862,13.4155214],[99.5281743,13.4155944],[99.5282449,13.4157019],[99.5284382,13.4160943],[99.5284725,13.4163907],[99.5285018,13.4165017],[99.5286915,13.4168276],[99.5287024,13.4169791],[99.5287272,13.4170514],[99.5287821,13.4171204],[99.5290196,13.4172264],[99.5292172,13.4174981],[99.5293124,13.4175943],[99.5293864,13.417639],[99.5294997,13.4176599],[99.5297101,13.4176589],[99.5298087,13.4176863],[99.5300553,13.4178029],[99.5301397,13.4178234],[99.5304457,13.4177676],[99.5305618,13.4177674],[99.5306498,13.4177844],[99.5307273,13.417829],[99.530819,13.4179356],[99.5310235,13.4181108],[99.5311573,13.4181622],[99.5313086,13.4181791],[99.5315584,13.4181682],[99.5316991,13.4181817],[99.5318364,13.4182227],[99.5319386,13.4182845],[99.5320655,13.4183876],[99.5321535,13.4184322],[99.5322415,13.4184492],[99.5330751,13.4183441],[99.5332194,13.4183541],[99.5336101,13.4184222],[99.5337226,13.4184151],[99.5339406,13.4183319],[99.5340531,13.4183042],[99.5341411,13.4183109],[99.5342208,13.4183456],[99.534349,13.418462],[99.5344547,13.41851],[99.5348066,13.4185678],[99.5351833,13.4186875],[99.5353383,13.4187733],[99.535638,13.4190482],[99.5357648,13.4191064],[99.5359197,13.4191371],[99.536078,13.4191437],[99.5366147,13.4191391],[99.5368516,13.419077],[99.5369821,13.4190152],[99.5371415,13.4189012],[99.5373459,13.4187213],[99.5374573,13.4186821],[99.5387433,13.4185982],[99.5395461,13.4184971],[99.5397686,13.4184824],[99.5401699,13.4183726],[99.5403392,13.4183628],[99.5405182,13.4183908],[99.5406145,13.4183906],[99.5407454,13.418324],[99.5409627,13.4181294],[99.5410545,13.4180771],[99.541214,13.4180294],[99.5415332,13.4179861]]]}},{"type":"Feature","id":"relation/18934601","properties":{"name_th":"อำเภอจอมบึง","name_en":"Chom Bueng District"},"geometry":{"type":"Polygon","coordinates":[[[99.4748273,13.5145695],[99.4752128,13.51353],[99.4752481,13.5124675],[99.4748566,13.5108724],[99.4735845,13.508832],[99.4729745,13.5077882],[99.4725077,13.5070217],[99.4723944,13.5067499],[99.4721913,13.505883],[99.4720615,13.5051783],[99.4720025,13.5050062],[99.4716115,13.5043358],[99.4711895,13.5037722],[99.4704318,13.5029118],[99.4700041,13.5022693],[99.4698335,13.5019629],[99.4697161,13.5016204],[99.4696962,13.5014693],[99.4697059,13.5013484],[99.4698446,13.5009284],[99.469967,13.5007169],[99.470331,13.5002352],[99.4703939,13.5000989],[99.4705267,13.4996625],[99.4706577,13.4988767],[99.4706971,13.498212],[99.4706893,13.4980389],[99.4703169,13.4959867],[99.4702132,13.4947971],[99.4701886,13.4941717],[99.470109,13.4932948],[99.470068,13.4922728],[99.470137,13.4916778],[99.4702607,13.4912101],[99.4702731,13.4911202],[99.4702395,13.4907849],[99.4702143,13.4907195],[99.4701117,13.4905563],[99.4700828,13.4904704],[99.4700403,13.4900763],[99.4700391,13.4894295],[99.4700102,13.4892909],[99.469812,13.4888717],[99.4696556,13.4886279],[99.4692814,13.4879393],[99.4692536,13.4878252],[99.4692556,13.4872374],[99.469338,13.4866998],[99.4696767,13.4856922],[99.4699014,13.4851531],[99.4699558,13.4850569],[99.4700791,13.484925],[99.4701445,13.4848964],[99.4707225,13.4848384],[99.471435,13.4847873],[99.4717258,13.4847369],[99.4718856,13.4846868],[99.4721363,13.4845689],[99.4723032,13.4844156],[99.4723612,13.4843337],[99.4724682,13.4840269],[99.4725094,13.4837819],[99.4725371,13.4834826],[99.4725353,13.4826277],[99.4724874,13.482009],[99.4725135,13.4819126],[99.4725833,13.4817851],[99.4726929,13.4816605],[99.4727948,13.4816046],[99.4729971,13.4815595],[99.473211,13.481567],[99.47342,13.4816114],[99.4736239,13.4816863],[99.4739911,13.4818699],[99.4746302,13.4821015],[99.4748309,13.4821416],[99.4749567,13.4821514],[99.4768644,13.4820654],[99.477153,13.4819926],[99.4776916,13.4818293],[99.4778113,13.481769],[99.4778912,13.4816983],[99.478331,13.481032],[99.4784509,13.4808028],[99.4785453,13.4805831],[99.4786113,13.4803647],[99.4786627,13.4799944],[99.4787392,13.4797711],[99.4788029,13.4796855],[99.479087,13.4794881],[99.4793321,13.4793868],[99.4797145,13.4792757],[99.4798438,13.4792092],[99.4802442,13.4789047],[99.4803065,13.4788252],[99.4803706,13.4787056],[99.4804638,13.4781766],[99.4806207,13.4775991],[99.4806808,13.4773949],[99.4808483,13.4770589],[99.4809758,13.4768875],[99.4816856,13.4763508],[99.4829814,13.4755065],[99.4853687,13.474625],[99.4854562,13.4745811],[99.4856067,13.4744948],[99.486353,13.4739483],[99.4866452,13.473789],[99.4869086,13.4736992],[99.4872935,13.4736217],[99.4877522,13.4735596],[99.4879318,13.4735593],[99.4882123,13.4735058],[99.488386,13.4734352],[99.4890621,13.47305],[99.4892455,13.4729671],[99.490078,13.4726907],[99.4906511,13.472581],[99.4908305,13.4725027],[99.4912622,13.4722453],[99.4913444,13.4721571],[99.4914058,13.4720396],[99.4916895,13.4712292],[99.4917564,13.4710899],[99.4923898,13.4701032],[99.4931961,13.4691034],[99.4933349,13.4689842],[99.4950522,13.4680592],[99.4952612,13.4679068],[99.4959145,13.4672033],[99.4959849,13.4670598],[99.4961062,13.4667085],[99.4961296,13.466604],[99.4962302,13.4657137],[99.4962671,13.465601],[99.4964244,13.4654174],[99.4965534,13.4653291],[99.4966224,13.4652998],[99.4984995,13.4646382],[99.4998415,13.4639939],[99.4999389,13.4639254],[99.5000026,13.4638725],[99.5001327,13.4636703],[99.5002756,13.463286],[99.5003332,13.4631815],[99.5004804,13.4630251],[99.5006936,13.4628714],[99.5009702,13.4626203],[99.5013359,13.462176],[99.501601,13.4618818],[99.5029792,13.4608974],[99.5035697,13.460418],[99.5040659,13.4599639],[99.5044871,13.459542],[99.5048766,13.4591205],[99.5049949,13.4589703],[99.5050786,13.4588347],[99.5052164,13.4585684],[99.5052849,13.4582539],[99.5052943,13.4580169],[99.5052325,13.4568176],[99.5051621,13.4562277],[99.5050921,13.4558554],[99.5050573,13.4557636],[99.5049731,13.4556574],[99.5046762,13.4554645],[99.5042256,13.4549963],[99.5041116,13.4548272],[99.5035661,13.4539094],[99.5034668,13.4537113],[99.5033677,13.4535519],[99.5033179,13.4533682],[99.5032978,13.4532086],[99.5033416,13.4529038],[99.5033759,13.4527683],[99.5035626,13.4522504],[99.5036115,13.452023],[99.5036358,13.4518247],[99.50364,13.4514523],[99.5036046,13.4510606],[99.5035746,13.4509107],[99.5035398,13.4507754],[99.5034156,13.4504709],[99.5033508,13.4502099],[99.5032509,13.4496926],[99.5031507,13.4486139],[99.5031317,13.4477246],[99.5032267,13.4471359],[99.5032514,13.4470744],[99.5037886,13.4462131],[99.5039935,13.4458351],[99.5042402,13.4449117],[99.5044022,13.4445002],[99.5045365,13.4443473],[99.5046219,13.4443092],[99.5048817,13.4442811],[99.5055847,13.4443133],[99.5057831,13.4442685],[99.5060331,13.4441813],[99.5063073,13.4440627],[99.5064433,13.4440229],[99.5065952,13.4440013],[99.5069643,13.4439936],[99.5073656,13.4440696],[99.5075127,13.4441244],[99.5081052,13.4444676],[99.5082847,13.4445477],[99.508414,13.4445622],[99.509974,13.4445729],[99.5108311,13.4445208],[99.5114195,13.4444363],[99.5115408,13.4444056],[99.5121752,13.4441074],[99.5127493,13.4436192],[99.5129398,13.4434704],[99.5130793,13.4433895],[99.5134186,13.4432176],[99.5147459,13.4426052],[99.514977,13.4424878],[99.5151932,13.4423559],[99.5157899,13.4421647],[99.5161105,13.4420253],[99.5164058,13.4418372],[99.5167886,13.4414979],[99.5173168,13.4407371],[99.5175403,13.4405175],[99.5192469,13.4393286],[99.5198209,13.4390444],[99.5203727,13.4388095],[99.5208053,13.4386478],[99.5215511,13.4383979],[99.5217523,13.4382587],[99.5222959,13.4377097],[99.5225117,13.4374316],[99.5226456,13.4371976],[99.5228091,13.4368758],[99.5229426,13.436481],[99.5230758,13.435984],[99.5231645,13.4355893],[99.5232536,13.4353773],[99.5233355,13.4352602],[99.5234771,13.4351796],[99.5242453,13.4349588],[99.5247525,13.434797],[99.5253414,13.434489],[99.5255053,13.4343425],[99.5255573,13.4342182],[99.525586,13.4336995],[99.5255534,13.4324357],[99.5255973,13.4320485],[99.5257965,13.4309522],[99.5258636,13.4307845],[99.5259608,13.4306458],[99.5260569,13.4306083],[99.5261987,13.4305934],[99.5265048,13.4306439],[99.5273487,13.4309052],[99.5276175,13.4309557],[99.5278563,13.4309772],[99.5280056,13.4309695],[99.5281517,13.4309401],[99.5282545,13.430865],[99.5283219,13.4307439],[99.5283481,13.4306286],[99.528397,13.4300986],[99.5284378,13.429943],[99.5284848,13.429894],[99.52919,13.4294807],[99.5292927,13.4293739],[99.5296189,13.4288796],[99.5300736,13.4281056],[99.5301383,13.4279424],[99.5301209,13.4276255],[99.530106,13.427545],[99.5300478,13.4274022],[99.5296459,13.4267818],[99.5295624,13.426561],[99.5295294,13.4263778],[99.5295391,13.4261847],[99.529589,13.4259825],[99.5296693,13.4258444],[99.5299305,13.4256024],[99.5300763,13.425538],[99.5302323,13.4255229],[99.5305898,13.425532],[99.5307459,13.4255711],[99.530897,13.4256349],[99.5310281,13.4257233],[99.5313461,13.426102],[99.531457,13.4262003],[99.5315629,13.4262543],[99.5316736,13.4262689],[99.5317693,13.4262588],[99.5319,13.4262142],[99.534704,13.4246973],[99.534988,13.4245111],[99.5352492,13.4243825],[99.5354595,13.4243053],[99.5357862,13.4242123],[99.5359758,13.4241918],[99.5366932,13.4242053],[99.5373956,13.4243142],[99.5376057,13.4243338],[99.5378209,13.4243133],[99.5381129,13.4242424],[99.538205,13.424172],[99.5383123,13.4240514],[99.5383838,13.4239158],[99.5384245,13.4238003],[99.5384549,13.4236397],[99.538398,13.4234141],[99.5382565,13.4231424],[99.5381564,13.4229976],[99.5380225,13.4228525],[99.5379891,13.4227967],[99.5379703,13.4227493],[99.5379701,13.4226324],[99.537998,13.4225671],[99.538932,13.4215238],[99.5415332,13.4179861],[99.5416356,13.4180668],[99.5417836,13.4182986],[99.5419085,13.4185814],[99.5419644,13.4187563],[99.5420034,13.4189601],[99.5420153,13.4191412],[99.5420055,13.4196262],[99.5420294,13.4198424],[99.5420628,13.4199432],[99.5423366,13.4205314],[99.5425331,13.4210493],[99.5427719,13.4220654],[99.5428149,13.4221832],[99.542932,13.4223922],[99.5430351,13.4225379],[99.5431821,13.4227077],[99.5434989,13.4230201],[99.543716,13.4232604],[99.5439982,13.4236419],[99.5441642,13.4239195],[99.5443912,13.4244715],[99.5444426,13.4246843],[99.5444565,13.4248384],[99.5444519,13.4250149],[99.5444273,13.4251964],[99.5443609,13.4254276],[99.544321,13.4255009],[99.5441828,13.4256481],[99.5438046,13.4259356],[99.5424218,13.4267972],[99.542017,13.4270069],[99.5416973,13.4271259],[99.5411928,13.4272662],[99.5404396,13.4274418],[99.5400061,13.427561],[99.5397433,13.4276868],[99.5394949,13.4278614],[99.5393531,13.4280496],[99.5393038,13.4282515],[99.5393468,13.4284254],[99.5394469,13.4286897],[99.5396117,13.4292183],[99.5396763,13.4295035],[99.5396982,13.4297888],[99.5396847,13.4300742],[99.5396355,13.4303248],[99.5395434,13.4304921],[99.539366,13.4306386],[99.5390889,13.4307505],[99.5386484,13.4308698],[99.5382007,13.4309682],[99.5379021,13.4309897],[99.5371838,13.4309216],[99.5369065,13.4309361],[99.5366507,13.4309785],[99.5364447,13.4310694],[99.5353731,13.4319764],[99.5347416,13.4325763],[99.5343517,13.4330852],[99.534288,13.4332384],[99.5342741,13.4333707],[99.5343028,13.433482],[99.5343671,13.433635],[99.5346099,13.4341008],[99.5348667,13.4344691],[99.5352159,13.434865],[99.5355864,13.4351914],[99.5359282,13.4354412],[99.5361918,13.4356773],[99.5363416,13.4358857],[99.536406,13.4360665],[99.5364496,13.436484],[99.5364784,13.4366301],[99.5365427,13.4367901],[99.5366995,13.4369707],[99.5369274,13.4371164],[99.5372621,13.4373592],[99.5375044,13.4375884],[99.5378036,13.4378313],[99.5379388,13.4378937],[99.5381095,13.4379142],[99.5382871,13.4378582],[99.5388976,13.4374114],[99.5391603,13.4372508],[99.5394444,13.437111],[99.5398351,13.4369431],[99.5405457,13.4367398],[99.5410787,13.4366273],[99.5413629,13.4365362],[99.5418671,13.4362567],[99.5421158,13.4361796],[99.5424073,13.4361442],[99.5427486,13.4361643],[99.5430901,13.4362541],[99.5434318,13.4364273],[99.5438094,13.4367745],[99.5439732,13.4368994],[99.5441369,13.4369756],[99.5447346,13.4371414],[99.5448912,13.4372245],[99.5450123,13.4373217],[99.5450766,13.4374538],[99.5450911,13.4376139],[99.5449998,13.4380804],[99.5450074,13.438303],[99.545086,13.4384838],[99.5452428,13.4386714],[99.545542,13.4388935],[99.5460331,13.4391012],[99.5463107,13.4392398],[99.5464888,13.4393786],[99.5467384,13.439733],[99.5468524,13.4398441],[99.5470091,13.4399273],[99.5472295,13.4399407],[99.5486227,13.4397359],[99.5493549,13.4396647],[99.5496322,13.439671],[99.5498456,13.4397123],[99.5500022,13.4397816],[99.5506998,13.4401489],[99.5510343,13.4402804],[99.5516747,13.44046],[99.5521442,13.4405494],[99.5523883,13.4405735],[99.5525467,13.4405608],[99.5527432,13.4405107],[99.5529774,13.4403612],[99.5533064,13.4400502],[99.5534521,13.439994],[99.5535916,13.4399813],[99.5537882,13.4399933],[99.5540166,13.4400672],[99.5542578,13.440166],[99.5544419,13.4402773],[99.5546386,13.4403265],[99.5548162,13.4403324],[99.5550887,13.4402945],[99.5558428,13.4400943],[99.5563563,13.4400683],[99.55661,13.440105],[99.5568829,13.4401975],[99.5576381,13.4404999],[99.5578667,13.4406608],[99.5580129,13.4408094],[99.5582034,13.4409331],[99.5591365,13.4413468],[99.559801,13.4417715],[99.5600841,13.4419076],[99.5604603,13.4420403],[99.56069,13.4421016],[99.5618856,13.4422882],[99.5622153,13.4423833],[99.5631156,13.4427039],[99.5639359,13.4430769],[99.5646989,13.4435491],[99.5647905,13.4436506],[99.5648282,13.4437607],[99.5648376,13.443986],[99.5647965,13.4443291],[99.5647438,13.4445724],[99.5646616,13.4448157],[99.5644616,13.4452909],[99.5642714,13.445613],[99.564014,13.4460146],[99.563674,13.4464608],[99.5636005,13.4465753],[99.5635077,13.4467632],[99.5634437,13.447001],[99.5634202,13.447259],[99.5634208,13.4475054],[99.563448,13.4477333],[99.5636009,13.4483431],[99.5637264,13.4487177],[99.5638965,13.4490835],[99.5642812,13.4498062],[99.5644493,13.4500599],[99.56455,13.4502646],[99.5647742,13.4511302],[99.564953,13.4517562],[99.5650034,13.4518836],[99.5650569,13.4519645],[99.5651458,13.4520569],[99.5653829,13.452288],[99.5655938,13.452469],[99.5657932,13.4526971],[99.5660232,13.4530181],[99.5661322,13.4532294],[99.5662048,13.453472],[99.56625,13.4537683],[99.5662505,13.4539793],[99.5662165,13.4545398],[99.5662393,13.4547012],[99.5662601,13.4547531],[99.5662998,13.4548376],[99.5663864,13.4549449],[99.5665292,13.4550754],[99.5667079,13.4553191],[99.5671159,13.4557815],[99.5671902,13.4558933],[99.567244,13.4560327],[99.5672621,13.456146],[99.5672578,13.4562244],[99.5672228,13.4563236],[99.5671559,13.4564426],[99.5669944,13.4566107],[99.5665248,13.457002],[99.5663155,13.4571957],[99.5661795,13.4573452],[99.5660661,13.4575262],[99.5660325,13.4576562],[99.5660291,13.4577253],[99.56607,13.4578861],[99.5662247,13.4581447],[99.5664123,13.4584145],[99.566475,13.4585626],[99.5665021,13.458702],[99.566503,13.4590943],[99.5665354,13.4593047],[99.5666011,13.4594381],[99.5666658,13.4595225],[99.5667586,13.4596058],[99.5669319,13.4596861],[99.5671102,13.459738],[99.567324,13.459755],[99.5677426,13.459754],[99.5678407,13.4597713],[99.5679388,13.4598233],[99.5680013,13.4599191],[99.5680284,13.4600672],[99.5680022,13.4602765],[99.5679403,13.4604859],[99.5678784,13.4606429],[99.5677631,13.4608699],[99.5676305,13.4612886],[99.5675779,13.4616462],[99.5675694,13.4618118],[99.5675699,13.4620298],[99.5676061,13.4622738],[99.5676066,13.4624917],[99.5675774,13.4628136],[99.5675499,13.4629386],[99.5674657,13.4631807],[99.5673415,13.4634164],[99.5672379,13.4636058],[99.5670119,13.4639317],[99.5669719,13.4640576],[99.5669515,13.4641931],[99.566965,13.4644062],[99.5670009,13.4645694],[99.5670803,13.4647599],[99.567193,13.4649218],[99.5672879,13.4650258],[99.5674543,13.4651572],[99.5676197,13.465245],[99.5683084,13.4654629],[99.5694225,13.4657742],[99.5700109,13.4659908],[99.5704747,13.4662338],[99.5710456,13.4666074],[99.5712956,13.4668422],[99.5715579,13.4672654],[99.571618,13.4673402],[99.5717159,13.4674132],[99.572021,13.4675216],[99.5723054,13.4675881],[99.5727932,13.4676534],[99.5728965,13.4676857],[99.573007,13.4677486],[99.5733764,13.4680135],[99.5734937,13.4680718],[99.5735925,13.4681013],[99.5738204,13.4681162],[99.5741604,13.4680124],[99.5742667,13.4680216],[99.5743788,13.4680631],[99.574491,13.4681673],[99.5745874,13.4683132],[99.5746624,13.4684801],[99.574727,13.46872],[99.5747487,13.4688714],[99.5747372,13.4689948],[99.574713,13.4690662],[99.5746161,13.4692005],[99.5739987,13.4697135],[99.5738482,13.4698853],[99.5737595,13.4700999],[99.5737414,13.470181],[99.5737162,13.4705702],[99.5737644,13.4709932],[99.5739402,13.472185],[99.5739731,13.4725372],[99.5739516,13.4728839],[99.5738988,13.473132],[99.5738993,13.4733212],[99.5739672,13.4738626],[99.5739679,13.4741366],[99.5739286,13.4744369],[99.5738625,13.4746719],[99.5737764,13.4748939],[99.5736171,13.4751879],[99.5724944,13.4769065],[99.5723352,13.4772265],[99.5721961,13.4776249],[99.5720707,13.4781386],[99.5720178,13.4783741],[99.5720006,13.4786269],[99.5720012,13.4789146],[99.5720854,13.4805969],[99.5721276,13.4820666],[99.572133,13.4843097],[99.5721534,13.4846106],[99.5722615,13.4851784],[99.5724101,13.4857637],[99.5724838,13.4859116],[99.5725603,13.4859956],[99.5728075,13.486184],[99.573217,13.4864621],[99.5736318,13.486677],[99.5739172,13.4867921],[99.5740695,13.486915],[99.5741298,13.4870454],[99.5741368,13.4871628],[99.5741104,13.4872673],[99.5740306,13.4873719],[99.5738709,13.4874962],[99.5736647,13.4876989],[99.5735784,13.4878622],[99.5735388,13.4880385],[99.5736403,13.4886581],[99.5737011,13.4892797],[99.5737359,13.4899897],[99.5737873,13.4905289],[99.5738889,13.4911072],[99.5738716,13.4912855],[99.5738406,13.4914018],[99.5737721,13.4914998],[99.5736287,13.4916592],[99.5735353,13.4918001],[99.573498,13.4919225],[99.5735109,13.492051],[99.5735611,13.492161],[99.5738431,13.4924662],[99.5738809,13.4925701],[99.5738686,13.492668],[99.5738313,13.4927292],[99.5737626,13.4927905],[99.5732133,13.4930915],[99.573126,13.4931957],[99.5730575,13.493306],[99.5730392,13.4934895],[99.5730775,13.4937953],[99.5731216,13.4939542],[99.5731969,13.4940947],[99.5732973,13.4942168],[99.5734163,13.4943206],[99.5736479,13.4944607],[99.5739107,13.4945886],[99.5751747,13.4951362],[99.575375,13.4952764],[99.5754754,13.495423],[99.575507,13.4955636],[99.5755326,13.4958143],[99.5755539,13.4968725],[99.5756046,13.4971905],[99.5756741,13.4974656],[99.5759387,13.4983336],[99.5760769,13.4986452],[99.5762151,13.4989018],[99.5764848,13.4992866],[99.5767981,13.4996162],[99.5770361,13.4997991],[99.5773616,13.499988],[99.5777496,13.5001767],[99.5782439,13.5003713],[99.5788069,13.5005413],[99.5800703,13.5008565],[99.580602,13.5010081],[99.58104,13.5011723],[99.5813341,13.5013184],[99.5821793,13.5018364],[99.5825548,13.5020251],[99.583337,13.502372],[99.5838439,13.5026155],[99.584182,13.5028349],[99.5843888,13.5030424],[99.5844893,13.5032746],[99.5845211,13.5034947],[99.5845591,13.5041972],[99.5835286,13.5044835],[99.5825614,13.5047661],[99.5818211,13.5049319],[99.5813456,13.5050547],[99.5811349,13.5051345],[99.5808595,13.5052621],[99.5806058,13.5054373],[99.580174,13.5057664],[99.5799202,13.5058939],[99.5794069,13.5060644],[99.5782613,13.5063369],[99.5778345,13.5064755],[99.5777697,13.5065285],[99.5777483,13.5066079],[99.5778943,13.5070357],[99.5779322,13.5072191],[99.5780267,13.5075446],[99.5781146,13.5077821],[99.5782016,13.5078733],[99.5785612,13.507995],[99.578685,13.5080775],[99.5787263,13.5081304],[99.5787957,13.5082727],[99.5790538,13.5086122],[99.5795834,13.5097851],[99.5797314,13.5099947],[99.5798341,13.5101078],[99.580142,13.5103613],[99.5801751,13.5104125],[99.5802611,13.5106891],[99.5805722,13.5114857],[99.5805918,13.5119708],[99.5808292,13.5126412],[99.5810519,13.5131998],[99.5813821,13.5138839],[99.581928,13.5151615],[99.5820353,13.5152102],[99.5824423,13.5151673],[99.5826423,13.5152018],[99.5830426,13.5153267],[99.5839504,13.515646],[99.5874263,13.5168119],[99.5874815,13.5167974],[99.5877987,13.5162304],[99.5884797,13.5151486],[99.588524,13.5150933],[99.5885591,13.5150788],[99.5890292,13.5150859],[99.5893809,13.5150725],[99.5893969,13.5150997],[99.5894457,13.5157629],[99.5894559,13.5160914],[99.5895083,13.5161506],[99.589827,13.5163067],[99.5898974,13.516324],[99.5901979,13.5163333],[99.5903532,13.5163046],[99.59061,13.516232],[99.5907259,13.5162168],[99.5911373,13.5163138],[99.5915583,13.5163205],[99.5918499,13.5162934],[99.5919169,13.5169107],[99.591936,13.5169965],[99.5920022,13.5171142],[99.5940612,13.5185717],[99.594847,13.5192275],[99.5953418,13.5200155],[99.5958137,13.5206063],[99.5961735,13.5211315],[99.5967583,13.5220508],[99.5979488,13.5237894],[99.5982896,13.5255712],[99.5982909,13.5257349],[99.5982491,13.5258481],[99.5980238,13.5261109],[99.5979768,13.5262396],[99.5979417,13.5269081],[99.5979688,13.5272526],[99.5980007,13.5273811],[99.598064,13.5274735],[99.5981377,13.5275453],[99.5983744,13.5276373],[99.5997736,13.5281019],[99.5998735,13.5281479],[99.5999473,13.5282095],[99.6000558,13.5283732],[99.6000963,13.5285606],[99.6000902,13.5286128],[99.6000472,13.5286851],[99.5999844,13.5287183],[99.5998753,13.5287309],[99.5995556,13.5286925],[99.5994975,13.5287087],[99.5994694,13.5287434],[99.5994671,13.528781],[99.5995561,13.5288723],[99.5995797,13.5289214],[99.5995846,13.5289936],[99.599562,13.5290336],[99.5994843,13.5290737],[99.5991867,13.529086],[99.599124,13.5291269],[99.5990435,13.5292753],[99.5989792,13.5293085],[99.5988285,13.5293304],[99.5987752,13.5293751],[99.5987604,13.5294166],[99.5987825,13.5294734],[99.5989815,13.5296089],[99.5990194,13.5297018],[99.5990157,13.5297587],[99.5989797,13.5298049],[99.5989443,13.5298126],[99.5988602,13.5297721],[99.5988123,13.5297684],[99.5987605,13.5297916],[99.5987065,13.5298497],[99.5985834,13.5301272],[99.5983024,13.5306212],[99.5981536,13.5310247],[99.5980856,13.531333],[99.5979542,13.5315122],[99.597863,13.5318746],[99.597847,13.5320088],[99.5978086,13.5320408],[99.5976921,13.532086],[99.5976669,13.5321258],[99.5976656,13.5322028],[99.5977535,13.5323478],[99.5977359,13.532432],[99.5976768,13.532515],[99.5975568,13.532614],[99.5973049,13.5327743],[99.597262,13.5328485],[99.5972538,13.5331186],[99.5973124,13.533406],[99.5973512,13.5334916],[99.5975239,13.5336901],[99.5975537,13.5337699],[99.5975479,13.5338179],[99.5974491,13.5340693],[99.5973914,13.5341552],[99.5973588,13.534161],[99.5972162,13.5341251],[99.5971687,13.5341266],[99.5971124,13.5341689],[99.5970161,13.5345908],[99.5967918,13.5352797],[99.5967574,13.5352994],[99.5967217,13.5352929],[99.5966224,13.5351712],[99.5965255,13.5351834],[99.5964468,13.5352816],[99.5964407,13.5355277],[99.5964042,13.5356444],[99.5963187,13.5356914],[99.5961372,13.535706],[99.5961296,13.5357626],[99.5962117,13.5360827],[99.5961939,13.5361241],[99.5961105,13.5361439],[99.5959568,13.5360996],[99.5958689,13.5361347],[99.5957968,13.5362111],[99.595716,13.5364313],[99.5956538,13.5364674],[99.595557,13.5364948],[99.5955026,13.5365342],[99.5954894,13.5365974],[99.5955084,13.5366572],[99.5956736,13.5368202],[99.5956927,13.5368942],[99.5956383,13.5369379],[99.5954759,13.5369917],[99.5954492,13.5370168],[99.5954394,13.5370745],[99.5954866,13.5372606],[99.5956813,13.5376653],[99.5956914,13.5377198],[99.5956448,13.5377809],[99.5954669,13.5378543],[99.5953833,13.5378272],[99.5951949,13.5376959],[99.595117,13.537695],[99.5950681,13.5377267],[99.5950525,13.537754],[99.5950518,13.5378814],[99.5951476,13.5383691],[99.5950917,13.5387385],[99.5951448,13.5390531],[99.5951249,13.5390913],[99.5949981,13.5391569],[99.5949771,13.5391907],[99.594998,13.5395446],[99.5949435,13.5395687],[99.5948678,13.5395537],[99.5946828,13.5394692],[99.5942996,13.5393753],[99.5942228,13.5393864],[99.5941917,13.5394061],[99.594144,13.5394617],[99.5941365,13.5395696],[99.5941555,13.5396294],[99.5942772,13.5397664],[99.5942818,13.5398241],[99.5942641,13.5398579],[99.5942051,13.5398787],[99.593918,13.5399066],[99.5937567,13.5399408],[99.5935865,13.5400087],[99.5934843,13.5400743],[99.5934421,13.5401441],[99.5933969,13.5403043],[99.5933084,13.5405115],[99.593341,13.5406747],[99.5933279,13.5407532],[99.593239,13.5408046],[99.5930632,13.5408606],[99.5930554,13.5408747],[99.5932589,13.5412523],[99.5933866,13.5416995],[99.593468,13.541868],[99.5935994,13.5423668],[99.5936493,13.5426489],[99.5936584,13.5434475],[99.5937186,13.5436057],[99.593775,13.5436607],[99.5939123,13.5436879],[99.5949078,13.543627],[99.5956113,13.5435634],[99.5960384,13.5435867],[99.5960985,13.5436098],[99.5964766,13.5443197],[99.5966277,13.5445478],[99.596654,13.5446384],[99.5966478,13.5447864],[99.5967107,13.5449318],[99.5968714,13.5451263],[99.5971142,13.5450275],[99.5973499,13.5449589],[99.5987141,13.5445941],[99.5987286,13.5447133],[99.598747,13.5447509],[99.5989546,13.5449808],[99.5990646,13.5451563],[99.5992526,13.5456651],[99.5992937,13.5458616],[99.5993166,13.5461008],[99.5993033,13.5464543],[99.5993492,13.546867],[99.5993894,13.5470307],[99.5994322,13.5471216],[99.5994935,13.5472047],[99.5996827,13.5473966],[99.5998002,13.5475914],[99.5999911,13.5479787],[99.6001402,13.5483586],[99.6001751,13.5485035],[99.6002418,13.5492241],[99.6002707,13.5494087],[99.6003302,13.5496389],[99.6003488,13.5497888],[99.6003268,13.54991],[99.6002058,13.5502359],[99.6002,13.5503402],[99.6002165,13.5504454],[99.6002614,13.5505605],[99.600296,13.550608],[99.6006217,13.5509112],[99.6009083,13.5508423],[99.601765,13.5505756],[99.6024313,13.5503862],[99.6030411,13.5502171],[99.6033593,13.5501451],[99.6035686,13.5500391],[99.6036669,13.5500021],[99.603795,13.549976],[99.6040239,13.5499827],[99.6051426,13.550116],[99.6056851,13.5501662],[99.6057723,13.5501858],[99.6057897,13.55021],[99.6059227,13.5515584],[99.6059392,13.5515897],[99.6060227,13.5516227],[99.6070014,13.5515367],[99.6070288,13.5515447],[99.6070477,13.5515764],[99.607037,13.5516578],[99.6069849,13.5517833],[99.606214,13.5532389],[99.6060823,13.5535116],[99.6060825,13.5535817],[99.6062494,13.553854],[99.6064888,13.5539872],[99.6066488,13.5541207],[99.6068543,13.5542367],[99.6070598,13.5543205],[99.6075669,13.5544754],[99.6086317,13.5547108],[99.610343,13.555123],[99.611007,13.5551122],[99.6111131,13.5551256],[99.6112471,13.5551857],[99.6113306,13.5552621],[99.6114384,13.5554817],[99.611645,13.5558097],[99.6116932,13.5559009],[99.611794,13.5563008],[99.6119691,13.5566635],[99.6124635,13.557486],[99.6125736,13.5575771],[99.6129021,13.5577311],[99.6130163,13.5578076],[99.6127717,13.559215],[99.6127224,13.5595951],[99.612748,13.559759],[99.6129702,13.5603461],[99.6130246,13.5608789],[99.6130227,13.5612015],[99.6130483,13.5614091],[99.6131638,13.5617724],[99.6132873,13.5619962],[99.6133518,13.5620808],[99.6136458,13.5623288],[99.6139229,13.5625249],[99.6140403,13.5625656],[99.6140962,13.5625655],[99.6151432,13.5622814],[99.6160923,13.5620366],[99.6161495,13.5620328],[99.616179,13.562049],[99.6163824,13.562274],[99.6165804,13.5625332],[99.6165806,13.5626198],[99.6165346,13.5626758],[99.6164813,13.5627097],[99.6156234,13.5630294],[99.6155087,13.5631086],[99.6154577,13.5631832],[99.6154068,13.5633413],[99.6153576,13.5641238],[99.6152908,13.564724],[99.6152244,13.5648792],[99.6148921,13.5654816],[99.614835,13.565623],[99.614783,13.5659224],[99.6146963,13.5666184],[99.6144107,13.5690953],[99.6142326,13.5705025],[99.6133897,13.5777956],[99.613872,13.5777909],[99.6140517,13.577819],[99.6142455,13.5778755],[99.6143455,13.577886],[99.6148006,13.5778669],[99.6151873,13.5778361],[99.6159544,13.5777423],[99.6167703,13.5775947],[99.6169839,13.5776216],[99.6173867,13.5776994],[99.6175739,13.577692],[99.6179149,13.5777672],[99.617958,13.5777891],[99.6179881,13.5778311],[99.6179975,13.5778686],[99.6179755,13.5780418],[99.6173551,13.5803219],[99.6171369,13.5810367],[99.6167996,13.5823749],[99.6167485,13.5824424],[99.6166835,13.5824695],[99.6160727,13.5824878],[99.6159014,13.5825367],[99.6158318,13.5825938],[99.6157875,13.5826735],[99.6157569,13.5828296],[99.6157671,13.5834927],[99.6180083,13.5835674],[99.6197006,13.5835845],[99.6214628,13.5836355],[99.6224648,13.5836841],[99.6247753,13.5838144],[99.6332847,13.5843538],[99.6342031,13.5843657],[99.6370366,13.5845685],[99.6378114,13.5846593],[99.6381745,13.584685],[99.6394637,13.5847575],[99.6405426,13.5847834],[99.6419164,13.5848639],[99.6435191,13.5849297],[99.6449071,13.5850101],[99.6459829,13.5850795],[99.6479984,13.5852601],[99.6506765,13.5854375],[99.6518771,13.5855303],[99.6527708,13.5856152],[99.6531112,13.5856213],[99.6534246,13.5855605],[99.6537601,13.5855329],[99.6543088,13.5855315],[99.6547958,13.5855736],[99.6548567,13.5856074],[99.6548661,13.5856431],[99.6547116,13.5883331],[99.6548209,13.5886291],[99.6550573,13.5889238],[99.6553088,13.589348],[99.6555385,13.5898948],[99.655679,13.5901033],[99.6558341,13.5902973],[99.6560113,13.5904697],[99.6566307,13.5908066],[99.6567329,13.5909105],[99.6571385,13.5915878],[99.6572079,13.5917294],[99.6572701,13.5917933],[99.6573845,13.5918425],[99.6577524,13.5917255],[99.6580022,13.5915376],[99.6584581,13.5913131],[99.65862,13.5912767],[99.6588998,13.5912904],[99.6594078,13.5912746],[99.6596213,13.5912812],[99.6598244,13.5913796],[99.6601027,13.5916932],[99.6601542,13.5917281],[99.6602143,13.5917396],[99.6603895,13.5917158],[99.6607874,13.5915667],[99.6608386,13.5915297],[99.6608826,13.591434],[99.6610404,13.5908803],[99.6611107,13.5903658],[99.6610295,13.5899988],[99.6610264,13.5899241],[99.6610577,13.5898038],[99.6611058,13.5897368],[99.6612458,13.5896412],[99.6612939,13.5896247],[99.6619002,13.5895962],[99.6621206,13.5895636],[99.6623651,13.5894805],[99.6625271,13.5893864],[99.6627113,13.589251],[99.6628024,13.5891362],[99.6628564,13.5890376],[99.6629568,13.5887017],[99.6629813,13.5885308],[99.6629746,13.5884485],[99.6629198,13.5883248],[99.6627344,13.5880782],[99.6627186,13.5880349],[99.6626929,13.5879641],[99.6626926,13.5878626],[99.6627317,13.5877808],[99.6627938,13.5877277],[99.6629294,13.5876905],[99.663059,13.5876982],[99.6631286,13.5877219],[99.6640316,13.5877242],[99.6644832,13.5882508],[99.6646407,13.5885804],[99.6646924,13.5888319],[99.6646933,13.5891734],[99.664638,13.5895482],[99.6645713,13.5898569],[99.664471,13.5902207],[99.6644446,13.5908778],[99.6644758,13.591718],[99.6644541,13.5918254],[99.6644017,13.5919072],[99.6637928,13.5924672],[99.6636396,13.5926438],[99.6634603,13.5929063],[99.6633292,13.5931386],[99.6632289,13.5933837],[99.6631899,13.5935476],[99.6631718,13.5941132],[99.6631873,13.5946769],[99.663204,13.594811],[99.6633132,13.5952948],[99.6634737,13.5958989],[99.6637994,13.5968495],[99.6638417,13.5970735],[99.6638542,13.5974124],[99.6637602,13.5977335],[99.6636226,13.597928],[99.6634418,13.598072],[99.6626645,13.5985206],[99.6611739,13.5993131],[99.6599973,13.5997668],[99.6594293,13.5999446],[99.6589768,13.6001063],[99.6588112,13.6002409],[99.6587328,13.6003856],[99.6586633,13.6005668],[99.6586348,13.6008653],[99.6587024,13.6011439],[99.6588392,13.6014611],[99.6590817,13.601778],[99.6593921,13.6020874],[99.6596926,13.6023254],[99.6603756,13.6028235],[99.6604821,13.6029354],[99.6606486,13.6031993],[99.6608157,13.6035681],[99.6608923,13.603952],[99.6609011,13.6043951],[99.6607745,13.6050306],[99.6606174,13.605548],[99.6605527,13.6058323],[99.6604601,13.6067098],[99.6604097,13.6067651],[99.660298,13.6068106],[99.6593231,13.6071659],[99.6592568,13.6072147],[99.6592393,13.6072745],[99.6597879,13.6113655],[99.6598244,13.6115623],[99.6598823,13.6116817],[99.6599905,13.6118221],[99.6605266,13.6124292],[99.6625283,13.6122381],[99.662827,13.6121259],[99.6630117,13.6119722],[99.6631676,13.6117072],[99.6634781,13.6107176],[99.663603,13.6103842],[99.6636598,13.6101229],[99.6636802,13.6099129],[99.663643,13.6097286],[99.6635798,13.6095649],[99.6634903,13.609391],[99.6633537,13.6092327],[99.6631858,13.6090846],[99.6628765,13.6089472],[99.6626198,13.6089069],[99.6619597,13.6087499],[99.6617867,13.6086531],[99.6617079,13.6085611],[99.661697,13.6083973],[99.6617124,13.6082999],[99.6618064,13.6082024],[99.6619789,13.6081251],[99.6626802,13.6080055],[99.6643123,13.6075556],[99.6644396,13.6075116],[99.6647829,13.6073188],[99.6651701,13.6072512],[99.665636,13.6072448],[99.6659974,13.6073053],[99.6664316,13.6073525],[99.6684376,13.6072923],[99.6689501,13.6072491],[99.6693911,13.6071087],[99.6698176,13.6069126],[99.6702155,13.606619],[99.670769,13.6060048],[99.6712091,13.605544],[99.6716354,13.6052504],[99.6719625,13.6051242],[99.6722899,13.6050815],[99.6726227,13.6051246],[99.6737851,13.6057],[99.6741914,13.6058681],[99.6742798,13.6059592],[99.6743212,13.6060366],[99.6743907,13.6062886],[99.6744127,13.6068231],[99.6744473,13.6069901],[99.6744798,13.6070965],[99.6745885,13.6072865],[99.6746974,13.6074057],[99.6748231,13.6074871],[99.675719,13.6079273],[99.6758131,13.608029],[99.6760744,13.6084934],[99.6763245,13.608796],[99.6765938,13.6089649],[99.6767791,13.6090141],[99.6769784,13.6090452],[99.6773247,13.6090708],[99.6777228,13.6090123],[99.6779878,13.6089134],[99.6781166,13.6087937],[99.6782337,13.6086587],[99.6783708,13.608406],[99.6785604,13.6078314],[99.6787286,13.6071995],[99.6788291,13.6069434],[99.6788955,13.6068257],[99.678964,13.6067512],[99.6790118,13.6067213],[99.6791079,13.6066947],[99.6791925,13.6067002],[99.6792937,13.6067338],[99.6796262,13.6069399],[99.6800261,13.6072315],[99.6805166,13.6076955],[99.6807622,13.6080646],[99.6808759,13.6081894],[99.6809254,13.6082261],[99.6810118,13.6082596],[99.6810998,13.6082547],[99.6812521,13.6081834],[99.6815302,13.6080214],[99.6816711,13.6079733],[99.6817692,13.6079715],[99.6823276,13.6080224],[99.6825699,13.6079983],[99.6826157,13.6079733],[99.6826496,13.60793],[99.6827491,13.6076987],[99.6830012,13.6072351],[99.6830565,13.6071884],[99.6831396,13.6071686],[99.6838169,13.6071846],[99.6839421,13.6072269],[99.6839792,13.607289],[99.6841538,13.6080942],[99.6842844,13.6083114],[99.6846056,13.6086319],[99.6848395,13.6089771],[99.6850109,13.6092614],[99.6852702,13.6097489],[99.6853621,13.6098667],[99.6854448,13.6099131],[99.6855782,13.6099382],[99.6860526,13.6098933],[99.6865587,13.6098795],[99.6875604,13.6094954],[99.6881118,13.6093313],[99.6887586,13.6091634],[99.6897948,13.6090775],[99.6905302,13.608982],[99.6912325,13.6089663],[99.6912758,13.6089817],[99.6913182,13.609022],[99.691358,13.6091581],[99.6913486,13.6092658],[99.69127,13.6095363],[99.6912672,13.6096224],[99.6912885,13.609726],[99.6913335,13.6098035],[99.6913725,13.6098366],[99.6916572,13.6099749],[99.6917871,13.6100693],[99.6918243,13.6101391],[99.6918305,13.6101968],[99.6918171,13.6102414],[99.691802,13.6102661],[99.6917465,13.6102935],[99.6917006,13.6102977],[99.691282,13.6101925],[99.6909856,13.610172],[99.6908416,13.6101897],[99.6907532,13.6102196],[99.6906988,13.6102608],[99.6906736,13.6103252],[99.6906839,13.6104222],[99.6909093,13.6108291],[99.6910237,13.6109732],[99.6912115,13.611161],[99.6914914,13.6114056],[99.6916762,13.6115409],[99.6918068,13.6116764],[99.6919253,13.6118682],[99.6920723,13.6121987],[99.6921384,13.6122627],[99.6922758,13.612313],[99.6924469,13.6123125],[99.6926756,13.6122784],[99.6927977,13.6122755],[99.6929304,13.6123063],[99.6930074,13.6123398],[99.6932281,13.6125027],[99.6936666,13.6127583],[99.6937197,13.6127789],[99.693985,13.6127782],[99.6941018,13.612796],[99.6941391,13.6128391],[99.6941976,13.6130221],[99.6942413,13.6130663],[99.6942758,13.6130793],[99.6943471,13.6130726],[99.6950175,13.6126774],[99.6951617,13.6126212],[99.6952675,13.6126127],[99.6954992,13.6126449],[99.6956159,13.6126421],[99.695818,13.6125709],[99.6959698,13.612536],[99.6962266,13.6125065],[99.696526,13.6124096],[99.6965831,13.6124136],[99.696631,13.6124373],[99.6967196,13.6126029],[99.6967998,13.6127011],[99.6968408,13.6127213],[99.6969403,13.6127259],[99.6970592,13.6126893],[99.6972456,13.6125132],[99.6973731,13.6124146],[99.6977283,13.6121895],[99.6984101,13.6119599],[99.6988376,13.6118614],[99.6993277,13.6116701],[99.6995281,13.611686],[99.6996142,13.6116792],[99.6996925,13.6116494],[99.6998959,13.6115328],[99.6999965,13.6115204],[99.7003156,13.6115502],[99.7005863,13.6115024],[99.7008658,13.6113899],[99.7010771,13.6113324],[99.701162,13.6112687],[99.701308,13.6110493],[99.7013348,13.6110328],[99.7013862,13.6110141],[99.7015977,13.6109938],[99.701698,13.6109444],[99.7018247,13.6107809],[99.70197,13.6106974],[99.7020123,13.6106508],[99.7021262,13.6103485],[99.7022423,13.6101117],[99.702392,13.6099646],[99.7025565,13.6098416],[99.7026094,13.6097785],[99.7026787,13.6096455],[99.7029168,13.6091638],[99.7032732,13.6077768],[99.7034063,13.6074074],[99.7035722,13.6071654],[99.7037154,13.6070457],[99.7039579,13.6068071],[99.7047444,13.6062801],[99.7049581,13.6061069],[99.7050954,13.6060168],[99.7052465,13.6059424],[99.7058998,13.6056945],[99.7060588,13.6056203],[99.7062681,13.6054885],[99.7066419,13.605216],[99.7074566,13.6045113],[99.7075505,13.6044503],[99.7081359,13.6043093],[99.7090974,13.6040135],[99.7091391,13.6039861],[99.7092916,13.603758],[99.7095218,13.603553],[99.7100186,13.6032379],[99.7100773,13.6032125],[99.7102818,13.6031751],[99.7103593,13.6031472],[99.7105326,13.6030779],[99.7107256,13.602976],[99.7110266,13.6027659],[99.7113485,13.6024749],[99.7115921,13.6023549],[99.7116738,13.6022259],[99.7117136,13.6021941],[99.7119886,13.6021152],[99.7121783,13.6020344],[99.7125644,13.6019277],[99.7127917,13.6017433],[99.7128682,13.6017188],[99.7130215,13.601711],[99.7131025,13.6017235],[99.7133802,13.6018356],[99.7135032,13.6018279],[99.713679,13.6017746],[99.7139161,13.6016599],[99.7140531,13.601613],[99.7145055,13.6015588],[99.7145571,13.6015167],[99.7146691,13.6013319],[99.7150417,13.6011083],[99.7152996,13.6010038],[99.7153958,13.6009513],[99.7155856,13.6008161],[99.7158652,13.600649],[99.715974,13.600945],[99.7163063,13.6015521],[99.7164948,13.6013801],[99.7179162,13.5999652],[99.7185092,13.5993574],[99.7188443,13.5995574],[99.7190126,13.5996072],[99.7199608,13.5995748],[99.7203414,13.5995371],[99.7204092,13.5995552],[99.7205005,13.5996326],[99.7206526,13.5997304],[99.7207813,13.5997849],[99.7209215,13.5998096],[99.7213794,13.5998471],[99.7219545,13.6000237],[99.7222538,13.6001324],[99.7226476,13.6003916],[99.7227769,13.6004394],[99.7229186,13.6004656],[99.7231102,13.6004589],[99.7234538,13.6003884],[99.7236256,13.6003706],[99.7244151,13.6004095],[99.7247353,13.6004634],[99.7249455,13.6004788],[99.7254243,13.6004545],[99.7257467,13.600465],[99.7263977,13.60058],[99.7267697,13.6007158],[99.7274085,13.600844],[99.7277685,13.6009412],[99.7288973,13.6011732],[99.7291754,13.6012089],[99.7292047,13.6012283],[99.729216,13.6012665],[99.7291888,13.6015051],[99.7297313,13.6015535],[99.7299954,13.6016127],[99.7311166,13.6017678],[99.7316036,13.6016892],[99.7319257,13.6057855],[99.7319958,13.6070427],[99.73199,13.6073332],[99.7319532,13.6076334],[99.7317854,13.6081388],[99.731682,13.6083276],[99.7315825,13.6084606],[99.7314135,13.6086412],[99.7311157,13.6089243],[99.7309239,13.6090759],[99.730885,13.6091384],[99.7308607,13.6092651],[99.7308807,13.6094321],[99.7309093,13.6094866],[99.730975,13.6095831],[99.7312545,13.6098928],[99.7314321,13.61014],[99.7317329,13.6107313],[99.7317814,13.610894],[99.7318151,13.6110796],[99.7318513,13.6114493],[99.7318615,13.6120687],[99.7318328,13.6123774],[99.7317815,13.6125334],[99.7316236,13.6127991],[99.7314257,13.6129938],[99.7312974,13.6130918],[99.7310244,13.6132531],[99.7301669,13.6136418],[99.7286977,13.6141675],[99.728333,13.614352],[99.7280966,13.6145168],[99.7279392,13.614691],[99.7278415,13.6150099],[99.7278621,13.6152898],[99.7278911,13.6153928],[99.7279405,13.6154623],[99.7282089,13.6157233],[99.7285549,13.6158961],[99.7289693,13.6160143],[99.7293352,13.6160579],[99.7302732,13.6161227],[99.7310927,13.6161976],[99.7315965,13.616312],[99.7319425,13.6164847],[99.7321928,13.6166306],[99.7323929,13.6168568],[99.7325068,13.6170044],[99.7329539,13.6179686],[99.7331195,13.61814],[99.7334824,13.6184104],[99.7335552,13.6185342],[99.7337927,13.6196624],[99.7337812,13.6201188],[99.7337198,13.6203313],[99.7332709,13.6209335],[99.7332062,13.6210397],[99.7331348,13.6212578],[99.7331119,13.6214121],[99.7331338,13.6216894],[99.7333755,13.6235459],[99.7332706,13.6243121],[99.7330241,13.625248],[99.7330222,13.6256186],[99.7330903,13.6258537],[99.7331898,13.6260782],[99.7332537,13.6261713],[99.7333652,13.6262857],[99.7335345,13.6263876],[99.7336671,13.6264411],[99.733785,13.626469],[99.7342268,13.6265114],[99.7344603,13.6265579],[99.7346698,13.626636],[99.7348954,13.6267455],[99.7350406,13.6268553],[99.7364511,13.6283762],[99.7366302,13.6286141],[99.7368119,13.6289778],[99.7369714,13.6293584],[99.7370794,13.6295482],[99.7372727,13.6298456],[99.7373999,13.6300033],[99.7375994,13.6301694],[99.7377457,13.6302302],[99.7378304,13.6302479],[99.7379888,13.6302474],[99.7383606,13.6302043],[99.7387895,13.6301191],[99.7389754,13.6301186],[99.7394906,13.630187],[99.7398629,13.6303118],[99.740221,13.6304646],[99.7404933,13.6306457],[99.7407099,13.6308886],[99.7408238,13.6311343],[99.7409539,13.6315537],[99.7410124,13.6319732],[99.7410421,13.6323228],[99.7410236,13.6325285],[99.7410006,13.6326169],[99.740947,13.632752],[99.7408475,13.6328757],[99.7404419,13.6331273],[99.7398865,13.6333202],[99.7396379,13.6334227],[99.7394436,13.6335561],[99.7392726,13.6336991],[99.7387737,13.6342462],[99.7383935,13.6346976],[99.7383502,13.6347654],[99.7382988,13.6349093],[99.7382778,13.6350441],[99.7383293,13.6364631],[99.7383054,13.6366335],[99.7382689,13.6366957],[99.7381998,13.6367509],[99.7365295,13.6372356],[99.7364738,13.6372982],[99.7363749,13.6378334],[99.7363426,13.6379322],[99.736324,13.6379519],[99.7362119,13.6380075],[99.7357341,13.6380942],[99.7354764,13.6381846],[99.7350855,13.6383639],[99.7350092,13.6384397],[99.7350339,13.6399887],[99.7350083,13.6405],[99.7347579,13.642704],[99.7347453,13.6430195],[99.7347661,13.6431389],[99.7348387,13.6433863],[99.7348904,13.6435123],[99.7349583,13.6436409],[99.7350781,13.6437597],[99.7350313,13.6438143],[99.7349795,13.6438618],[99.7344654,13.6441685],[99.7341347,13.6443292],[99.7332062,13.6448752],[99.7330273,13.6449958],[99.7328585,13.6451563],[99.7326715,13.6452739],[99.7321705,13.6455297],[99.7316631,13.6457683],[99.7314439,13.6458444],[99.731157,13.6459067],[99.7309114,13.6459793],[99.7307708,13.6460342],[99.7306061,13.64618],[99.7300514,13.6465704],[99.7297871,13.6467414],[99.7296019,13.6468426],[99.729263,13.6469399],[99.7288296,13.6471061],[99.7281443,13.647325],[99.7277221,13.6474318],[99.7275195,13.6474621],[99.7270613,13.6476024],[99.7268267,13.6477106],[99.7265427,13.6478022],[99.7262919,13.6481939],[99.7261859,13.6483352],[99.7258208,13.6484618],[99.7257948,13.6484905],[99.7257505,13.6487055],[99.7256731,13.6488998],[99.7255698,13.6490919],[99.7254028,13.6493396],[99.7252947,13.6495618],[99.7252832,13.6496612],[99.7253315,13.6499915],[99.7253177,13.6501209],[99.7252897,13.6502273],[99.7251511,13.6505119],[99.7250105,13.6508705],[99.7249257,13.6509655],[99.7245838,13.6511976],[99.7245296,13.6512532],[99.724492,13.6513087],[99.7243983,13.6515678],[99.7243372,13.6516858],[99.7240031,13.6521536],[99.7237115,13.6526097],[99.7237095,13.6527483],[99.7237609,13.6529249],[99.723832,13.6535194],[99.7239276,13.6539946],[99.7233607,13.6542218],[99.7215643,13.6550382],[99.7211526,13.6551915],[99.7209714,13.6552452],[99.7207874,13.655266],[99.7205178,13.6552643],[99.7203674,13.655247],[99.7201418,13.6551944],[99.7192645,13.6548243],[99.7189143,13.6547366],[99.7185772,13.6546793],[99.7184449,13.6546442],[99.7183437,13.6545938],[99.7182605,13.6545104],[99.7180261,13.654141],[99.7179324,13.6540373],[99.7177741,13.6539744],[99.7175822,13.6539268],[99.7161013,13.6536649],[99.7158239,13.6536353],[99.7155207,13.6536413],[99.7145022,13.6537228],[99.7138127,13.6537045],[99.7129287,13.6536462],[99.7115231,13.6534297],[99.7103045,13.6532963],[99.7098039,13.6531786],[99.7095757,13.6531514],[99.7093295,13.6531521],[99.7088579,13.6532168],[99.7087233,13.6532653],[99.7086716,13.6533187],[99.7085582,13.653537],[99.7084576,13.6536869],[99.7083878,13.6537631],[99.7082248,13.6538675],[99.7081316,13.6538956],[99.7075563,13.6539556],[99.7068774,13.6540057],[99.7066545,13.6540342],[99.7060924,13.6541473],[99.7052818,13.6543676],[99.7046164,13.6546433],[99.7044144,13.6546895],[99.7029012,13.6548737],[99.7024687,13.6549941],[99.7022434,13.6550885],[99.7019509,13.6552262],[99.7008433,13.6558301],[99.7005197,13.6559578],[99.699818,13.6562006],[99.698242,13.6568066],[99.6975916,13.657093],[99.6971135,13.6573901],[99.6958605,13.6582848],[99.6956816,13.6584352],[99.6955547,13.6585742],[99.6953272,13.6589483],[99.695255,13.6589995],[99.6951799,13.6590308],[99.6949775,13.6590851],[99.6942778,13.6592172],[99.6940031,13.6592831],[99.6932458,13.6595143],[99.6930145,13.6595603],[99.6928322,13.6595749],[99.6923809,13.6595762],[99.6920078,13.6596112],[99.6910357,13.6597916],[99.6905538,13.6598948],[99.6902212,13.6599801],[99.6899416,13.6600848],[99.689571,13.6602492],[99.6893934,13.6603494],[99.6912821,13.6628841],[99.6915611,13.6633056],[99.6917246,13.6637036],[99.6920643,13.6648427],[99.6923679,13.6657727],[99.6925989,13.6666066],[99.6921256,13.6670012],[99.6912513,13.6678072],[99.6907113,13.6681765],[99.690593,13.6682872],[99.6902383,13.6686956],[99.6901228,13.6687666],[99.6900072,13.6688178],[99.6898395,13.6688579],[99.6894605,13.668876],[99.6891335,13.6688429],[99.6885748,13.6687539],[99.6884764,13.6687514],[99.6884158,13.6687827],[99.6883783,13.6688167],[99.6883524,13.6688847],[99.6883539,13.6694053],[99.6883398,13.6695128],[99.6883081,13.6695752],[99.6882533,13.6696375],[99.6881812,13.6696972],[99.6880714,13.6697569],[99.6879095,13.6698054],[99.6876232,13.6698543],[99.6867583,13.6699076],[99.6865905,13.6699024],[99.686437,13.6698689],[99.6857652,13.6696586],[99.6852066,13.6696035],[99.6849781,13.6696353],[99.6849204,13.6696722],[99.6848829,13.6697204],[99.6848628,13.6697856],[99.6848575,13.6699327],[99.6849445,13.6710245],[99.6849741,13.6712338],[99.6850937,13.671573],[99.6851918,13.6724866],[99.6851984,13.6727667],[99.6851621,13.6732364],[99.6851393,13.6733383],[99.6848428,13.673888],[99.6847074,13.6740836],[99.6845229,13.674302],[99.6843613,13.6744637],[99.6841852,13.6745887],[99.6839887,13.6746713],[99.6834133,13.6747973],[99.6831358,13.6748886],[99.6828699,13.6750082],[99.6827342,13.6750906],[99.6819752,13.6757802],[99.6816922,13.6759621],[99.6813396,13.6761158],[99.6807991,13.6763097],[99.6804697,13.6764719],[99.6800451,13.676705],[99.6798803,13.6767677],[99.6791777,13.6769422],[99.6788577,13.6769576],[99.6777157,13.6775891],[99.6770237,13.6777783],[99.6768861,13.6779246],[99.6767013,13.6780892],[99.6765598,13.6781631],[99.6760248,13.678258],[99.6758426,13.6783037],[99.6757357,13.6783464],[99.6752332,13.6787015],[99.6751002,13.6787414],[99.6749759,13.6787616],[99.6744521,13.6787404],[99.6733549,13.6785114],[99.6729439,13.678487],[99.6721624,13.6783788],[99.6718904,13.6783682],[99.6716271,13.6783774],[99.6713639,13.6784064],[99.6711991,13.6784521],[99.6706557,13.6786658],[99.6702133,13.6787745],[99.6697447,13.6787956],[99.6694814,13.6788189],[99.6693658,13.6788447],[99.6691203,13.679018],[99.6689414,13.6791967],[99.668019,13.6804384],[99.6675253,13.680816],[99.6674415,13.6808615],[99.6670946,13.6809501],[99.6668893,13.6810243],[99.6667825,13.6810896],[99.6666786,13.6811776],[99.6665863,13.6812882],[99.6664107,13.6816197],[99.6662153,13.6820927],[99.6660747,13.6825344],[99.6660749,13.6825882],[99.6660924,13.6826543],[99.6661511,13.682763],[99.6665323,13.68333],[99.6666944,13.6836679],[99.6667966,13.6839447],[99.6670979,13.6850114],[99.6672511,13.6853902],[99.667479,13.6858038],[99.6677484,13.6861472],[99.66788,13.6862694],[99.6680474,13.6863885],[99.6683967,13.6864955],[99.6695079,13.6865237],[99.6700595,13.6865222],[99.671019,13.6864108],[99.6714006,13.6863164],[99.6721638,13.6861691],[99.6732716,13.6859846],[99.6761871,13.6852407],[99.676559,13.685205],[99.6772406,13.6852102],[99.6781014,13.6851727],[99.6791489,13.6851699],[99.6798377,13.6851469],[99.680153,13.6850338],[99.6835498,13.6836144],[99.6841545,13.683388],[99.6856068,13.6828791],[99.6864674,13.6827504],[99.6871264,13.6823978],[99.6876059,13.6821617],[99.6879631,13.6820153],[99.6883707,13.6819781],[99.6891839,13.6818306],[99.6905125,13.6817649],[99.6907773,13.6817304],[99.6916063,13.6817218],[99.6917264,13.6817465],[99.6925123,13.6820908],[99.6929282,13.6822777],[99.6929352,13.682311],[99.6925169,13.6825203],[99.6917605,13.6829402],[99.6910361,13.6833741],[99.690715,13.6834692],[99.6902284,13.6835871],[99.6897793,13.6837382],[99.6887583,13.6839425],[99.6886665,13.6839677],[99.6884607,13.6840598],[99.6883041,13.6841708],[99.68807,13.6843722],[99.6872781,13.6848706],[99.6865557,13.6852904],[99.6863535,13.6854342],[99.6861208,13.6856346],[99.6860003,13.6857648],[99.6855813,13.6862803],[99.6854217,13.6864556],[99.6852791,13.6865925],[99.6851635,13.6866744],[99.6849493,13.6867765],[99.6845496,13.6869058],[99.6842775,13.6870198],[99.6838679,13.6872856],[99.6829351,13.6879441],[99.6827277,13.6880512],[99.680282,13.6889886],[99.6791305,13.6894096],[99.6790013,13.6894716],[99.6789266,13.6895434],[99.6788419,13.6897051],[99.678328,13.6915761],[99.6783422,13.6917758],[99.6784605,13.6920943],[99.6785833,13.692544],[99.6785629,13.6926554],[99.6784801,13.6926556],[99.6783351,13.6926257],[99.6773499,13.6920009],[99.6766968,13.6916383],[99.6757333,13.6913474],[99.673931,13.690907],[99.6714771,13.690412],[99.6707129,13.6905214],[99.6704359,13.6905426],[99.6694511,13.6903324],[99.668597,13.6901122],[99.6682442,13.6901187],[99.6671635,13.6902663],[99.6668619,13.6902782],[99.6664465,13.6902515],[99.6661506,13.6902634],[99.6659402,13.6902974],[99.6656446,13.6904206],[99.6653719,13.6905604],[99.6650989,13.6906335],[99.6647296,13.6908125],[99.6642184,13.691131],[99.6637981,13.6914326],[99.6631156,13.6915457],[99.662928,13.6915963],[99.6625874,13.6919032],[99.6621954,13.6921323],[99.6613946,13.6926519],[99.6604177,13.6933166],[99.6603502,13.6936005],[99.6603338,13.6938398],[99.660283,13.6939846],[99.6601242,13.6941909],[99.6600904,13.6942856],[99.6601136,13.6944635],[99.660251,13.6947469],[99.6602455,13.6948415],[99.6600202,13.69566],[99.6598849,13.6960943],[99.6596978,13.6963507],[99.6594763,13.6965182],[99.6591075,13.6968864],[99.6589086,13.6969982],[99.6585447,13.6970994],[99.6581123,13.6971061],[99.6578961,13.69714],[99.6577768,13.6972071],[99.657618,13.6973856],[99.6575704,13.6976614],[99.6574931,13.6979391],[99.6574052,13.6981654],[99.6573415,13.6982554],[99.6572089,13.6983471],[99.6569092,13.6984923],[99.6564444,13.6988415],[99.6562283,13.6989671],[99.6561693,13.6990122],[99.6559448,13.6992791],[99.6570763,13.6999208],[99.6574985,13.7001445],[99.6579734,13.7003541],[99.6588151,13.7006961],[99.6596976,13.7010357],[99.6599254,13.7011335],[99.6600334,13.7012081],[99.6601896,13.7013857],[99.6602428,13.7015729],[99.6602674,13.7018024],[99.6603143,13.7028775],[99.6562167,13.7029057],[99.6540344,13.7029041],[99.6533195,13.7028801],[99.6522794,13.7028718],[99.6515266,13.7028294],[99.6498738,13.7028226],[99.6485766,13.7028482],[99.6451921,13.7030753],[99.6449765,13.7030758],[99.6429042,13.7031885],[99.6428096,13.7031739],[99.6427655,13.7030697],[99.6428187,13.7027196],[99.6428266,13.7025813],[99.6427679,13.7023983],[99.6426883,13.7023388],[99.6426159,13.7023197],[99.6424306,13.70233],[99.6420524,13.702506],[99.6417239,13.7025923],[99.6414067,13.7026441],[99.6342876,13.7032316],[99.6342296,13.7032019],[99.6341956,13.7031032],[99.6342119,13.7029137],[99.6341018,13.7026588],[99.6339318,13.7020993],[99.6331821,13.698857],[99.6331737,13.6987541],[99.6344213,13.6979391],[99.6348337,13.6976496],[99.6349024,13.6975869],[99.6349102,13.6975322],[99.6346349,13.696966],[99.6336768,13.6954021],[99.6336276,13.6954022],[99.6332839,13.695581],[99.6328663,13.6957552],[99.6324339,13.695891],[99.6320455,13.69594],[99.6319225,13.6959259],[99.6316715,13.6958544],[99.6313418,13.6957928],[99.631027,13.695784],[99.6300486,13.6958634],[99.6297581,13.6958749],[99.6294127,13.6956919],[99.6290254,13.6954374],[99.6283926,13.6952142],[99.627948,13.6950366],[99.6276551,13.6949453],[99.6270334,13.6949469],[99.6258316,13.6949193],[99.6247132,13.6948455],[99.624081,13.6948471],[99.6233705,13.6949],[99.6226863,13.6950039],[99.6226079,13.6949836],[99.6217344,13.6946384],[99.6208363,13.6948604],[99.619719,13.695185],[99.6192021,13.6953191],[99.6184343,13.6954437],[99.6181733,13.6955056],[99.6176931,13.695701],[99.6170929,13.6959885],[99.616357,13.6962867],[99.6146767,13.6971032],[99.614014,13.6974624],[99.6136489,13.6976983],[99.6133414,13.698026],[99.6132999,13.6981334],[99.6133056,13.6983173],[99.6132852,13.6985166],[99.6132281,13.6986394],[99.6131395,13.6987264],[99.612983,13.6988239],[99.6127742,13.6989215],[99.6125604,13.6990702],[99.6119559,13.6996898],[99.6117109,13.6999152],[99.6114087,13.7002378],[99.6112319,13.7005856],[99.6112426,13.7006673],[99.6116416,13.701402],[99.6116995,13.7015909],[99.6116743,13.7019179],[99.6116073,13.7022757],[99.611562,13.7029757],[99.6115156,13.7031955],[99.6113975,13.7040234],[99.6112724,13.7041259],[99.6105413,13.7041188],[99.6097535,13.7042272],[99.6096363,13.7042849],[99.6090094,13.705119],[99.608077,13.705463],[99.607001,13.7057437],[99.6060464,13.7057857],[99.6053349,13.7056087],[99.6040535,13.7049961],[99.6031791,13.7046606],[99.6018182,13.7047434],[99.600012,13.7054628],[99.5994435,13.7055834],[99.5988541,13.7054656],[99.5973485,13.7045755],[99.5967387,13.7044379],[99.5947289,13.7049592],[99.5935319,13.7055525],[99.5916097,13.7059853],[99.5858072,13.7068011],[99.5809504,13.7070952],[99.58054,13.7071097],[99.5776843,13.7078487],[99.5750289,13.7084639],[99.5725639,13.7091129],[99.5696083,13.7097904],[99.5660362,13.7122277],[99.5659161,13.7123533],[99.5658387,13.7124711],[99.5656883,13.7128814],[99.5656265,13.7130144],[99.5655337,13.7131588],[99.5654601,13.7132273],[99.5653554,13.7132807],[99.5651459,13.7133419],[99.5650372,13.7133535],[99.5648974,13.7133387],[99.5644312,13.7132069],[99.564206,13.7131808],[99.5637945,13.7131856],[99.5630919,13.7132365],[99.562793,13.7132448],[99.5626494,13.7132375],[99.5624063,13.7131803],[99.5621845,13.7130411],[99.5617013,13.7126156],[99.5615202,13.712365],[99.5612646,13.7118357],[99.5611739,13.7117096],[99.5610651,13.7116443],[99.560904,13.7116122],[99.5607321,13.7116412],[99.56051,13.7117235],[99.5604188,13.7117425],[99.5602103,13.7117685],[99.5598027,13.7117772],[99.5591323,13.7117396],[99.5590076,13.7117203],[99.5588073,13.7116605],[99.5586997,13.7115938],[99.5586124,13.7114838],[99.5585654,13.7113923],[99.5585081,13.7112119],[99.5584926,13.7110547],[99.5585071,13.7109114],[99.5585845,13.7106787],[99.5586545,13.710536],[99.5587598,13.7103861],[99.5588934,13.7102755],[99.5592541,13.7100976],[99.5596927,13.7099173],[99.5598005,13.7098544],[99.5599812,13.7097146],[99.5600681,13.7095886],[99.5601197,13.7094054],[99.5600988,13.7091055],[99.560024,13.7088386],[99.5599475,13.7086638],[99.5598057,13.7084575],[99.5596067,13.7082591],[99.5595368,13.7081507],[99.5591074,13.7072098],[99.5589523,13.7069635],[99.5585255,13.7064605],[99.5583153,13.7062501],[99.5578438,13.7058358],[99.5575574,13.7056175],[99.5572204,13.705416],[99.5565456,13.7051009],[99.5563245,13.7050355],[99.5562185,13.7050202],[99.5557578,13.7050021],[99.5551938,13.7050302],[99.5546651,13.7051195],[99.5542305,13.70522],[99.5533145,13.705494],[99.552509,13.7057091],[99.5522855,13.7057837],[99.5520944,13.7058672],[99.5519067,13.7059766],[99.5517276,13.7061207],[99.5516164,13.7062649],[99.551513,13.7064528],[99.5514354,13.7067282],[99.5513988,13.7070784],[99.5512624,13.7079106],[99.5512148,13.7082963],[99.5511948,13.7086006],[99.5512024,13.7088779],[99.5512587,13.7093107],[99.5513288,13.709696],[99.5516289,13.710818],[99.5517693,13.7114389],[99.5517783,13.7115359],[99.5517639,13.7116357],[99.5516797,13.7117872],[99.5515282,13.7119016],[99.5513387,13.7119819],[99.5511664,13.7120364],[99.5506236,13.7122836],[99.5502246,13.7125149],[99.5500302,13.7126556],[99.5498156,13.7128965],[99.5496422,13.7132375],[99.5494177,13.7136286],[99.5491012,13.7141202],[99.5488867,13.7144011],[99.5486006,13.7147223],[99.5484065,13.7149732],[99.5480896,13.7152944],[99.5473943,13.7159171],[99.5470062,13.7161029],[99.546099,13.7164367],[99.5458181,13.7165753],[99.5455422,13.7167986],[99.5452782,13.7171085],[99.5450017,13.7173595],[99.5448899,13.7174428],[99.5447424,13.717537],[99.5442897,13.7177415],[99.5441095,13.7178398],[99.5439726,13.7179631],[99.5438443,13.7181355],[99.5437561,13.7182965],[99.5435008,13.7185887],[99.5430904,13.719003],[99.5425809,13.7194137],[99.5424447,13.7194965],[99.5422474,13.7195818],[99.5419177,13.7196838],[99.5417213,13.7197681],[99.5415948,13.7198537],[99.5415384,13.7199188],[99.5415005,13.7199933],[99.5414741,13.7201125],[99.5414669,13.7203316],[99.5414802,13.7204227],[99.5415295,13.7205631],[99.541804,13.7211173],[99.5418309,13.7212401],[99.5418427,13.7213891],[99.5418336,13.7217878],[99.5417951,13.7219518],[99.5415823,13.7224733],[99.5414686,13.7227082],[99.5411915,13.7231259],[99.5410889,13.7232527],[99.5409635,13.7233685],[99.5408075,13.7234805],[99.5406353,13.723571],[99.5405013,13.7236618],[99.5403815,13.7237533],[99.540147,13.7239799],[99.5397966,13.7245068],[99.5395763,13.7247606],[99.5392622,13.7250245],[99.5389386,13.7252033],[99.5387219,13.7252711],[99.5383836,13.7253236],[99.5377907,13.7253053],[99.537604,13.7253578],[99.5375244,13.7254044],[99.5367471,13.7260367],[99.5362969,13.7274343],[99.5360749,13.728532],[99.5359494,13.7297548],[99.535888,13.7309462],[99.5360515,13.7320523],[99.5361475,13.7322623],[99.5368061,13.7327938],[99.5383145,13.7333547],[99.5387639,13.7335575],[99.5390534,13.7339331],[99.5389371,13.736716],[99.5389576,13.7368472],[99.5389617,13.7386299],[99.5388106,13.7396623],[99.5378011,13.7420531],[99.5371593,13.7430738],[99.5359374,13.7444451],[99.5357909,13.7447745],[99.5358884,13.7450953],[99.5359946,13.7452871],[99.5362072,13.7455714],[99.5365359,13.7459041],[99.5369504,13.7462947],[99.5372555,13.74654],[99.5375473,13.7467464],[99.538263,13.7470426],[99.5386607,13.747223],[99.5390451,13.7474034],[99.5392971,13.7475581],[99.5396022,13.7478164],[99.5399209,13.7481652],[99.5401464,13.748333],[99.5405042,13.7484487],[99.5409065,13.7485077],[99.5423071,13.7486114],[99.5433502,13.748745],[99.5435391,13.7488222],[99.5436785,13.748987],[99.5437586,13.7492295],[99.5438029,13.7498338],[99.5437924,13.7502928],[99.5437327,13.7510629],[99.5436888,13.7514235],[99.543622,13.7515328],[99.5435105,13.7516314],[99.5433208,13.7517301],[99.5431366,13.7518015],[99.5424276,13.7520269],[99.5416966,13.752378],[99.5410717,13.7527453],[99.5408487,13.7529315],[99.5407595,13.7530245],[99.5406537,13.7531667],[99.5403312,13.7538728],[99.5400806,13.7543135],[99.5398167,13.7547024],[99.5395354,13.7551734],[99.5393851,13.7553921],[99.5392291,13.7555836],[99.539073,13.7557314],[99.5388666,13.7558847],[99.5382527,13.7561318],[99.53751,13.7562918],[99.5371416,13.756451],[99.5369742,13.7565442],[99.5368348,13.7566646],[99.536729,13.7568068],[99.5366403,13.757091],[99.5366072,13.7572767],[99.5366077,13.7575061],[99.5365803,13.7577301],[99.5365194,13.757965],[99.5363815,13.758179],[99.536151,13.7584681],[99.5359514,13.7586465],[99.5357283,13.7588133],[99.5354523,13.7589916],[99.5349418,13.7592739],[99.5346506,13.7594004],[99.5337881,13.7597131],[99.5334929,13.7597841],[99.5326248,13.7607133],[99.5315511,13.7609721],[99.5301722,13.761584],[99.5284126,13.7619571],[99.5267689,13.7618549],[99.5239901,13.7614503],[99.520532,13.7613365],[99.5178987,13.7610004],[99.5156919,13.7618896],[99.5124659,13.7631087],[99.5106825,13.7637554],[99.5100639,13.7637527],[99.5095727,13.7635987],[99.5085337,13.763662],[99.508868,13.7652177],[99.5066831,13.7658993],[99.5050413,13.7664078],[99.5046169,13.7667639],[99.5044275,13.767021],[99.5041565,13.7676919],[99.5039135,13.7682985],[99.5036518,13.7689327],[99.503447,13.7693724],[99.5031986,13.7699599],[99.5031539,13.7700658],[99.5030527,13.7702895],[99.5028337,13.7708551],[99.5026174,13.7714135],[99.502538,13.7715371],[99.5024484,13.7716509],[99.5022923,13.7718131],[99.5019798,13.7720297],[99.5018352,13.7721055],[99.5016489,13.772191],[99.5014762,13.7722436],[99.5013175,13.772292],[99.5009862,13.7723467],[99.500912,13.7723544],[99.5003991,13.772374],[99.5002808,13.7723742],[99.4998329,13.7723751],[99.4993128,13.7723698],[99.4989047,13.7723899],[99.4985034,13.7725891],[99.4978447,13.7732853],[99.4974526,13.7737793],[99.4972256,13.7741279],[99.4970867,13.7744063],[99.497008,13.7746016],[99.4969284,13.7747991],[99.4968249,13.7750599],[99.4967567,13.7752448],[99.4967274,13.7753596],[99.4966739,13.7755689],[99.4966,13.7758577],[99.496548,13.7760615],[99.4964985,13.7762548],[99.4964106,13.7766684],[99.4963073,13.7770033],[99.4962282,13.7771888],[99.4961489,13.7772905],[99.4960452,13.7773744],[99.4959047,13.7774285],[99.4957519,13.7774527],[99.495654,13.7774469],[99.4954766,13.7773994],[99.4953419,13.777328],[99.4951767,13.7772626],[99.4949974,13.7772315],[99.4948155,13.7772267],[99.4945577,13.7772382],[99.4943801,13.7772743],[99.4941944,13.777312],[99.4940532,13.7773548],[99.4938142,13.7774509],[99.4935645,13.7775789],[99.493495,13.7776141],[99.4933225,13.7777331],[99.4932454,13.7777982],[99.492951,13.7781377],[99.4928678,13.7782668],[99.4927472,13.7784922],[99.4926667,13.7787259],[99.4925575,13.7791683],[99.4925349,13.7793544],[99.4925095,13.7795629],[99.4924612,13.7798618],[99.4924126,13.7800053],[99.4923657,13.7801019],[99.4922663,13.7802506],[99.492162,13.7803931],[99.4921113,13.7804555],[99.4919064,13.7806398],[99.4916622,13.7808196],[99.4913855,13.7809911],[99.4912067,13.781078],[99.4909353,13.7811856],[99.4898192,13.7816091],[99.4893977,13.7817906],[99.4891154,13.7819183],[99.4888013,13.7820603],[99.4880304,13.7824089],[99.4876245,13.7826068],[99.487342,13.7827681],[99.4872424,13.7828317],[99.4870009,13.7830146],[99.4868573,13.7831293],[99.4866681,13.7833359],[99.4866394,13.7833824],[99.486591,13.783487],[99.4865632,13.7835855],[99.4865563,13.7837416],[99.4865641,13.7839968],[99.4866013,13.7844506],[99.4866021,13.7848548],[99.486591,13.7850995],[99.4865756,13.7852078],[99.4864946,13.7855145],[99.4863864,13.7858268],[99.486213,13.7861817],[99.4860323,13.7865012],[99.4857504,13.7869982],[99.4855716,13.7873193],[99.4854866,13.7875344],[99.4854543,13.7876735],[99.4854546,13.7878143],[99.4854642,13.7879429],[99.4855489,13.7883235],[99.4855511,13.7883336],[99.4856092,13.7886053],[99.4856017,13.7888151],[99.4855658,13.7889771],[99.4855147,13.7891561],[99.4854709,13.7892599],[99.4853709,13.7894455],[99.4852117,13.7896585],[99.4849655,13.7899356],[99.4848317,13.7900757],[99.4847424,13.7901806],[99.4847176,13.7902141],[99.4846543,13.7903191],[99.4846085,13.790465],[99.4845956,13.7905762],[99.4846,13.7908887],[99.4846059,13.7909835],[99.4846066,13.7913233],[99.4845706,13.7920764],[99.484552,13.7922804],[99.4845125,13.7925687],[99.4844406,13.7928664],[99.48438,13.7930853],[99.4843443,13.7931993],[99.484227,13.7934793],[99.4840685,13.7937612],[99.4838463,13.7941566],[99.4837578,13.7943555],[99.4836457,13.7947046],[99.4835526,13.7950997],[99.4834694,13.7957611],[99.4834047,13.7962938],[99.483349,13.7966154],[99.4832556,13.7968819],[99.4830963,13.7970934],[99.4828432,13.7972947],[99.4827492,13.7973696],[99.4826589,13.7974168],[99.4824676,13.7975171],[99.4821108,13.7976831],[99.481754,13.7977848],[99.4816626,13.7978002],[99.4813689,13.7978498],[99.4806738,13.7979889],[99.4803075,13.7980815],[99.4801011,13.7982196],[99.4799699,13.7984036],[99.4799141,13.7986792],[99.4798773,13.7990649],[99.4798728,13.7991151],[99.4798314,13.7995793],[99.4797666,13.8000937],[99.47973,13.8005713],[99.4797178,13.8010408],[99.4797126,13.8012417],[99.4796861,13.8020775],[99.479621,13.8023715],[99.4794617,13.8026105],[99.4790302,13.8029879],[99.4785705,13.8033561],[99.4781202,13.803706],[99.477604,13.8040192],[99.4770129,13.8044612],[99.4766188,13.8047466],[99.4764993,13.80483],[99.4762965,13.8049714],[99.4762623,13.8049953],[99.4760905,13.8051048],[99.4756488,13.8054341],[99.475462,13.8055732],[99.4753822,13.8056129],[99.4752453,13.8056578],[99.4750813,13.8056781],[99.4749852,13.8056783],[99.4748429,13.8056565],[99.4747526,13.8056195],[99.4746446,13.8055519],[99.4745878,13.8055054],[99.4744759,13.8053948],[99.4743796,13.8052566],[99.4742717,13.8050468],[99.4740406,13.804463],[99.4739957,13.8043769],[99.4739576,13.8043038],[99.4738859,13.8041991],[99.4738474,13.8041691],[99.4737941,13.8041325],[99.4737444,13.8041118],[99.4736991,13.8041036],[99.4736094,13.8040994],[99.4734612,13.804104],[99.4734096,13.8041096],[99.4732952,13.8041219],[99.4730843,13.8041706],[99.4727569,13.8042765],[99.4724788,13.804391],[99.4723857,13.8044389],[99.4722248,13.8045215],[99.4721348,13.8045801],[99.471923,13.8047387],[99.4715959,13.8050288],[99.4714078,13.8052397],[99.4713083,13.8053666],[99.4712626,13.8054316],[99.4711617,13.8056218],[99.471059,13.8058764],[99.4709339,13.8062013],[99.4708446,13.806412],[99.4707596,13.8065438],[99.4707219,13.8065865],[99.4706725,13.8066239],[99.4706027,13.8066581],[99.4705249,13.8066823],[99.4704369,13.8066836],[99.4702077,13.8066197],[99.4701672,13.8064188],[99.4701517,13.8063417],[99.4701295,13.8057272],[99.4701027,13.8049843],[99.4701056,13.8042217],[99.4698551,13.8030307],[99.4691585,13.8020326],[99.4684702,13.8014038],[99.4681185,13.8008189],[99.46433,13.7951841],[99.4635378,13.7936364],[99.4622467,13.7943436],[99.4594321,13.7902162],[99.4581429,13.788379],[99.4573008,13.7871656],[99.4586184,13.7863459],[99.4573917,13.7845167],[99.4552375,13.7829231],[99.4537966,13.7822324],[99.453254,13.7826723],[99.4539282,13.783432],[99.4507117,13.7841281],[99.4492805,13.7823767],[99.4498252,13.7818888],[99.4487978,13.780779],[99.44647,13.7805779],[99.4460475,13.7805435],[99.4457648,13.7805205],[99.4428514,13.7802421],[99.4404933,13.7799598],[99.438636,13.7797376],[99.4375066,13.7795922],[99.4364287,13.7794535],[99.4356385,13.7793518],[99.4336269,13.7790146],[99.4323423,13.7787993],[99.4318837,13.7787293],[99.4316836,13.7786988],[99.4310474,13.7785812],[99.4305992,13.7784871],[99.4298997,13.7782791],[99.4293116,13.7781366],[99.4278202,13.7777753],[99.4256172,13.7770659],[99.4223284,13.7760329],[99.4199539,13.7751757],[99.4197466,13.7750678],[99.4196403,13.775004],[99.4195385,13.7749335],[99.419448,13.7748188],[99.4191523,13.7743109],[99.4191398,13.7742894],[99.4188307,13.7742643],[99.4187767,13.774265],[99.4182982,13.7743666],[99.4182227,13.7743738],[99.4182068,13.7743753],[99.4166775,13.7744785],[99.4158271,13.7745402],[99.4143939,13.7746767],[99.4139481,13.7746909],[99.4138014,13.7746728],[99.413597,13.7746278],[99.4135138,13.7745956],[99.4134626,13.7745721],[99.4133957,13.7745209],[99.4133359,13.7744428],[99.4133131,13.7743691],[99.4132544,13.7725426],[99.4132324,13.7721973],[99.4131783,13.7719095],[99.4131298,13.7717055],[99.4130653,13.7715643],[99.4129462,13.7713131],[99.4128979,13.771269],[99.4127924,13.7712398],[99.4123379,13.7711508],[99.4122255,13.7711292],[99.4119091,13.7710684],[99.4117816,13.7710288],[99.411765,13.7710236],[99.4116895,13.7709896],[99.4115232,13.7708119],[99.410863,13.7698971],[99.4103692,13.769181],[99.4102457,13.7689771],[99.4100898,13.7686214],[99.4100373,13.7684823],[99.4097279,13.7681327],[99.4093856,13.7679661],[99.4081881,13.7678566],[99.406172,13.7677975],[99.4058668,13.7677938],[99.4038001,13.7678061],[99.4016969,13.7678542],[99.4010077,13.7678707],[99.4010208,13.7677244],[99.4010195,13.767661],[99.4010175,13.7675658],[99.4010108,13.7675107],[99.4009861,13.7673077],[99.4009874,13.7671582],[99.4009997,13.7670858],[99.4010119,13.7670163],[99.4010448,13.7669258],[99.4010503,13.7669105],[99.4010826,13.7668184],[99.4011025,13.7667323],[99.4011163,13.7666296],[99.4011162,13.7665692],[99.4011098,13.7664817],[99.4011004,13.7663941],[99.4010895,13.7663383],[99.4010563,13.7662446],[99.4010273,13.7661703],[99.4009936,13.7660997],[99.4009758,13.7660623],[99.4009321,13.7659868],[99.4009102,13.765962],[99.4008868,13.7659392],[99.400851,13.7659134],[99.4008398,13.7659086],[99.4008011,13.7658921],[99.4007606,13.7658846],[99.4007143,13.765868],[99.4006692,13.7658353],[99.4006468,13.7658087],[99.4006246,13.7657784],[99.4006017,13.7657286],[99.4005834,13.7656887],[99.4005562,13.7656521],[99.4005457,13.7656411],[99.4005199,13.765621],[99.4004658,13.7655929],[99.4004009,13.7655666],[99.4003356,13.7655269],[99.4003238,13.7655192],[99.4002692,13.7654866],[99.4002475,13.7654678],[99.4002196,13.7654332],[99.4001945,13.7653833],[99.4001726,13.7653255],[99.4001593,13.7652759],[99.4001565,13.7652542],[99.4001562,13.7652282],[99.4001596,13.765189],[99.4002388,13.7648772],[99.4002434,13.764859],[99.4002598,13.764774],[99.400263,13.7647481],[99.4002657,13.7647273],[99.4002692,13.7646993],[99.4002673,13.7646288],[99.4002577,13.7645753],[99.4002472,13.7645337],[99.4002358,13.76451],[99.4002184,13.7644913],[99.4001897,13.7644803],[99.4000984,13.7644636],[99.4000655,13.7644576],[99.3999844,13.764442],[99.3999733,13.7644399],[99.3999412,13.7644281],[99.3999246,13.7644145],[99.3999107,13.7643967],[99.3998937,13.7643659],[99.3998767,13.7643212],[99.39982,13.7641735],[99.3998052,13.764148],[99.399786,13.7641302],[99.3997547,13.7641175],[99.3996921,13.764106],[99.399507,13.7640721],[99.3994297,13.7640544],[99.3993836,13.7640315],[99.3993636,13.7640137],[99.3993435,13.7639917],[99.3993287,13.7639603],[99.3993217,13.7639356],[99.3993138,13.7638957],[99.3993085,13.7638363],[99.3993084,13.7638001],[99.3993082,13.7637234],[99.3993156,13.7634756],[99.3993103,13.7633896],[99.399303,13.763347],[99.3992893,13.7633062],[99.3992736,13.7632757],[99.3992586,13.7632534],[99.3992422,13.7632394],[99.3992305,13.7632293],[99.3991979,13.7632124],[99.3991653,13.7632039],[99.3991444,13.7632046],[99.3991301,13.763209],[99.3990396,13.7632633],[99.3989765,13.7632978],[99.398927,13.7633196],[99.3988886,13.7633317],[99.3988619,13.7633375],[99.3988417,13.7633382],[99.3988136,13.7633357],[99.3987812,13.763323],[99.3986813,13.7632728],[99.398648,13.7632595],[99.3986219,13.7632538],[99.3985972,13.7632545],[99.3985705,13.7632603],[99.3985395,13.7632711],[99.3984879,13.7632887],[99.3984444,13.7633015],[99.3984088,13.7633067],[99.3983723,13.7633042],[99.3983384,13.7632992],[99.3983176,13.7632899],[99.3982915,13.7632772],[99.3982633,13.7632572],[99.398241,13.7632355],[99.3982321,13.7632268],[99.3981835,13.7631725],[99.3981682,13.7631554],[99.3981182,13.7630794],[99.3980807,13.7630049],[99.3980557,13.7629486],[99.3979989,13.7628564],[99.397948,13.7627783],[99.3979015,13.7627239],[99.3978562,13.7626799],[99.397804,13.7626426],[99.3977669,13.7626245],[99.397724,13.7626099],[99.3976406,13.7625953],[99.3975073,13.7626081],[99.3974581,13.7626256],[99.3974291,13.7626408],[99.3973373,13.7627056],[99.3972366,13.7627839],[99.3971724,13.7628362],[99.3970527,13.7629337],[99.3970266,13.762954],[99.3969277,13.7630312],[99.3969117,13.763045],[99.3968074,13.7631345],[99.3967542,13.7631799],[99.396701,13.763215],[99.396642,13.7632491],[99.3965887,13.7632696],[99.3965343,13.7632867],[99.3965178,13.7632909],[99.3964637,13.7633049],[99.396378,13.7633209],[99.3963645,13.7633243],[99.3963503,13.7633279],[99.3963108,13.763338],[99.3962089,13.7633744],[99.3960723,13.7634335],[99.3959774,13.7634744],[99.3958651,13.763521],[99.3958142,13.7635369],[99.3957736,13.7635415],[99.3957354,13.7635405],[99.3956914,13.7635349],[99.3956462,13.7635225],[99.3955953,13.7635044],[99.3954705,13.7634575],[99.3953627,13.7634119],[99.3953138,13.7633971],[99.3952461,13.7633821],[99.3951215,13.763366],[99.3950719,13.7633648],[99.395013,13.7633607],[99.3949976,13.7633597],[99.3949139,13.7633447],[99.3948655,13.7633313],[99.3947954,13.7633038],[99.3947394,13.7632774],[99.3946583,13.7632323],[99.394568,13.7631948],[99.3945233,13.7631776],[99.3944374,13.7631426],[99.3943638,13.7631088],[99.3943234,13.7630903],[99.3941957,13.7630465],[99.3941411,13.7630294],[99.3940593,13.7630044],[99.3940243,13.7629968],[99.3938475,13.7629703],[99.3936537,13.7629463],[99.3935156,13.7629288],[99.3934065,13.762915],[99.3933796,13.7629116],[99.393028,13.7628742],[99.3929207,13.7628712],[99.3928398,13.7628686],[99.3926294,13.7628478],[99.3923775,13.7628212],[99.3920259,13.7628028],[99.3917989,13.7628059],[99.3916584,13.7628298],[99.3915981,13.7628505],[99.3915591,13.7628728],[99.3915299,13.7628937],[99.391456,13.7629769],[99.391362,13.7630934],[99.3912708,13.7631882],[99.3912156,13.7632505],[99.3911594,13.7633189],[99.3911238,13.7633499],[99.3910988,13.7633667],[99.3910832,13.7633746],[99.3910246,13.7633888],[99.3909612,13.7633889],[99.3908993,13.763389],[99.3908018,13.763377],[99.3907507,13.7633676],[99.3906345,13.763357],[99.3905601,13.7633502],[99.3904799,13.7633328],[99.3904268,13.763314],[99.3903575,13.7632816],[99.3903126,13.7632658],[99.3902784,13.7632623],[99.3902053,13.7632711],[99.3901627,13.763285],[99.3901099,13.763312],[99.3900561,13.7633477],[99.3900308,13.7633534],[99.3899753,13.7633462],[99.3899479,13.7633325],[99.3899298,13.7633196],[99.3898781,13.7632793],[99.3898347,13.7632302],[99.3898038,13.7631905],[99.3897746,13.7631479],[99.3897257,13.7630615],[99.3897011,13.7630094],[99.3896484,13.7629053],[99.3896278,13.7628645],[99.3895486,13.7626773],[99.3895288,13.7626282],[99.3894122,13.7623903],[99.3893399,13.7622334],[99.3893119,13.7621626],[99.3892532,13.7620342],[99.389201,13.761936],[99.3891373,13.7618227],[99.3890732,13.7617011],[99.3890256,13.761602],[99.3890039,13.761544],[99.3889688,13.7614657],[99.388941,13.7614116],[99.3889028,13.7613543],[99.3888782,13.7613237],[99.3888539,13.7613004],[99.3888179,13.7612795],[99.3884205,13.7611451],[99.3880853,13.7610303],[99.3877337,13.7609396],[99.3876208,13.7608898],[99.3876016,13.7608691],[99.3874792,13.7607371],[99.3874568,13.7607168],[99.3873946,13.7606603],[99.3873111,13.7606015],[99.3872392,13.7605654],[99.387165,13.7605247],[99.3870931,13.7604943],[99.3870793,13.760489],[99.3870015,13.7604593],[99.3869442,13.7604415],[99.3869106,13.7604311],[99.3868602,13.76041],[99.3868496,13.7604044],[99.3868071,13.7603816],[99.3867365,13.7603331],[99.3866822,13.7602895],[99.3866073,13.7602166],[99.3864964,13.7601113],[99.3863827,13.7599978],[99.3863576,13.7599716],[99.3861031,13.7596439],[99.3860958,13.7596337],[99.3859385,13.7594154],[99.3859063,13.7593707],[99.3858175,13.759252],[99.3857539,13.7591672],[99.3856982,13.7590886],[99.3856346,13.7589992],[99.3854031,13.7587006],[99.3852925,13.7585743],[99.3852298,13.7585064],[99.3851837,13.7584734],[99.3851455,13.7584539],[99.3850759,13.7584336],[99.3850186,13.7584235],[99.3849682,13.7584185],[99.3849013,13.7584135],[99.3848526,13.7584102],[99.3848066,13.7584103],[99.3847597,13.7584137],[99.384711,13.7584215],[99.3846615,13.75843],[99.3845729,13.7584522],[99.3843949,13.7585018],[99.3843217,13.7585165],[99.3841995,13.7585411],[99.3841388,13.7585536],[99.3840831,13.7585651],[99.3839615,13.7585823],[99.3838606,13.7585901],[99.3838358,13.758592],[99.3837938,13.7585953],[99.3836627,13.7586006],[99.3835375,13.758605],[99.3835029,13.758604],[99.3833481,13.7585994],[99.3831665,13.7585818],[99.3830492,13.7585642],[99.3829684,13.7585516],[99.3829136,13.7585389],[99.3828528,13.7585178],[99.3827997,13.7584873],[99.3827632,13.7584602],[99.3827275,13.7584313],[99.3826997,13.7584008],[99.3826797,13.7583745],[99.3826596,13.758344],[99.3826387,13.7583032],[99.3826306,13.7582844],[99.3826108,13.7582387],[99.3825855,13.758181],[99.382571,13.7581494],[99.3825459,13.7581044],[99.3825043,13.7580395],[99.38248,13.7579976],[99.3824557,13.7579634],[99.3823906,13.7578909],[99.3823268,13.757826],[99.3822575,13.757745],[99.3822209,13.7576956],[99.3822116,13.7576821],[99.3821742,13.7576152],[99.3821465,13.7575531],[99.3821367,13.757535],[99.3821218,13.7575125],[99.3821083,13.7574947],[99.3820645,13.7574513],[99.3820293,13.7574255],[99.3820022,13.7574109],[99.3819552,13.757391],[99.3819426,13.7573866],[99.3818638,13.7573587],[99.3816893,13.757313],[99.381526,13.7572699],[99.3812948,13.7572112],[99.3812823,13.7572081],[99.3811023,13.7571651],[99.3809555,13.7571247],[99.3807949,13.7570871],[99.3804543,13.7569902],[99.3803269,13.7569579],[99.3801691,13.7569176],[99.3800057,13.756861],[99.3798395,13.7567963],[99.3797627,13.7567668],[99.3797272,13.7567457],[99.3797067,13.7567303],[99.3796844,13.7567095],[99.3796618,13.7566781],[99.3796483,13.7566532],[99.3796269,13.756596],[99.3796222,13.756568],[99.3796163,13.7564938],[99.379616,13.7564751],[99.3796174,13.7564179],[99.3796283,13.7563015],[99.3796391,13.7561949],[99.3796365,13.756153],[99.3796336,13.7561094],[99.3796267,13.7560829],[99.3795993,13.7560193],[99.3795604,13.755964],[99.3794957,13.7558926],[99.3794565,13.7558356],[99.3794506,13.7558226],[99.3794087,13.7557147],[99.3793587,13.7555714],[99.3793336,13.7554632],[99.3792946,13.7553226],[99.3792722,13.755259],[99.3792466,13.7552084],[99.3792345,13.7551906],[99.3791925,13.7551395],[99.379155,13.7551076],[99.3791254,13.7550874],[99.3790511,13.7550409],[99.3790163,13.7550226],[99.3789534,13.7549978],[99.378847,13.7549618],[99.3787633,13.7549407],[99.3785339,13.754895],[99.3783572,13.7548564],[99.3781349,13.7548168],[99.3778927,13.7547904],[99.37768,13.7547812],[99.3776572,13.7547785],[99.3775241,13.7547746],[99.376754,13.7548157],[99.3767136,13.7548204],[99.3766261,13.7548243],[99.3765037,13.7548263],[99.3762822,13.7548239],[99.3760913,13.7548242],[99.375903,13.7548245],[99.375748,13.7548139],[99.3756234,13.7548033],[99.3754684,13.7547792],[99.3753549,13.7547631],[99.3751916,13.7547552],[99.3750393,13.7547609],[99.3749552,13.7547649],[99.3748921,13.7547739],[99.3748207,13.754791],[99.3746132,13.7548643],[99.3744852,13.7549156],[99.3744569,13.7549234],[99.3744048,13.7549349],[99.3743381,13.7549471],[99.3742817,13.7549537],[99.3740376,13.7549707],[99.3738771,13.7549764],[99.3738195,13.7549765],[99.3736636,13.7549645],[99.3735762,13.7549479],[99.3735334,13.7549361],[99.3734978,13.7549201],[99.3734326,13.7548977],[99.3734187,13.7548979],[99.3734038,13.7549046],[99.3733941,13.7549196],[99.37339,13.7549815],[99.3733999,13.755053],[99.373415,13.7550986],[99.3734428,13.7551482],[99.3735233,13.7553023],[99.3735403,13.7553466],[99.3735498,13.7554018],[99.3735486,13.7554373],[99.3735442,13.7554631],[99.3735023,13.755597],[99.3734818,13.7556426],[99.3734509,13.7556833],[99.373214,13.7558522],[99.3731421,13.755894],[99.3730803,13.7559212],[99.3728189,13.7559932],[99.3727998,13.7559963],[99.3726198,13.7560405],[99.3725435,13.7560593],[99.3725223,13.7560626],[99.3724402,13.7560713],[99.3722907,13.7560932],[99.37218,13.756096],[99.3720222,13.7560638],[99.3719258,13.7560294],[99.3718794,13.7560021],[99.3718627,13.7559888],[99.3718094,13.7559292],[99.3717662,13.7559033],[99.3716811,13.7558833],[99.3716333,13.7558849],[99.3716119,13.7558926],[99.3715789,13.7559044],[99.3715467,13.7559067],[99.371531,13.7559049],[99.3714832,13.7558847],[99.3714479,13.7558726],[99.3714375,13.7558688],[99.3713835,13.7558341],[99.3713567,13.7558115],[99.3713055,13.7557566],[99.3712941,13.7557444],[99.3712402,13.7556981],[99.371203,13.7556781],[99.3711546,13.7556589],[99.3711315,13.7556554],[99.3711195,13.755653],[99.3710255,13.7556409],[99.3710141,13.7556416],[99.3709736,13.7556441],[99.3708989,13.7556612],[99.3708393,13.7556866],[99.3708176,13.7556998],[99.3707899,13.7557166],[99.3706904,13.7557871],[99.370577,13.7559009],[99.3705233,13.7559405],[99.3704863,13.7559617],[99.3704504,13.7559763],[99.3703568,13.7559836],[99.3703198,13.7559756],[99.3702943,13.7559608],[99.3702391,13.7559436],[99.3702174,13.7559425],[99.370192,13.7559536],[99.3701422,13.755976],[99.370082,13.7559801],[99.3700127,13.7559819],[99.3699744,13.7559648],[99.3699531,13.7559401],[99.3699301,13.7558965],[99.3699137,13.7558525],[99.369897,13.7558221],[99.3698748,13.7557953],[99.3698481,13.7557803],[99.3698317,13.7557811],[99.3697994,13.7557969],[99.3697704,13.7558183],[99.3697186,13.7558691],[99.3696626,13.755926],[99.3695776,13.7559768],[99.3695201,13.7559868],[99.3694828,13.755981],[99.3694433,13.7559543],[99.3694057,13.7559399],[99.3693509,13.7559379],[99.3692396,13.7559623],[99.3692108,13.7559652],[99.3691046,13.7559654],[99.3690546,13.75595],[99.3689763,13.7559019],[99.3689362,13.755852],[99.3688931,13.7557572],[99.3688655,13.7556654],[99.3688465,13.7555734],[99.368838,13.7555289],[99.3688251,13.7554977],[99.3686223,13.7551665],[99.3685618,13.7551107],[99.3684572,13.7550456],[99.3684032,13.7550275],[99.3683161,13.7549984],[99.3682108,13.7549875],[99.3680972,13.7549655],[99.3679524,13.7549086],[99.3678885,13.7548463],[99.3678202,13.7547484],[99.3677307,13.7546419],[99.367619,13.7545808],[99.3674053,13.7545098],[99.3669675,13.7543053],[99.3664198,13.7540953],[99.3663436,13.7540765],[99.3659085,13.7540076],[99.3655061,13.753991],[99.3651737,13.753983],[99.3650726,13.7540011],[99.3650204,13.7540105],[99.3647603,13.7540349],[99.3646071,13.7540351],[99.3642593,13.7539794],[99.3641151,13.7539418],[99.3634063,13.7538231],[99.3632107,13.753747],[99.3630479,13.7537018],[99.3626887,13.7536874],[99.3622951,13.7536879],[99.3620296,13.753702],[99.3616229,13.7536691],[99.3613288,13.7535905],[99.3612335,13.7535499],[99.3610732,13.7534941],[99.360906,13.7534541],[99.3605755,13.7533276],[99.3599655,13.7530196],[99.3598828,13.7529968],[99.3598396,13.7529763],[99.3596999,13.7529099],[99.359432,13.7528007],[99.3591807,13.7527259],[99.3589585,13.7526816],[99.3587342,13.7526617],[99.3585536,13.7526538],[99.3584608,13.7526469],[99.3583936,13.7526443],[99.3583178,13.7526247],[99.35826,13.7525952],[99.3582378,13.7525811],[99.3581755,13.7525386],[99.3581069,13.752494],[99.3580901,13.7524783],[99.3580582,13.7524546],[99.3580441,13.7524455],[99.35799,13.75242],[99.357955,13.7524115],[99.3579054,13.7524071],[99.3578286,13.7524052],[99.3577165,13.7524195],[99.3575899,13.7524481],[99.3574834,13.7524843],[99.3574601,13.7524951],[99.3573908,13.7525316],[99.3573796,13.7525369],[99.3573144,13.7525613],[99.3572919,13.7525671],[99.3572704,13.7525683],[99.3572453,13.7525679],[99.3572316,13.7525657],[99.3572136,13.752558],[99.3571847,13.7525415],[99.3571707,13.7525299],[99.3571271,13.7524975],[99.3570896,13.7524639],[99.3570597,13.7524438],[99.3570315,13.7524307],[99.3570069,13.7524242],[99.3569596,13.7524212],[99.3569449,13.752422],[99.3569234,13.7524281],[99.3568951,13.752439],[99.3568343,13.7524797],[99.3568116,13.7524954],[99.3553092,13.7532784],[99.3542302,13.7536288],[99.3534976,13.7537337],[99.3527808,13.7537592],[99.352149,13.7538827],[99.3518501,13.7539922],[99.3516671,13.7540274],[99.351243,13.7540542],[99.3509483,13.7540677],[99.3507698,13.7540854],[99.3506877,13.7541123],[99.350617,13.7541526],[99.350248,13.7545051],[99.3501499,13.7545401],[99.3500651,13.754549],[99.3497569,13.7545058],[99.3496408,13.7544928],[99.3495337,13.7545105],[99.3494267,13.7545761],[99.3492929,13.754681],[99.349168,13.7548077],[99.3490521,13.7549214],[99.3489228,13.7550176],[99.3487845,13.7550876],[99.3486804,13.7551462],[99.348668,13.7551499],[99.3485294,13.7551918],[99.3483376,13.7552091],[99.3482171,13.7552005],[99.3475294,13.7550331],[99.3474014,13.7550092],[99.3473291,13.754991],[99.3472321,13.7549748],[99.3470913,13.7549712],[99.3468995,13.7550099],[99.3467379,13.7550701],[99.3458639,13.7554067],[99.3456104,13.7554444],[99.3443107,13.7554746],[99.3429467,13.7553957],[99.342134,13.7554237],[99.3410596,13.755533],[99.3399303,13.7558038],[99.3393554,13.7560117],[99.3390078,13.7561822],[99.3386121,13.7564268],[99.3383884,13.7565736],[99.3377693,13.75714],[99.3372602,13.757639],[99.3367403,13.7581695],[99.3362696,13.7585207],[99.3359082,13.7586929],[99.335619,13.7587842],[99.3352162,13.7588857],[99.3332413,13.7591539],[99.3324181,13.7593253],[99.3297824,13.7601569],[99.3295241,13.7602572],[99.3290913,13.7604634],[99.3285642,13.760795],[99.3282717,13.7610415],[99.3280035,13.7613441],[99.3277355,13.7616786],[99.3275382,13.7619365],[99.3273381,13.7622392],[99.3272427,13.7623327],[99.3271244,13.762415],[99.3269831,13.7624749],[99.3268571,13.7625199],[99.3267234,13.7625612],[99.3265973,13.7625838],[99.3264483,13.7626027],[99.3260159,13.7626515],[99.3254191,13.7627189],[99.3250324,13.7628067],[99.3247949,13.7629081],[99.324574,13.763038],[99.3245368,13.7630599],[99.3243764,13.7632331],[99.3233692,13.7643252],[99.3226157,13.764593],[99.3216632,13.7648214],[99.3207807,13.765186],[99.3195728,13.765551],[99.3177373,13.7658259],[99.3171103,13.7660993],[99.3164143,13.7669861],[99.3160204,13.767381],[99.3159053,13.7672647],[99.316123,13.7670451],[99.3162662,13.7668345],[99.316524,13.7663922],[99.3166241,13.7661395],[99.3166454,13.765915],[99.3166093,13.7657747],[99.3164297,13.7656347],[99.3161853,13.7654035],[99.3158763,13.7650812],[99.3156177,13.7648921],[99.3155529,13.7647449],[99.315567,13.7645624],[99.315617,13.7643519],[99.3160033,13.7634324],[99.3161536,13.7631516],[99.3163327,13.7628988],[99.316483,13.7626251],[99.3165831,13.7622812],[99.3168192,13.7617407],[99.3169695,13.7614669],[99.3171128,13.7612563],[99.3173708,13.7609753],[99.317765,13.7606171],[99.3181449,13.7602448],[99.318532,13.7599496],[99.3186754,13.7598161],[99.3192132,13.7594507],[99.319378,13.7592891],[99.3195285,13.7590925],[99.319643,13.7588538],[99.3197072,13.7585661],[99.3197925,13.7580188],[99.3198855,13.7577731],[99.3200288,13.7576186],[99.3203014,13.757506],[99.3206385,13.7573372],[99.3209038,13.7571825],[99.3210328,13.7570561],[99.3211044,13.7568947],[99.3211752,13.7562281],[99.3211605,13.755557],[99.3211317,13.7553499],[99.3209883,13.7548043],[99.3207391,13.7543824],[99.3202696,13.7536899],[99.3201227,13.7535587],[99.3192422,13.7533487],[99.3190057,13.7532614],[99.3187243,13.7530626],[99.3185692,13.7529114],[99.3180587,13.7522414],[99.3175056,13.7514682],[99.3163085,13.7484565],[99.3157461,13.746439],[99.3155693,13.7455492],[99.3156022,13.7444046],[99.3157501,13.7412318],[99.3156447,13.7383072],[99.3158771,13.7354849],[99.3159147,13.7351876],[99.3160156,13.7348407],[99.3161166,13.7345806],[99.3162684,13.734407],[99.3164709,13.7342581],[99.3166987,13.7341216],[99.319003,13.7331403],[99.3200536,13.7325073],[99.3202939,13.7322098],[99.3204836,13.7319247],[99.3206224,13.7315777],[99.3208494,13.7308096],[99.3209119,13.7301903],[99.320949,13.7295215],[99.3209479,13.728667],[99.3209934,13.7276668],[99.3213083,13.7266505],[99.3223711,13.7251124],[99.3237877,13.7228302],[99.3251521,13.719408],[99.326366,13.7172748],[99.3266167,13.7168793],[99.3267874,13.7166353],[99.327015,13.7163702],[99.3272497,13.7160565],[99.3273707,13.7159309],[99.3275914,13.7158052],[99.3278193,13.7157074],[99.3290016,13.7153227],[99.3293791,13.7152316],[99.3296212,13.7151477],[99.3298348,13.7150081],[99.3299344,13.7149104],[99.3299912,13.714785],[99.3300266,13.7146177],[99.3301032,13.7138056],[99.3307682,13.7107254],[99.3317798,13.7089395],[99.3332981,13.7069546],[99.3339979,13.7059895],[99.3345148,13.7054886],[99.3346926,13.7052174],[99.3347814,13.7050527],[99.3348603,13.7047816],[99.3349978,13.7040458],[99.3351443,13.7026809],[99.3352122,13.7016742],[99.3354092,13.7009674],[99.3355375,13.7006769],[99.3356959,13.7004025],[99.3364912,13.6993955],[99.336501,13.6991907],[99.3366292,13.6987931],[99.3366612,13.6986356],[99.3366889,13.6982736],[99.3367001,13.697703],[99.3366596,13.6953999],[99.3367049,13.6945599],[99.3369814,13.6930726],[99.3374095,13.6920846],[99.3380341,13.6904833],[99.3386477,13.6893361],[99.3394119,13.6880297],[99.3401412,13.6865872],[99.340767,13.6858713],[99.3409986,13.6854851],[99.3411026,13.6851104],[99.341125,13.6846109],[99.3410667,13.6843726],[99.3410665,13.6842364],[99.3411126,13.6840548],[99.3411821,13.6839412],[99.3414257,13.6837706],[99.3417736,13.6835658],[99.3420983,13.6833497],[99.3421697,13.6831966],[99.3421791,13.6829977],[99.3421672,13.6827934],[99.341992,13.6821013],[99.3420032,13.6817721],[99.3420261,13.6815564],[99.3420142,13.6813748],[99.3419885,13.6812657],[99.3419095,13.6811934],[99.3417469,13.6811141],[99.3416423,13.6810916],[99.3414566,13.6810691],[99.341178,13.6810695],[99.3407272,13.6810308],[99.3405997,13.6809562],[99.3405044,13.6808548],[99.3404657,13.6807447],[99.3404459,13.680503],[99.3405617,13.6803326],[99.3409906,13.679912],[99.3412659,13.6795124],[99.3413495,13.6792729],[99.341349,13.6789468],[99.3413952,13.6787537],[99.3415457,13.6784925],[99.3417892,13.6782538],[99.3421836,13.6781057],[99.3424388,13.6779918],[99.3426707,13.6777986],[99.3429775,13.6774225],[99.3430834,13.6772146],[99.3431628,13.6769694],[99.3432022,13.6761143],[99.3432116,13.6745856],[99.3432995,13.6742746],[99.3435531,13.6739481],[99.3447314,13.6731951],[99.3458134,13.6719276],[99.3464142,13.6709552],[99.3468945,13.6699535],[99.347013,13.6686578],[99.3471024,13.6680394],[99.347373,13.6677446],[99.3491547,13.6670514],[99.3495752,13.6669614],[99.3498936,13.6668693],[99.3502212,13.6667049],[99.3503526,13.6666618],[99.3506706,13.6666392],[99.3508993,13.6666853],[99.3510456,13.6667486],[99.3515989,13.6671142],[99.3519611,13.6673843],[99.352763,13.6681492],[99.3533355,13.6684428],[99.3538477,13.6686482],[99.3541788,13.6685888],[99.3552918,13.6678806],[99.3556226,13.6675453],[99.356043,13.6669079],[99.3561321,13.666054],[99.3566121,13.6649051],[99.3576038,13.6636671],[99.3586864,13.6628411],[99.3596462,13.6625034],[99.3597062,13.6624381],[99.3599719,13.6622347],[99.3602894,13.662044],[99.3606199,13.6618025],[99.3608595,13.6615674],[99.3609954,13.6613579],[99.3614474,13.6599934],[99.3617702,13.65894],[99.3618474,13.6585275],[99.3618789,13.6579439],[99.3619954,13.6577725],[99.3621575,13.6577088],[99.3623715,13.6577085],[99.3626959,13.6577461],[99.3633415,13.6578776],[99.3638875,13.6578873],[99.3655744,13.6585031],[99.3669606,13.6592665],[99.3675097,13.6594658],[99.3681307,13.6595603],[99.3685899,13.6596604],[99.3687304,13.6596602],[99.3688802,13.659605],[99.3689737,13.6595133],[99.3690859,13.6593574],[99.369151,13.6590642],[99.3691599,13.6587252],[99.3692525,13.6580655],[99.369317,13.6573601],[99.3693818,13.6569019],[99.3694935,13.6563979],[99.369493,13.6560865],[99.3693802,13.6558393],[99.3692955,13.6555829],[99.3692479,13.6551342],[99.369238,13.6547678],[99.3691718,13.6543648],[99.3690116,13.6537604],[99.3682772,13.6513432],[99.3682769,13.6511233],[99.3683046,13.6509034],[99.3683886,13.6506926],[99.3685944,13.6504908],[99.3690342,13.6502244],[99.3698205,13.6498843],[99.3699796,13.6497559],[99.3701105,13.6495999],[99.37026,13.6493432],[99.3703345,13.6491232],[99.3704093,13.6489766],[99.3705402,13.6488665],[99.3706806,13.6488021],[99.3708399,13.6488019],[99.3712802,13.648847],[99.3714956,13.6488375],[99.3716548,13.6488007],[99.371842,13.6486905],[99.3724504,13.648433],[99.3727314,13.6484051],[99.3729277,13.648411],[99.373024,13.6484277],[99.3734632,13.6486625],[99.373607,13.6487164],[99.373856,13.6487424],[99.3760853,13.6487207],[99.3763195,13.6487387],[99.3765163,13.6487933],[99.3773321,13.6493509],[99.3775126,13.6494303],[99.3777615,13.6494985],[99.3779225,13.6494782],[99.3780909,13.6493864],[99.3782218,13.6492396],[99.3782911,13.6491396],[99.3783527,13.648997],[99.3783701,13.648871],[99.3784578,13.648762],[99.378528,13.6487103],[99.3785805,13.6485899],[99.3786508,13.6485612],[99.3787445,13.6485553],[99.3789261,13.6485951],[99.3799868,13.6488685],[99.380315,13.6489768],[99.38052,13.6489651],[99.3807071,13.6487356],[99.3807715,13.6487241],[99.3808536,13.6487469],[99.3810588,13.6488497],[99.3817567,13.64941],[99.3826893,13.6501304],[99.38344,13.6506849],[99.3835279,13.6507306],[99.3835748,13.6507328],[99.3836141,13.6507111],[99.3837321,13.6501975],[99.3838373,13.6500713],[99.3839251,13.6500082],[99.3840539,13.6499793],[99.3841652,13.6499791],[99.3845227,13.6500989],[99.3849681,13.6502242],[99.3856593,13.6502289],[99.3857766,13.6503032],[99.386111,13.6505833],[99.3862282,13.6506405],[99.3866019,13.6506083],[99.3866504,13.650582],[99.3869774,13.6502612],[99.3872099,13.6501662],[99.3874341,13.6501459],[99.3878602,13.6501586],[99.3879661,13.6501993],[99.3880153,13.6502329],[99.3880498,13.6502857],[99.3880758,13.6503868],[99.3880562,13.6508782],[99.3880798,13.6509297],[99.3881442,13.6509583],[99.388279,13.6509581],[99.3892393,13.6507159],[99.3895319,13.6505895],[99.3899016,13.6503535],[99.3900606,13.6503306],[99.3905164,13.6503589],[99.3905795,13.6503769],[99.3906574,13.6504258],[99.3906986,13.6506451],[99.3907469,13.6507049],[99.391105,13.6508295],[99.3913611,13.6509506],[99.3915393,13.6510573],[99.3916879,13.6512094],[99.3918383,13.6513089],[99.391907,13.6513777],[99.3919554,13.6514701],[99.3919685,13.6515426],[99.3919265,13.6519453],[99.3919508,13.6520722],[99.392051,13.6521083],[99.392624,13.6521146],[99.3928968,13.6522212],[99.3929802,13.6522374],[99.3930859,13.6522372],[99.3932694,13.6521952],[99.3933547,13.6521642],[99.3934436,13.6520988],[99.3934713,13.6520371],[99.3935166,13.6513715],[99.3935239,13.6513243],[99.3935702,13.6512681],[99.3936128,13.6512589],[99.3937909,13.6513276],[99.3938911,13.6513292],[99.3939393,13.6513128],[99.393993,13.6512801],[99.394154,13.6511021],[99.394217,13.6510621],[99.3944134,13.6509875],[99.3947767,13.6509107],[99.395027,13.6508378],[99.3953029,13.6506252],[99.3957179,13.6503742],[99.3958328,13.6503759],[99.3959312,13.6504047],[99.3961205,13.6505187],[99.396178,13.6505295],[99.3967491,13.6504923],[99.3968529,13.6504558],[99.3969436,13.6503868],[99.3971027,13.6501889],[99.3971528,13.6501543],[99.3972732,13.6501179],[99.397633,13.6501318],[99.3978668,13.6502257],[99.3980579,13.650269],[99.3986716,13.6502335],[99.3987736,13.6502533],[99.3988071,13.6502968],[99.3988837,13.6506757],[99.39896,13.6508152],[99.3990974,13.6509328],[99.3993572,13.6510376],[99.3994908,13.6510682],[99.3996243,13.6510861],[99.39978,13.651075],[99.3998894,13.6510385],[99.4003007,13.6508402],[99.4007104,13.6507616],[99.4009849,13.6507702],[99.4012019,13.6508007],[99.4012798,13.6508223],[99.4015711,13.650956],[99.4016968,13.6509815],[99.4017593,13.65097],[99.4019172,13.6509024],[99.4019986,13.6509091],[99.4024455,13.6510362],[99.402563,13.6510949],[99.4025896,13.6511224],[99.4026116,13.6511751],[99.4025666,13.6513848],[99.4025698,13.6514483],[99.4025918,13.6515149],[99.4026821,13.6516692],[99.4027581,13.6517494],[99.402938,13.6517277],[99.4038522,13.6515403],[99.403889,13.651551],[99.4040286,13.6517726],[99.4040623,13.6517963],[99.4041147,13.6518],[99.4045464,13.6516983],[99.4046332,13.6516928],[99.4047201,13.6517394],[99.404757,13.6517936],[99.4048826,13.6520742],[99.4049422,13.6521422],[99.405087,13.6522169],[99.4053288,13.6522617],[99.405562,13.6522575],[99.405666,13.652229],[99.4057785,13.6521508],[99.4058488,13.6520818],[99.4059666,13.6518858],[99.4060376,13.6518267],[99.4061025,13.6517861],[99.4065004,13.6516225],[99.4066209,13.6516016],[99.4066881,13.6516061],[99.4067414,13.6516481],[99.4067752,13.6517176],[99.4068122,13.6518675],[99.4069064,13.6520632],[99.4069652,13.6521228],[99.4070207,13.6521258],[99.4070848,13.6520928],[99.4072613,13.6519234],[99.407309,13.6519057],[99.407388,13.6519026],[99.4074748,13.651868],[99.407667,13.6517047],[99.4079093,13.6515873],[99.4079585,13.6515497],[99.4080256,13.6514631],[99.408024,13.6514073],[99.4079618,13.6512077],[99.4079711,13.6511572],[99.408233,13.6505998],[99.4083071,13.6504873],[99.4083266,13.6504383],[99.408339,13.6502918],[99.4083615,13.6502418],[99.4084151,13.6501942],[99.4086933,13.6501124],[99.408786,13.6500715],[99.4088396,13.6499671],[99.4088993,13.6499162],[99.4092102,13.6497452],[99.4093479,13.6496501],[99.4096024,13.6494182],[99.4099262,13.6491853],[99.4100293,13.6490987],[99.4100604,13.6490537],[99.4100698,13.6489698],[99.4100306,13.648902],[99.4097703,13.6487201],[99.409719,13.6486338],[99.4097215,13.6485973],[99.4097561,13.6485362],[99.4099509,13.6483917],[99.4099673,13.6483442],[99.4099629,13.6483002],[99.4099359,13.6482595],[99.4098162,13.6481876],[99.4096833,13.64807],[99.4096033,13.6479302],[99.4095527,13.6477574],[99.4095708,13.6477124],[99.4096549,13.6476673],[99.4097466,13.6475612],[99.4097586,13.6474815],[99.409747,13.6472831],[99.4097945,13.647211],[99.4098422,13.6471905],[99.4099245,13.6471921],[99.4100348,13.6472631],[99.4100989,13.6472681],[99.4101509,13.6472494],[99.410189,13.6472052],[99.410201,13.6471518],[99.410194,13.6470942],[99.4101027,13.6469468],[99.4100931,13.6469002],[99.4101049,13.646734],[99.41007,13.6465984],[99.4100846,13.6465339],[99.4101184,13.6464847],[99.4103608,13.6463139],[99.4104526,13.6462629],[99.4105566,13.6462364],[99.4106451,13.6462583],[99.410666,13.6463032],[99.4106766,13.6464516],[99.4107062,13.6464914],[99.4107842,13.6465141],[99.4111543,13.6464508],[99.4117264,13.64641],[99.4121312,13.6463576],[99.4121779,13.646299],[99.4121752,13.646238],[99.4120769,13.6460542],[99.4120377,13.6459398],[99.4119442,13.6455414],[99.4119493,13.6454634],[99.4120437,13.645381],[99.4120904,13.6453632],[99.4121814,13.6453444],[99.412406,13.6453389],[99.4125126,13.6453192],[99.4127403,13.6451917],[99.4129369,13.6450506],[99.4129845,13.6449895],[99.4129955,13.6448767],[99.4129853,13.6447395],[99.4129407,13.6446494],[99.4128817,13.6446111],[99.4126461,13.6445117],[99.4126186,13.6444849],[99.4126028,13.644435],[99.4126361,13.6442807],[99.412714,13.6441109],[99.4117786,13.6435262],[99.4114143,13.6432585],[99.4110052,13.6429193],[99.4107894,13.6426831],[99.4106508,13.6425044],[99.4105591,13.6423575],[99.4104979,13.6422185],[99.4103813,13.6417436],[99.4103401,13.6414257],[99.4103313,13.6410878],[99.4104801,13.6377762],[99.4111802,13.632488],[99.4112205,13.6322971],[99.4113583,13.6320186],[99.4115235,13.6317816],[99.4116916,13.6316245],[99.4119399,13.6314516],[99.4133254,13.6305789],[99.4136457,13.630351],[99.4137337,13.6302646],[99.4137816,13.6301312],[99.4144654,13.6268681],[99.4144652,13.6267426],[99.414425,13.62668],[99.413767,13.6263517],[99.4132453,13.6260311],[99.4128814,13.6257642],[99.4126524,13.6255765],[99.4120459,13.6251449],[99.4109518,13.6243238],[99.4107934,13.6242399],[99.4106711,13.6241812],[99.4101615,13.6239952],[99.4095795,13.6238144],[99.4094504,13.623781],[99.4084228,13.6236009],[99.4082266,13.6235508],[99.4079855,13.6234519],[99.4079114,13.6234015],[99.4077477,13.6232368],[99.4074114,13.6228065],[99.4071666,13.6225225],[99.4071114,13.6224704],[99.4069737,13.6223949],[99.4068394,13.6223682],[99.4066286,13.6223526],[99.4053182,13.622452],[99.4052078,13.6223622],[99.4051336,13.6220207],[99.4050962,13.6216611],[99.4051507,13.6212654],[99.4052237,13.6209056],[99.4053701,13.6205277],[99.4057554,13.6200416],[99.405994,13.6197894],[99.4073138,13.6190762],[99.4081248,13.618671],[99.4087493,13.6183283],[99.4094107,13.6180036],[99.4106603,13.6176418],[99.4119216,13.6173875],[99.4130839,13.6171752],[99.4143947,13.6168676],[99.4152064,13.6167848],[99.4155602,13.6167639],[99.4189537,13.6171043],[99.4195575,13.6172051],[99.4198073,13.6172047],[99.4198903,13.6170824],[99.4200293,13.6132546],[99.420443,13.6117677],[99.42092,13.6107897],[99.4230597,13.6084448],[99.4258217,13.6062465],[99.4270849,13.6053997],[99.4277899,13.6048411],[99.4309893,13.6020722],[99.4321635,13.6013097],[99.4336033,13.600621],[99.4346081,13.6005636],[99.4353658,13.600694],[99.4358098,13.6008924],[99.4365135,13.6011499],[99.4371477,13.6014894],[99.4392635,13.6027382],[99.4397148,13.6029721],[99.440938,13.6037808],[99.4410837,13.6039655],[99.4411205,13.6041646],[99.4411353,13.6043424],[99.4410993,13.6045131],[99.4409978,13.6046911],[99.4408164,13.6048906],[99.4405695,13.605076],[99.4400175,13.605454],[99.4392723,13.6057966],[99.4390916,13.6059604],[99.4390223,13.6061376],[99.4390226,13.6062874],[99.4390506,13.6064168],[99.4391972,13.6065936],[99.439462,13.6067294],[99.4403188,13.6069253],[99.4412314,13.6071553],[99.4418163,13.6071883],[99.4422968,13.6071943],[99.4432157,13.6070973],[99.4451785,13.606726],[99.4460834,13.6065882],[99.4469639,13.6063805],[99.4473055,13.6062732],[99.4476034,13.6061588],[99.4480103,13.6059732],[99.4482284,13.605923],[99.4483666,13.605937],[99.448563,13.6059935],[99.4490873,13.6063909],[99.4497064,13.6069019],[99.4502161,13.6072637],[99.4504781,13.6073415],[99.4508127,13.6074049],[99.4512418,13.6074468],[99.4517727,13.6074743],[99.4522309,13.6075161],[99.4525873,13.6075155],[99.4531661,13.6074699],[99.4541892,13.6075377],[99.4543271,13.6075592],[99.4545452,13.6076588],[99.4546121,13.6077718],[99.45484,13.6083282],[99.4549427,13.6085412],[99.4549873,13.6086194],[99.4551166,13.6087584],[99.4552234,13.608793],[99.455726,13.6088094],[99.4562108,13.6088042],[99.4568556,13.6087682],[99.4571492,13.6088068],[99.4572426,13.6088371],[99.4573547,13.6089067],[99.4575052,13.6090689],[99.4575925,13.6092389],[99.4576641,13.6094707],[99.4577515,13.6096794],[99.4578388,13.6098339],[99.4579656,13.6100038],[99.4582983,13.6103125],[99.4586388,13.6105594],[99.4589239,13.6107909],[99.4592009,13.6109605],[99.4595413,13.6111455],[99.4599053,13.6113149],[99.4603011,13.6115385],[99.4607365,13.6118161],[99.4614726,13.6122091],[99.4616239,13.6122833],[99.46179,13.6123236],[99.4619383,13.6123349],[99.4621517,13.6122939],[99.4625546,13.612125],[99.462916,13.6119387],[99.4638281,13.611357],[99.4642842,13.6110893],[99.4645802,13.6108509],[99.4647579,13.6107346],[99.4652555,13.6104727],[99.4655044,13.6103794],[99.465866,13.6103091],[99.4664739,13.6102385],[99.4665538,13.6102096],[99.4666018,13.6101783],[99.4666284,13.6101391],[99.4666443,13.6100947],[99.4666985,13.6091895],[99.4667277,13.6091112],[99.4673565,13.6088649],[99.4674231,13.6088178],[99.4674637,13.6087671],[99.4675002,13.6086591],[99.4672917,13.6081545],[99.4672414,13.6079492],[99.4672137,13.6076227],[99.467267,13.607277],[99.4673648,13.6071088],[99.4675411,13.6069549],[99.4679234,13.6067046],[99.4681293,13.6066034],[99.468399,13.6065213],[99.4685363,13.6064395],[99.4685999,13.6063721],[99.468639,13.6062953],[99.468735,13.6053833],[99.4688427,13.6040521],[99.4688215,13.6026223],[99.4687561,13.6020738],[99.4687005,13.6017779],[99.4686678,13.6011524],[99.4685173,13.6000587],[99.4685023,13.5997035],[99.4685234,13.5995502],[99.4686157,13.5993968],[99.4688503,13.5992013],[99.4691705,13.5990544],[99.469996,13.5987742],[99.4704729,13.598634],[99.4710421,13.5983822],[99.4712698,13.5982633],[99.4714476,13.5981376],[99.4715684,13.5980189],[99.4717814,13.5976911],[99.4718948,13.5974053],[99.4721001,13.596785],[99.4722278,13.5965549],[99.4725971,13.5960387],[99.4729594,13.5955852],[99.4732791,13.5952224],[99.4739616,13.5946359],[99.4740611,13.5945173],[99.4742245,13.5943638],[99.4745584,13.5939312],[99.474729,13.5937637],[99.474871,13.5935684],[99.4750272,13.5933522],[99.4751194,13.5931291],[99.4751688,13.5929409],[99.4751756,13.5927668],[99.4751611,13.5926414],[99.4749942,13.5922987],[99.4745972,13.5919235],[99.4744527,13.5917593],[99.4741938,13.5913839],[99.4738123,13.5907403],[99.4731997,13.5892083],[99.4729801,13.5882399],[99.4729905,13.587995],[99.4730662,13.5877606],[99.4733702,13.5873448],[99.4739134,13.5868647],[99.474924,13.586043],[99.4770411,13.5845337],[99.4775712,13.5841314],[99.4781481,13.5837245],[99.4786061,13.5834703],[99.4794218,13.5830828],[99.4799718,13.582916],[99.4802692,13.582796],[99.4805665,13.5826536],[99.4812679,13.5822715],[99.4815576,13.5820843],[99.482487,13.5812239],[99.4831194,13.5806926],[99.4835842,13.5803482],[99.4845592,13.5794131],[99.4848105,13.579114],[99.4850463,13.5787104],[99.4851678,13.5784488],[99.4852743,13.5782844],[99.4854496,13.5781571],[99.485625,13.5780597],[99.4863266,13.577797],[99.486418,13.5777072],[99.4865092,13.5775503],[99.4865697,13.5772739],[99.4866675,13.5765719],[99.4866669,13.5762584],[99.4866359,13.5760195],[99.486368,13.5756318],[99.4863371,13.5754527],[99.4863825,13.5752734],[99.4864735,13.5750045],[99.4867851,13.5743543],[99.4869981,13.574003],[99.4872188,13.573689],[99.4874167,13.5734497],[99.4876757,13.5732103],[99.4878966,13.5729784],[99.4880715,13.572672],[99.4883828,13.5719098],[99.4887475,13.5711252],[99.4889393,13.5705881],[99.4891788,13.5696108],[99.4899572,13.5673044],[99.490066,13.566257],[99.4902082,13.5655544],[99.4903243,13.564871],[99.4904408,13.5644302],[99.4904653,13.5636257],[99.4904577,13.5631341],[99.4904242,13.5626745],[99.4904128,13.560692],[99.4903348,13.5598933],[99.4902807,13.5595723],[99.4899886,13.5585127],[99.4898269,13.5578486],[99.4892895,13.5562892],[99.4890441,13.5556626],[99.4888908,13.5553568],[99.4887301,13.5551107],[99.4882557,13.5545069],[99.4878959,13.5539477],[99.4877808,13.5536642],[99.4877423,13.5534627],[99.4877342,13.5532611],[99.4877643,13.5530595],[99.4878098,13.5529101],[99.4880561,13.5526428],[99.489261,13.5511021],[99.4906765,13.5494109],[99.4916912,13.5486585],[99.4922654,13.5481133],[99.4928393,13.5474556],[99.4930112,13.5471551],[99.4931827,13.5466294],[99.4932161,13.5463512],[99.4931691,13.5455641],[99.4931263,13.5437892],[99.4931383,13.5432848],[99.4932599,13.5411311],[99.4932727,13.5411112],[99.4933975,13.5397489],[99.4933965,13.5392381],[99.4933021,13.5384891],[99.4930922,13.5379561],[99.4926614,13.5372191],[99.492475,13.5368109],[99.4923464,13.5363684],[99.4923457,13.5360052],[99.492437,13.5352584],[99.4923945,13.5345669],[99.4923448,13.534358],[99.4922376,13.5341893],[99.4921552,13.534093],[99.4919741,13.5339566],[99.4913654,13.5337166],[99.4910694,13.5336368],[99.4907566,13.5334042],[99.4906083,13.5331954],[99.4905174,13.5329785],[99.4903851,13.5325847],[99.4900138,13.5318537],[99.4897829,13.5315003],[99.4892638,13.53085],[99.4891484,13.5306653],[99.4890659,13.5304805],[99.488736,13.5294629],[99.4886071,13.5288615],[99.4881991,13.5278748],[99.4879897,13.5275801],[99.4867929,13.5266517],[99.486421,13.5263005],[99.4860558,13.5258727],[99.4856208,13.5254488],[99.4845328,13.5241023],[99.4837601,13.5229995],[99.4832051,13.5222466],[99.4827859,13.5218001],[99.4825307,13.5215754],[99.4820206,13.5212628],[99.4812392,13.5209426],[99.4807128,13.5207507],[99.4804497,13.5206708],[99.4802852,13.5205826],[99.4801698,13.5204461],[99.4800873,13.5202614],[99.4797067,13.5189674],[99.4795499,13.5186702],[99.4794591,13.5184533],[99.4792284,13.5181803],[99.4790474,13.5180681],[99.4786444,13.5178919],[99.4781676,13.5178044],[99.4775593,13.5177493],[99.4762772,13.5176793],[99.4758415,13.5176078],[99.4752001,13.5174321],[99.4750274,13.5173359],[99.4749204,13.5172557],[99.4748462,13.5171353],[99.4747718,13.5169504],[99.4747465,13.5166047],[99.4747377,13.5163072],[99.474777,13.5159471],[99.4748256,13.5150446],[99.4748273,13.5145695]]]}},{"type":"Feature","id":"relation/18934607","properties":{"name_th":"อำเภอสวนผึ้ง","name_en":"Suan Phueng District"},"geometry":{"type":"Polygon","coordinates":[[[99.4748273,13.5145695],[99.4748256,13.5150446],[99.474777,13.5159471],[99.4747377,13.5163072],[99.4747465,13.5166047],[99.4747718,13.5169504],[99.4748462,13.5171353],[99.4749204,13.5172557],[99.4750274,13.5173359],[99.4752001,13.5174321],[99.4758415,13.5176078],[99.4762772,13.5176793],[99.4775593,13.5177493],[99.4781676,13.5178044],[99.4786444,13.5178919],[99.4790474,13.5180681],[99.4792284,13.5181803],[99.4794591,13.5184533],[99.4795499,13.5186702],[99.4797067,13.5189674],[99.4800873,13.5202614],[99.4801698,13.5204461],[99.4802852,13.5205826],[99.4804497,13.5206708],[99.4807128,13.5207507],[99.4812392,13.5209426],[99.4820206,13.5212628],[99.4825307,13.5215754],[99.4827859,13.5218001],[99.4832051,13.5222466],[99.4837601,13.5229995],[99.4845328,13.5241023],[99.4856208,13.5254488],[99.4860558,13.5258727],[99.486421,13.5263005],[99.4867929,13.5266517],[99.4879897,13.5275801],[99.4881991,13.5278748],[99.4886071,13.5288615],[99.488736,13.5294629],[99.4890659,13.5304805],[99.4891484,13.5306653],[99.4892638,13.53085],[99.4897829,13.5315003],[99.4900138,13.5318537],[99.4903851,13.5325847],[99.4905174,13.5329785],[99.4906083,13.5331954],[99.4907566,13.5334042],[99.4910694,13.5336368],[99.4913654,13.5337166],[99.4919741,13.5339566],[99.4921552,13.534093],[99.4922376,13.5341893],[99.4923448,13.534358],[99.4923945,13.5345669],[99.492437,13.5352584],[99.4923457,13.5360052],[99.4923464,13.5363684],[99.492475,13.5368109],[99.4926614,13.5372191],[99.4930922,13.5379561],[99.4933021,13.5384891],[99.4933965,13.5392381],[99.4933975,13.5397489],[99.4932727,13.5411112],[99.4932599,13.5411311],[99.4931383,13.5432848],[99.4931263,13.5437892],[99.4931691,13.5455641],[99.4932161,13.5463512],[99.4931827,13.5466294],[99.4930112,13.5471551],[99.4928393,13.5474556],[99.4922654,13.5481133],[99.4916912,13.5486585],[99.4906765,13.5494109],[99.489261,13.5511021],[99.4880561,13.5526428],[99.4878098,13.5529101],[99.4877643,13.5530595],[99.4877342,13.5532611],[99.4877423,13.5534627],[99.4877808,13.5536642],[99.4878959,13.5539477],[99.4882557,13.5545069],[99.4887301,13.5551107],[99.4888908,13.5553568],[99.4890441,13.5556626],[99.4892895,13.5562892],[99.4898269,13.5578486],[99.4899886,13.5585127],[99.4902807,13.5595723],[99.4903348,13.5598933],[99.4904128,13.560692],[99.4904242,13.5626745],[99.4904577,13.5631341],[99.4904653,13.5636257],[99.4904408,13.5644302],[99.4903243,13.564871],[99.4902082,13.5655544],[99.490066,13.566257],[99.4899572,13.5673044],[99.4891788,13.5696108],[99.4889393,13.5705881],[99.4887475,13.5711252],[99.4883828,13.5719098],[99.4880715,13.572672],[99.4878966,13.5729784],[99.4876757,13.5732103],[99.4874167,13.5734497],[99.4872188,13.573689],[99.4869981,13.574003],[99.4867851,13.5743543],[99.4864735,13.5750045],[99.4863825,13.5752734],[99.4863371,13.5754527],[99.486368,13.5756318],[99.4866359,13.5760195],[99.4866669,13.5762584],[99.4866675,13.5765719],[99.4865697,13.5772739],[99.4865092,13.5775503],[99.486418,13.5777072],[99.4863266,13.577797],[99.485625,13.5780597],[99.4854496,13.5781571],[99.4852743,13.5782844],[99.4851678,13.5784488],[99.4850463,13.5787104],[99.4848105,13.579114],[99.4845592,13.5794131],[99.4835842,13.5803482],[99.4831194,13.5806926],[99.482487,13.5812239],[99.4815576,13.5820843],[99.4812679,13.5822715],[99.4805665,13.5826536],[99.4802692,13.582796],[99.4799718,13.582916],[99.4794218,13.5830828],[99.4786061,13.5834703],[99.4781481,13.5837245],[99.4775712,13.5841314],[99.4770411,13.5845337],[99.474924,13.586043],[99.4739134,13.5868647],[99.4733702,13.5873448],[99.4730662,13.5877606],[99.4729905,13.587995],[99.4729801,13.5882399],[99.4731997,13.5892083],[99.4738123,13.5907403],[99.4741938,13.5913839],[99.4744527,13.5917593],[99.4745972,13.5919235],[99.4749942,13.5922987],[99.4751611,13.5926414],[99.4751756,13.5927668],[99.4751688,13.5929409],[99.4751194,13.5931291],[99.4750272,13.5933522],[99.474871,13.5935684],[99.474729,13.5937637],[99.4745584,13.5939312],[99.4742245,13.5943638],[99.4740611,13.5945173],[99.4739616,13.5946359],[99.4732791,13.5952224],[99.4729594,13.5955852],[99.4725971,13.5960387],[99.4722278,13.5965549],[99.4721001,13.596785],[99.4718948,13.5974053],[99.4717814,13.5976911],[99.4715684,13.5980189],[99.4714476,13.5981376],[99.4712698,13.5982633],[99.4710421,13.5983822],[99.4704729,13.598634],[99.469996,13.5987742],[99.4691705,13.5990544],[99.4688503,13.5992013],[99.4686157,13.5993968],[99.4685234,13.5995502],[99.4685023,13.5997035],[99.4685173,13.6000587],[99.4686678,13.6011524],[99.4687005,13.6017779],[99.4687561,13.6020738],[99.4688215,13.6026223],[99.4688427,13.6040521],[99.468735,13.6053833],[99.468639,13.6062953],[99.4685999,13.6063721],[99.4685363,13.6064395],[99.468399,13.6065213],[99.4681293,13.6066034],[99.4679234,13.6067046],[99.4675411,13.6069549],[99.4673648,13.6071088],[99.467267,13.607277],[99.4672137,13.6076227],[99.4672414,13.6079492],[99.4672917,13.6081545],[99.4675002,13.6086591],[99.4674637,13.6087671],[99.4674231,13.6088178],[99.4673565,13.6088649],[99.4667277,13.6091112],[99.4666985,13.6091895],[99.4666443,13.6100947],[99.4666284,13.6101391],[99.4666018,13.6101783],[99.4665538,13.6102096],[99.4664739,13.6102385],[99.465866,13.6103091],[99.4655044,13.6103794],[99.4652555,13.6104727],[99.4647579,13.6107346],[99.4645802,13.6108509],[99.4642842,13.6110893],[99.4638281,13.611357],[99.462916,13.6119387],[99.4625546,13.612125],[99.4621517,13.6122939],[99.4619383,13.6123349],[99.46179,13.6123236],[99.4616239,13.6122833],[99.4614726,13.6122091],[99.4607365,13.6118161],[99.4603011,13.6115385],[99.4599053,13.6113149],[99.4595413,13.6111455],[99.4592009,13.6109605],[99.4589239,13.6107909],[99.4586388,13.6105594],[99.4582983,13.6103125],[99.4579656,13.6100038],[99.4578388,13.6098339],[99.4577515,13.6096794],[99.4576641,13.6094707],[99.4575925,13.6092389],[99.4575052,13.6090689],[99.4573547,13.6089067],[99.4572426,13.6088371],[99.4571492,13.6088068],[99.4568556,13.6087682],[99.4562108,13.6088042],[99.455726,13.6088094],[99.4552234,13.608793],[99.4551166,13.6087584],[99.4549873,13.6086194],[99.4549427,13.6085412],[99.45484,13.6083282],[99.4546121,13.6077718],[99.4545452,13.6076588],[99.4543271,13.6075592],[99.4541892,13.6075377],[99.4531661,13.6074699],[99.4525873,13.6075155],[99.4522309,13.6075161],[99.4517727,13.6074743],[99.4512418,13.6074468],[99.4508127,13.6074049],[99.4504781,13.6073415],[99.4502161,13.6072637],[99.4497064,13.6069019],[99.4490873,13.6063909],[99.448563,13.6059935],[99.4483666,13.605937],[99.4482284,13.605923],[99.4480103,13.6059732],[99.4476034,13.6061588],[99.4473055,13.6062732],[99.4469639,13.6063805],[99.4460834,13.6065882],[99.4451785,13.606726],[99.4432157,13.6070973],[99.4422968,13.6071943],[99.4418163,13.6071883],[99.4412314,13.6071553],[99.4403188,13.6069253],[99.439462,13.6067294],[99.4391972,13.6065936],[99.4390506,13.6064168],[99.4390226,13.6062874],[99.4390223,13.6061376],[99.4390916,13.6059604],[99.4392723,13.6057966],[99.4400175,13.605454],[99.4405695,13.605076],[99.4408164,13.6048906],[99.4409978,13.6046911],[99.4410993,13.6045131],[99.4411353,13.6043424],[99.4411205,13.6041646],[99.4410837,13.6039655],[99.440938,13.6037808],[99.4397148,13.6029721],[99.4392635,13.6027382],[99.4371477,13.6014894],[99.4365135,13.6011499],[99.4358098,13.6008924],[99.4353658,13.600694],[99.4346081,13.6005636],[99.4336033,13.600621],[99.4321635,13.6013097],[99.4309893,13.6020722],[99.4277899,13.6048411],[99.4270849,13.6053997],[99.4258217,13.6062465],[99.4230597,13.6084448],[99.42092,13.6107897],[99.420443,13.6117677],[99.4200293,13.6132546],[99.4198903,13.6170824],[99.4198073,13.6172047],[99.4195575,13.6172051],[99.4189537,13.6171043],[99.4155602,13.6167639],[99.4152064,13.6167848],[99.4143947,13.6168676],[99.4130839,13.6171752],[99.4119216,13.6173875],[99.4106603,13.6176418],[99.4094107,13.6180036],[99.4087493,13.6183283],[99.4081248,13.618671],[99.4073138,13.6190762],[99.405994,13.6197894],[99.4057554,13.6200416],[99.4053701,13.6205277],[99.4052237,13.6209056],[99.4051507,13.6212654],[99.4050962,13.6216611],[99.4051336,13.6220207],[99.4052078,13.6223622],[99.4053182,13.622452],[99.4066286,13.6223526],[99.4068394,13.6223682],[99.4069737,13.6223949],[99.4071114,13.6224704],[99.4071666,13.6225225],[99.4074114,13.6228065],[99.4077477,13.6232368],[99.4079114,13.6234015],[99.4079855,13.6234519],[99.4082266,13.6235508],[99.4084228,13.6236009],[99.4094504,13.623781],[99.4095795,13.6238144],[99.4101615,13.6239952],[99.4106711,13.6241812],[99.4107934,13.6242399],[99.4109518,13.6243238],[99.4120459,13.6251449],[99.4126524,13.6255765],[99.4128814,13.6257642],[99.4132453,13.6260311],[99.413767,13.6263517],[99.414425,13.62668],[99.4144652,13.6267426],[99.4144654,13.6268681],[99.4137816,13.6301312],[99.4137337,13.6302646],[99.4136457,13.630351],[99.4133254,13.6305789],[99.4119399,13.6314516],[99.4116916,13.6316245],[99.4115235,13.6317816],[99.4113583,13.6320186],[99.4112205,13.6322971],[99.4111802,13.632488],[99.4104801,13.6377762],[99.4103313,13.6410878],[99.4103401,13.6414257],[99.4103813,13.6417436],[99.4104979,13.6422185],[99.4105591,13.6423575],[99.4106508,13.6425044],[99.4107894,13.6426831],[99.4110052,13.6429193],[99.4114143,13.6432585],[99.4117786,13.6435262],[99.412714,13.6441109],[99.4126361,13.6442807],[99.4126028,13.644435],[99.4126186,13.6444849],[99.4126461,13.6445117],[99.4128817,13.6446111],[99.4129407,13.6446494],[99.4129853,13.6447395],[99.4129955,13.6448767],[99.4129845,13.6449895],[99.4129369,13.6450506],[99.4127403,13.6451917],[99.4125126,13.6453192],[99.412406,13.6453389],[99.4121814,13.6453444],[99.4120904,13.6453632],[99.4120437,13.645381],[99.4119493,13.6454634],[99.4119442,13.6455414],[99.4120377,13.6459398],[99.4120769,13.6460542],[99.4121752,13.646238],[99.4121779,13.646299],[99.4121312,13.6463576],[99.4117264,13.64641],[99.4111543,13.6464508],[99.4107842,13.6465141],[99.4107062,13.6464914],[99.4106766,13.6464516],[99.410666,13.6463032],[99.4106451,13.6462583],[99.4105566,13.6462364],[99.4104526,13.6462629],[99.4103608,13.6463139],[99.4101184,13.6464847],[99.4100846,13.6465339],[99.41007,13.6465984],[99.4101049,13.646734],[99.4100931,13.6469002],[99.4101027,13.6469468],[99.410194,13.6470942],[99.410201,13.6471518],[99.410189,13.6472052],[99.4101509,13.6472494],[99.4100989,13.6472681],[99.4100348,13.6472631],[99.4099245,13.6471921],[99.4098422,13.6471905],[99.4097945,13.647211],[99.409747,13.6472831],[99.4097586,13.6474815],[99.4097466,13.6475612],[99.4096549,13.6476673],[99.4095708,13.6477124],[99.4095527,13.6477574],[99.4096033,13.6479302],[99.4096833,13.64807],[99.4098162,13.6481876],[99.4099359,13.6482595],[99.4099629,13.6483002],[99.4099673,13.6483442],[99.4099509,13.6483917],[99.4097561,13.6485362],[99.4097215,13.6485973],[99.409719,13.6486338],[99.4097703,13.6487201],[99.4100306,13.648902],[99.4100698,13.6489698],[99.4100604,13.6490537],[99.4100293,13.6490987],[99.4099262,13.6491853],[99.4096024,13.6494182],[99.4093479,13.6496501],[99.4092102,13.6497452],[99.4088993,13.6499162],[99.4088396,13.6499671],[99.408786,13.6500715],[99.4086933,13.6501124],[99.4084151,13.6501942],[99.4083615,13.6502418],[99.408339,13.6502918],[99.4083266,13.6504383],[99.4083071,13.6504873],[99.408233,13.6505998],[99.4079711,13.6511572],[99.4079618,13.6512077],[99.408024,13.6514073],[99.4080256,13.6514631],[99.4079585,13.6515497],[99.4079093,13.6515873],[99.407667,13.6517047],[99.4074748,13.651868],[99.407388,13.6519026],[99.407309,13.6519057],[99.4072613,13.6519234],[99.4070848,13.6520928],[99.4070207,13.6521258],[99.4069652,13.6521228],[99.4069064,13.6520632],[99.4068122,13.6518675],[99.4067752,13.6517176],[99.4067414,13.6516481],[99.4066881,13.6516061],[99.4066209,13.6516016],[99.4065004,13.6516225],[99.4061025,13.6517861],[99.4060376,13.6518267],[99.4059666,13.6518858],[99.4058488,13.6520818],[99.4057785,13.6521508],[99.405666,13.652229],[99.405562,13.6522575],[99.4053288,13.6522617],[99.405087,13.6522169],[99.4049422,13.6521422],[99.4048826,13.6520742],[99.404757,13.6517936],[99.4047201,13.6517394],[99.4046332,13.6516928],[99.4045464,13.6516983],[99.4041147,13.6518],[99.4040623,13.6517963],[99.4040286,13.6517726],[99.403889,13.651551],[99.4038522,13.6515403],[99.402938,13.6517277],[99.4027581,13.6517494],[99.4026821,13.6516692],[99.4025918,13.6515149],[99.4025698,13.6514483],[99.4025666,13.6513848],[99.4026116,13.6511751],[99.4025896,13.6511224],[99.402563,13.6510949],[99.4024455,13.6510362],[99.4019986,13.6509091],[99.4019172,13.6509024],[99.4017593,13.65097],[99.4016968,13.6509815],[99.4015711,13.650956],[99.4012798,13.6508223],[99.4012019,13.6508007],[99.4009849,13.6507702],[99.4007104,13.6507616],[99.4003007,13.6508402],[99.3998894,13.6510385],[99.39978,13.651075],[99.3996243,13.6510861],[99.3994908,13.6510682],[99.3993572,13.6510376],[99.3990974,13.6509328],[99.39896,13.6508152],[99.3988837,13.6506757],[99.3988071,13.6502968],[99.3987736,13.6502533],[99.3986716,13.6502335],[99.3980579,13.650269],[99.3978668,13.6502257],[99.397633,13.6501318],[99.3972732,13.6501179],[99.3971528,13.6501543],[99.3971027,13.6501889],[99.3969436,13.6503868],[99.3968529,13.6504558],[99.3967491,13.6504923],[99.396178,13.6505295],[99.3961205,13.6505187],[99.3959312,13.6504047],[99.3958328,13.6503759],[99.3957179,13.6503742],[99.3953029,13.6506252],[99.395027,13.6508378],[99.3947767,13.6509107],[99.3944134,13.6509875],[99.394217,13.6510621],[99.394154,13.6511021],[99.393993,13.6512801],[99.3939393,13.6513128],[99.3938911,13.6513292],[99.3937909,13.6513276],[99.3936128,13.6512589],[99.3935702,13.6512681],[99.3935239,13.6513243],[99.3935166,13.6513715],[99.3934713,13.6520371],[99.3934436,13.6520988],[99.3933547,13.6521642],[99.3932694,13.6521952],[99.3930859,13.6522372],[99.3929802,13.6522374],[99.3928968,13.6522212],[99.392624,13.6521146],[99.392051,13.6521083],[99.3919508,13.6520722],[99.3919265,13.6519453],[99.3919685,13.6515426],[99.3919554,13.6514701],[99.391907,13.6513777],[99.3918383,13.6513089],[99.3916879,13.6512094],[99.3915393,13.6510573],[99.3913611,13.6509506],[99.391105,13.6508295],[99.3907469,13.6507049],[99.3906986,13.6506451],[99.3906574,13.6504258],[99.3905795,13.6503769],[99.3905164,13.6503589],[99.3900606,13.6503306],[99.3899016,13.6503535],[99.3895319,13.6505895],[99.3892393,13.6507159],[99.388279,13.6509581],[99.3881442,13.6509583],[99.3880798,13.6509297],[99.3880562,13.6508782],[99.3880758,13.6503868],[99.3880498,13.6502857],[99.3880153,13.6502329],[99.3879661,13.6501993],[99.3878602,13.6501586],[99.3874341,13.6501459],[99.3872099,13.6501662],[99.3869774,13.6502612],[99.3866504,13.650582],[99.3866019,13.6506083],[99.3862282,13.6506405],[99.386111,13.6505833],[99.3857766,13.6503032],[99.3856593,13.6502289],[99.3849681,13.6502242],[99.3845227,13.6500989],[99.3841652,13.6499791],[99.3840539,13.6499793],[99.3839251,13.6500082],[99.3838373,13.6500713],[99.3837321,13.6501975],[99.3836141,13.6507111],[99.3835748,13.6507328],[99.3835279,13.6507306],[99.38344,13.6506849],[99.3826893,13.6501304],[99.3817567,13.64941],[99.3810588,13.6488497],[99.3808536,13.6487469],[99.3807715,13.6487241],[99.3807071,13.6487356],[99.38052,13.6489651],[99.380315,13.6489768],[99.3799868,13.6488685],[99.3789261,13.6485951],[99.3787445,13.6485553],[99.3786508,13.6485612],[99.3785805,13.6485899],[99.378528,13.6487103],[99.3784578,13.648762],[99.3783701,13.648871],[99.3783527,13.648997],[99.3782911,13.6491396],[99.3782218,13.6492396],[99.3780909,13.6493864],[99.3779225,13.6494782],[99.3777615,13.6494985],[99.3775126,13.6494303],[99.3773321,13.6493509],[99.3765163,13.6487933],[99.3763195,13.6487387],[99.3760853,13.6487207],[99.373856,13.6487424],[99.373607,13.6487164],[99.3734632,13.6486625],[99.373024,13.6484277],[99.3729277,13.648411],[99.3727314,13.6484051],[99.3724504,13.648433],[99.371842,13.6486905],[99.3716548,13.6488007],[99.3714956,13.6488375],[99.3712802,13.648847],[99.3708399,13.6488019],[99.3706806,13.6488021],[99.3705402,13.6488665],[99.3704093,13.6489766],[99.3703345,13.6491232],[99.37026,13.6493432],[99.3701105,13.6495999],[99.3699796,13.6497559],[99.3698205,13.6498843],[99.3690342,13.6502244],[99.3685944,13.6504908],[99.3683886,13.6506926],[99.3683046,13.6509034],[99.3682769,13.6511233],[99.3682772,13.6513432],[99.3690116,13.6537604],[99.3691718,13.6543648],[99.369238,13.6547678],[99.3692479,13.6551342],[99.3692955,13.6555829],[99.3693802,13.6558393],[99.369493,13.6560865],[99.3694935,13.6563979],[99.3693818,13.6569019],[99.369317,13.6573601],[99.3692525,13.6580655],[99.3691599,13.6587252],[99.369151,13.6590642],[99.3690859,13.6593574],[99.3689737,13.6595133],[99.3688802,13.659605],[99.3687304,13.6596602],[99.3685899,13.6596604],[99.3681307,13.6595603],[99.3675097,13.6594658],[99.3669606,13.6592665],[99.3655744,13.6585031],[99.3638875,13.6578873],[99.3633415,13.6578776],[99.3626959,13.6577461],[99.3623715,13.6577085],[99.3621575,13.6577088],[99.3619954,13.6577725],[99.3618789,13.6579439],[99.3618474,13.6585275],[99.3617702,13.65894],[99.3614474,13.6599934],[99.3609954,13.6613579],[99.3608595,13.6615674],[99.3606199,13.6618025],[99.3602894,13.662044],[99.3599719,13.6622347],[99.3597062,13.6624381],[99.3596462,13.6625034],[99.3586864,13.6628411],[99.3576038,13.6636671],[99.3566121,13.6649051],[99.3561321,13.666054],[99.356043,13.6669079],[99.3556226,13.6675453],[99.3552918,13.6678806],[99.3541788,13.6685888],[99.3538477,13.6686482],[99.3533355,13.6684428],[99.352763,13.6681492],[99.3519611,13.6673843],[99.3515989,13.6671142],[99.3510456,13.6667486],[99.3508993,13.6666853],[99.3506706,13.6666392],[99.3503526,13.6666618],[99.3502212,13.6667049],[99.3498936,13.6668693],[99.3495752,13.6669614],[99.3491547,13.6670514],[99.347373,13.6677446],[99.3471024,13.6680394],[99.347013,13.6686578],[99.3468945,13.6699535],[99.3464142,13.6709552],[99.3458134,13.6719276],[99.3447314,13.6731951],[99.3435531,13.6739481],[99.3432995,13.6742746],[99.3432116,13.6745856],[99.3432022,13.6761143],[99.3431628,13.6769694],[99.3430834,13.6772146],[99.3429775,13.6774225],[99.3426707,13.6777986],[99.3424388,13.6779918],[99.3421836,13.6781057],[99.3417892,13.6782538],[99.3415457,13.6784925],[99.3413952,13.6787537],[99.341349,13.6789468],[99.3413495,13.6792729],[99.3412659,13.6795124],[99.3409906,13.679912],[99.3405617,13.6803326],[99.3404459,13.680503],[99.3404657,13.6807447],[99.3405044,13.6808548],[99.3405997,13.6809562],[99.3407272,13.6810308],[99.341178,13.6810695],[99.3414566,13.6810691],[99.3416423,13.6810916],[99.3417469,13.6811141],[99.3419095,13.6811934],[99.3419885,13.6812657],[99.3420142,13.6813748],[99.3420261,13.6815564],[99.3420032,13.6817721],[99.341992,13.6821013],[99.3421672,13.6827934],[99.3421791,13.6829977],[99.3421697,13.6831966],[99.3420983,13.6833497],[99.3417736,13.6835658],[99.3414257,13.6837706],[99.3411821,13.6839412],[99.3411126,13.6840548],[99.3410665,13.6842364],[99.3410667,13.6843726],[99.341125,13.6846109],[99.3411026,13.6851104],[99.3409986,13.6854851],[99.340767,13.6858713],[99.3401412,13.6865872],[99.3394119,13.6880297],[99.3386477,13.6893361],[99.3380341,13.6904833],[99.3374095,13.6920846],[99.3369814,13.6930726],[99.3367049,13.6945599],[99.3366596,13.6953999],[99.3367001,13.697703],[99.3366889,13.6982736],[99.3366612,13.6986356],[99.3366292,13.6987931],[99.336501,13.6991907],[99.3364912,13.6993955],[99.3356959,13.7004025],[99.3355375,13.7006769],[99.3354092,13.7009674],[99.3352122,13.7016742],[99.3351443,13.7026809],[99.3349978,13.7040458],[99.3348603,13.7047816],[99.3347814,13.7050527],[99.3346926,13.7052174],[99.3345148,13.7054886],[99.3339979,13.7059895],[99.3332981,13.7069546],[99.3317798,13.7089395],[99.3307682,13.7107254],[99.3301032,13.7138056],[99.3300266,13.7146177],[99.3299912,13.714785],[99.3299344,13.7149104],[99.3298348,13.7150081],[99.3296212,13.7151477],[99.3293791,13.7152316],[99.3290016,13.7153227],[99.3278193,13.7157074],[99.3275914,13.7158052],[99.3273707,13.7159309],[99.3272497,13.7160565],[99.327015,13.7163702],[99.3267874,13.7166353],[99.3266167,13.7168793],[99.326366,13.7172748],[99.3251521,13.719408],[99.3237877,13.7228302],[99.3223711,13.7251124],[99.3213083,13.7266505],[99.3209934,13.7276668],[99.3209479,13.728667],[99.320949,13.7295215],[99.3209119,13.7301903],[99.3208494,13.7308096],[99.3206224,13.7315777],[99.3204836,13.7319247],[99.3202939,13.7322098],[99.3200536,13.7325073],[99.319003,13.7331403],[99.3166987,13.7341216],[99.3164709,13.7342581],[99.3162684,13.734407],[99.3161166,13.7345806],[99.3160156,13.7348407],[99.3159147,13.7351876],[99.3158771,13.7354849],[99.3156447,13.7383072],[99.3157501,13.7412318],[99.3156022,13.7444046],[99.3155693,13.7455492],[99.3157461,13.746439],[99.3163085,13.7484565],[99.3175056,13.7514682],[99.3180587,13.7522414],[99.3185692,13.7529114],[99.3187243,13.7530626],[99.3190057,13.7532614],[99.3192422,13.7533487],[99.3201227,13.7535587],[99.3202696,13.7536899],[99.3207391,13.7543824],[99.3209883,13.7548043],[99.3211317,13.7553499],[99.3211605,13.755557],[99.3211752,13.7562281],[99.3211044,13.7568947],[99.3210328,13.7570561],[99.3209038,13.7571825],[99.3206385,13.7573372],[99.3203014,13.757506],[99.3200288,13.7576186],[99.3198855,13.7577731],[99.3197925,13.7580188],[99.3197072,13.7585661],[99.319643,13.7588538],[99.3195285,13.7590925],[99.319378,13.7592891],[99.3192132,13.7594507],[99.3186754,13.7598161],[99.318532,13.7599496],[99.3181449,13.7602448],[99.317765,13.7606171],[99.3173708,13.7609753],[99.3171128,13.7612563],[99.3169695,13.7614669],[99.3168192,13.7617407],[99.3165831,13.7622812],[99.316483,13.7626251],[99.3163327,13.7628988],[99.3161536,13.7631516],[99.3160033,13.7634324],[99.315617,13.7643519],[99.315567,13.7645624],[99.3155529,13.7647449],[99.3156177,13.7648921],[99.3158763,13.7650812],[99.3161853,13.7654035],[99.3164297,13.7656347],[99.3166093,13.7657747],[99.3166454,13.765915],[99.3166241,13.7661395],[99.316524,13.7663922],[99.3162662,13.7668345],[99.316123,13.7670451],[99.3159053,13.7672647],[99.3160204,13.767381],[99.3159424,13.7674592],[99.3158908,13.7674988],[99.3142105,13.7687937],[99.3137627,13.7689519],[99.3126713,13.7693375],[99.3125187,13.7694145],[99.3123949,13.7695156],[99.3122608,13.7696774],[99.3121564,13.769864],[99.3120722,13.7700391],[99.3115334,13.7710058],[99.3111726,13.7716729],[99.310884,13.7721681],[99.3099855,13.7735984],[99.3084195,13.7753055],[99.3080422,13.775892],[99.3074964,13.7768857],[99.3071658,13.7771233],[99.3070775,13.7771362],[99.3070084,13.7771438],[99.3069713,13.7771479],[99.3067888,13.7771293],[99.3067211,13.7771111],[99.3066056,13.7770664],[99.3065281,13.7770058],[99.3064626,13.7769388],[99.3063618,13.776814],[99.3061064,13.7764588],[99.3056146,13.776321],[99.3054162,13.7762328],[99.3052952,13.7762042],[99.3049394,13.7761758],[99.304781,13.7761632],[99.3045954,13.7761316],[99.3041976,13.7760414],[99.3038399,13.7760127],[99.3037857,13.7760033],[99.3036017,13.7759715],[99.3035777,13.7759654],[99.3035659,13.7759594],[99.303558,13.7759522],[99.3035508,13.7759348],[99.3035463,13.775907],[99.3035305,13.7758308],[99.3035251,13.775817],[99.303508,13.775785],[99.303499,13.7757729],[99.3034757,13.7757473],[99.3034541,13.7757303],[99.3034314,13.7757178],[99.3033266,13.7756724],[99.3033109,13.7756593],[99.3032957,13.7756406],[99.3032852,13.7756235],[99.3032637,13.7755747],[99.3032461,13.775515],[99.3032331,13.775413],[99.3032331,13.7753857],[99.3032382,13.7753482],[99.3032596,13.7751054],[99.3032618,13.7750571],[99.3032559,13.7749741],[99.3032518,13.774949],[99.3032401,13.7748933],[99.3031827,13.7746323],[99.3031206,13.7743162],[99.3030849,13.7741405],[99.3030773,13.7741069],[99.3030744,13.7740847],[99.3030743,13.7740592],[99.3030766,13.7740336],[99.3030853,13.773971],[99.3030963,13.7739437],[99.3031079,13.7739192],[99.303123,13.773893],[99.3031636,13.7738267],[99.3031788,13.7737879],[99.3031851,13.7737621],[99.3031862,13.7737388],[99.3031832,13.7736228],[99.3031779,13.7735961],[99.3031662,13.7735688],[99.3031487,13.7735341],[99.3031312,13.7735136],[99.3031044,13.7734921],[99.3030806,13.7734773],[99.303048,13.7734643],[99.3030014,13.7734541],[99.3029321,13.7734454],[99.3028716,13.7734377],[99.3028249,13.7734288],[99.3027239,13.7733986],[99.3025866,13.7733692],[99.3025563,13.7733601],[99.3025315,13.7733488],[99.3024033,13.7732685],[99.3023412,13.7732375],[99.3022807,13.7732186],[99.3022295,13.7732051],[99.3021899,13.7732013],[99.3021038,13.7731999],[99.3020762,13.7731963],[99.3020223,13.7731894],[99.3019804,13.7731819],[99.3018836,13.7731437],[99.3018557,13.7731296],[99.301836,13.7731144],[99.3018173,13.7730972],[99.3017914,13.773068],[99.3017479,13.7730144],[99.3017283,13.7729983],[99.3016496,13.772951],[99.3015364,13.7729094],[99.301346,13.7728403],[99.3010137,13.7726524],[99.3009769,13.7726316],[99.3009082,13.7725646],[99.300846,13.7724848],[99.3008034,13.7724209],[99.3007561,13.7723322],[99.2999976,13.7708541],[99.299941,13.7707286],[99.2993949,13.7695061],[99.2992844,13.7692786],[99.2991957,13.7691407],[99.2987071,13.7685961],[99.2986302,13.7685392],[99.2985396,13.7685091],[99.2984384,13.7685011],[99.298373,13.7685011],[99.2982353,13.7685205],[99.2979146,13.768608],[99.2974795,13.7687395],[99.2968641,13.7689233],[99.2963208,13.7690528],[99.295946,13.7690984],[99.2958055,13.7691015],[99.295426,13.769102],[99.2950687,13.7690479],[99.2946479,13.768952],[99.2943067,13.7688514],[99.2937691,13.7685692],[99.2924789,13.7676679],[99.2924212,13.7676276],[99.2922902,13.7675485],[99.2918442,13.7672792],[99.291826,13.7672641],[99.2913607,13.7668803],[99.2910981,13.7665863],[99.2908229,13.7661437],[99.2906123,13.7657633],[99.2902282,13.7648243],[99.2900493,13.7644747],[99.2898745,13.7642235],[99.288904,13.7630352],[99.287017,13.7612715],[99.2868537,13.7611188],[99.2865369,13.7608176],[99.2863506,13.7606795],[99.2862114,13.7605764],[99.2856574,13.7603248],[99.2852216,13.7601629],[99.2849943,13.7601037],[99.2845159,13.7600322],[99.2841715,13.7600595],[99.2838271,13.7601138],[99.2835242,13.7602084],[99.2825787,13.7605985],[99.2819336,13.7608095],[99.281913,13.7608162],[99.2815411,13.7608974],[99.2808248,13.7609791],[99.2804717,13.7609559],[99.2802444,13.760936],[99.2800273,13.7608554],[99.2798619,13.7607849],[99.2795881,13.7606028],[99.2783219,13.7596005],[99.2781037,13.7594032],[99.2780416,13.7592619],[99.2779813,13.7589154],[99.2779107,13.757843],[99.2778639,13.7575855],[99.2777862,13.7574256],[99.2773429,13.7567187],[99.2771055,13.7564019],[99.2770513,13.756336],[99.2769561,13.7562204],[99.2766946,13.7560819],[99.2765395,13.7560114],[99.2763638,13.7559611],[99.276021,13.7559059],[99.2741834,13.7557514],[99.2739766,13.7556607],[99.2738112,13.7555801],[99.2735446,13.755344],[99.2733342,13.7551046],[99.2731207,13.7547494],[99.2730144,13.7545003],[99.2729729,13.7543489],[99.2729415,13.7540661],[99.2729309,13.7538237],[99.2729512,13.7535106],[99.2730026,13.7532883],[99.273765,13.7513382],[99.2738059,13.7510251],[99.2737641,13.750611],[99.2736916,13.7504293],[99.2735777,13.7502274],[99.273319,13.7498843],[99.2712322,13.7480814],[99.270055,13.7470644],[99.2687969,13.7463392],[99.2681074,13.7457339],[99.2674591,13.7450074],[99.2665365,13.743828],[99.2663637,13.7436893],[99.2661854,13.7435834],[99.2658985,13.743455],[99.2656526,13.7434068],[99.265399,13.7434416],[99.2634965,13.744519],[99.2627254,13.7448296],[99.2623949,13.7449107],[99.2619265,13.7448978],[99.2615407,13.7448578],[99.2607277,13.7446162],[99.2594322,13.7441597],[99.2591566,13.7440792],[99.2589638,13.7440929],[99.2587709,13.7441066],[99.258523,13.7441742],[99.2580299,13.7444608],[99.2554791,13.7465433],[99.2552171,13.746646],[99.2547892,13.746612],[99.2546284,13.7465302],[99.2545354,13.7464545],[99.254416,13.7463259],[99.2536436,13.7446683],[99.2533706,13.744206],[99.2531146,13.7439336],[99.2529362,13.7438125],[99.2527089,13.7437368],[99.2525022,13.7437221],[99.2523317,13.7437298],[99.2521458,13.743783],[99.2521136,13.7437988],[99.2520219,13.7438438],[99.2518903,13.7439499],[99.2518361,13.7440258],[99.2517421,13.7442192],[99.2514801,13.745617],[99.2514083,13.7457989],[99.251257,13.7459731],[99.2509939,13.7461951],[99.2507864,13.7463191],[99.2504997,13.7464904],[99.250357,13.7465674],[99.2500308,13.7467106],[99.249994,13.7467211],[99.2488632,13.7470095],[99.2467771,13.7475437],[99.246413,13.7476369],[99.2458784,13.7477172],[99.2449738,13.7478083],[99.2442694,13.7478543],[99.2438265,13.7479231],[99.2436702,13.7479691],[99.243554,13.7480034],[99.2433526,13.7480869],[99.2431512,13.7482234],[99.2428107,13.7486252],[99.2425476,13.7489739],[99.2417837,13.7499398],[99.2411091,13.7507556],[99.240959,13.7510097],[99.2407405,13.7512688],[99.2405753,13.7513633],[99.2403825,13.7514308],[99.2401621,13.7514579],[99.2397102,13.7514255],[99.239175,13.7513039],[99.2386966,13.7512081],[99.2384022,13.7511295],[99.2382333,13.751038],[99.2382071,13.7510146],[99.2381015,13.7509206],[99.2375261,13.7502529],[99.2368944,13.7496315],[99.2368345,13.7495725],[99.2365113,13.7491711],[99.2361865,13.7486748],[99.2360526,13.74843],[99.2359797,13.7482258],[99.2359546,13.7480592],[99.2359506,13.7478843],[99.2359438,13.7475907],[99.235926,13.747484],[99.2358933,13.7474142],[99.2358247,13.7473112],[99.2357074,13.7472155],[99.2354813,13.7470691],[99.235304,13.7469874],[99.2351965,13.7469456],[99.2350541,13.7469148],[99.2349486,13.7469149],[99.2348155,13.7469343],[99.2347174,13.7469808],[99.2322818,13.7489644],[99.2319929,13.7491016],[99.2319761,13.7491096],[99.2318167,13.7491648],[99.2316761,13.7491832],[99.2313666,13.7492019],[99.230938,13.7491499],[99.2301159,13.7489204],[99.2297531,13.7487618],[99.2293152,13.7484811],[99.2288241,13.7481235],[99.2282761,13.7477245],[99.2280139,13.74759],[99.2277637,13.7475047],[99.2273717,13.7474458],[99.2267374,13.7474206],[99.2261007,13.7474695],[99.2256985,13.7475258],[99.2241289,13.7480221],[99.2234908,13.7482238],[99.2232126,13.7483017],[99.2227875,13.7483265],[99.2224873,13.7483023],[99.2222858,13.748243],[99.2211286,13.747778],[99.2208446,13.7476077],[99.2206985,13.7474972],[99.2205078,13.7472694],[99.2196454,13.7447474],[99.2194326,13.744357],[99.2193074,13.7441737],[99.2191071,13.744],[99.2190822,13.7439784],[99.2162166,13.7423943],[99.2159171,13.742331],[99.2156795,13.7423068],[99.2154135,13.7423363],[99.2132548,13.7426469],[99.2129358,13.7426641],[99.2127164,13.742676],[99.2120661,13.7425788],[99.211547,13.7424303],[99.211212,13.7422806],[99.2110028,13.7420541],[99.2109151,13.7418708],[99.2108899,13.7416508],[99.210893,13.7415193],[99.2114687,13.7394924],[99.211785,13.7389631],[99.2123784,13.7379698],[99.2124034,13.7378799],[99.2124244,13.7377768],[99.2124243,13.7376874],[99.2124031,13.7375843],[99.2123538,13.7374812],[99.2123372,13.7374563],[99.2121637,13.7372476],[99.2118611,13.737014],[99.2113403,13.7367051],[99.2112137,13.7366571],[99.2110237,13.736616],[99.2108268,13.7366024],[99.2102626,13.7366737],[99.2094842,13.7367512],[99.2090447,13.7367431],[99.208326,13.7366836],[99.2075256,13.7365572],[99.2070545,13.7364624],[99.2062875,13.7362692],[99.2038269,13.7352567],[99.2019598,13.7342673],[99.200364,13.7331254],[99.1987275,13.7313134],[99.1971901,13.7306153],[99.1962159,13.7305714],[99.1958624,13.7306476],[99.1953644,13.731718],[99.1948596,13.7324634],[99.1938002,13.7332965],[99.1921798,13.7342707],[99.1912991,13.7348318],[99.1906992,13.7351501],[99.1902806,13.7353393],[99.1895617,13.7355299],[99.1889883,13.7356393],[99.1882916,13.7357184],[99.1880872,13.7357231],[99.1879775,13.7357139],[99.1879254,13.7357095],[99.1877046,13.7356548],[99.1875596,13.7355792],[99.1874329,13.7354967],[99.1873032,13.7353458],[99.1864222,13.7340699],[99.1861006,13.7337005],[99.1858182,13.7334862],[99.1855002,13.733371],[99.1852376,13.7333345],[99.18465,13.7333594],[99.1841749,13.733482],[99.1837499,13.7336656],[99.18355,13.733788],[99.1833058,13.7339857],[99.1832532,13.7340522],[99.1830426,13.7343185],[99.1819683,13.7373268],[99.181801,13.7375439],[99.1814844,13.7377723],[99.1811844,13.7379355],[99.1807844,13.738001],[99.180292,13.7379677],[99.1775376,13.7373726],[99.1772407,13.7373084],[99.1769281,13.7372842],[99.1766155,13.7373333],[99.1765155,13.7373823],[99.1764155,13.7374434],[99.1762656,13.7375658],[99.1762156,13.7376392],[99.1761956,13.7376686],[99.1760347,13.7379049],[99.1754659,13.7390884],[99.1749203,13.7402236],[99.1747012,13.7404857],[99.1746173,13.7405861],[99.1743799,13.7407452],[99.1741464,13.7408496],[99.1738923,13.7409044],[99.1734686,13.7409269],[99.1730171,13.7409173],[99.1726091,13.7408696],[99.1722042,13.7407467],[99.1716965,13.7405173],[99.1713406,13.7402858],[99.1707963,13.7398462],[99.1695465,13.7386483],[99.1694425,13.7385487],[99.1675932,13.7365857],[99.1673299,13.7360636],[99.1672111,13.735687],[99.1671303,13.7350989],[99.167091,13.733543],[99.1675307,13.7264943],[99.166965,13.726142],[99.167243,13.725772],[99.167382,13.725288],[99.167598,13.72486],[99.167907,13.724533],[99.168169,13.724119],[99.168215,13.723735],[99.168215,13.722866],[99.168169,13.722452],[99.168046,13.722068],[99.16783,13.721783],[99.16766,13.721384],[99.16766,13.721028],[99.167768,13.720657],[99.168077,13.720102],[99.168231,13.719276],[99.1682,13.718463],[99.168354,13.717252],[99.16837,13.716797],[99.168601,13.715956],[99.168648,13.715571],[99.16854,13.711824],[99.168725,13.71097],[99.168771,13.710414],[99.168864,13.710029],[99.169003,13.709032],[99.169172,13.708305],[99.169311,13.708006],[99.169327,13.707479],[99.169172,13.706824],[99.169003,13.706581],[99.168879,13.706154],[99.168678,13.705855],[99.16854,13.705442],[99.168447,13.704473],[99.168462,13.701866],[99.168431,13.701353],[99.168215,13.701011],[99.167783,13.700498],[99.167243,13.699586],[99.167104,13.69923],[99.166873,13.698005],[99.166842,13.697065],[99.16695,13.695668],[99.167197,13.694429],[99.167367,13.694144],[99.167644,13.693816],[99.167999,13.693503],[99.168385,13.693289],[99.169249,13.692961],[99.169481,13.692762],[99.169682,13.692463],[99.169851,13.692149],[99.169898,13.690767],[99.170145,13.690468],[99.170731,13.689998],[99.171271,13.689428],[99.171564,13.688615],[99.171564,13.688273],[99.171487,13.687789],[99.171256,13.686991],[99.170762,13.686678],[99.170376,13.686535],[99.170114,13.686336],[99.16999,13.685852],[99.16999,13.685609],[99.170175,13.684626],[99.170175,13.68427],[99.169975,13.683415],[99.169836,13.683073],[99.169311,13.682461],[99.169033,13.682204],[99.168725,13.682062],[99.168323,13.681948],[99.166826,13.682019],[99.166425,13.682019],[99.166163,13.681962],[99.165808,13.681748],[99.165515,13.681506],[99.165515,13.681264],[99.165546,13.680936],[99.165654,13.680551],[99.166255,13.679811],[99.166549,13.679255],[99.16678,13.678258],[99.166919,13.676804],[99.166935,13.673684],[99.167089,13.672873],[99.167644,13.672203],[99.16786,13.67206],[99.170283,13.672075],[99.170762,13.671989],[99.171163,13.671633],[99.171194,13.670892],[99.171055,13.670522],[99.171009,13.670137],[99.171009,13.669225],[99.171055,13.668883],[99.171333,13.668541],[99.171441,13.668157],[99.171441,13.667843],[99.171317,13.666903],[99.171302,13.666362],[99.171148,13.665735],[99.171055,13.664111],[99.170978,13.663726],[99.170746,13.66307],[99.170746,13.662215],[99.170839,13.661788],[99.170839,13.661503],[99.170777,13.661161],[99.170314,13.660064],[99.169712,13.659167],[99.169404,13.658582],[99.168632,13.657357],[99.168354,13.657072],[99.167969,13.656417],[99.167722,13.656118],[99.167598,13.655804],[99.167552,13.655448],[99.167289,13.654679],[99.167166,13.653852],[99.167243,13.653553],[99.167629,13.653125],[99.167938,13.65237],[99.168185,13.651572],[99.168401,13.651159],[99.168864,13.650575],[99.169419,13.649763],[99.169558,13.649378],[99.169743,13.649065],[99.170052,13.648737],[99.170422,13.648438],[99.171657,13.647668],[99.17175,13.647469],[99.171703,13.646942],[99.171595,13.6467],[99.171148,13.646272],[99.170299,13.645717],[99.170037,13.645474],[99.169867,13.644477],[99.169743,13.644221],[99.169682,13.643907],[99.169682,13.642426],[99.169342,13.641571],[99.169126,13.641229],[99.169095,13.640459],[99.16945,13.639648],[99.169682,13.639405],[99.170052,13.638665],[99.170067,13.638038],[99.170006,13.637368],[99.170114,13.636684],[99.170206,13.633992],[99.17033,13.633507],[99.170453,13.633208],[99.170916,13.632481],[99.172135,13.630957],[99.172351,13.63043],[99.172336,13.629888],[99.172243,13.629561],[99.171996,13.629219],[99.171811,13.628863],[99.171487,13.628606],[99.171024,13.628335],[99.170777,13.628022],[99.170376,13.627238],[99.170376,13.626668],[99.170469,13.626255],[99.170515,13.625001],[99.170314,13.624446],[99.169697,13.623563],[99.168817,13.622608],[99.168493,13.622338],[99.167644,13.621853],[99.167459,13.621639],[99.167289,13.621198],[99.167289,13.620756],[99.16766,13.619802],[99.167999,13.619374],[99.168185,13.618277],[99.168215,13.617251],[99.168138,13.616525],[99.168061,13.61604],[99.167891,13.615584],[99.167891,13.615143],[99.167675,13.614544],[99.167228,13.613974],[99.166626,13.613704],[99.166394,13.613518],[99.165962,13.613376],[99.165484,13.613134],[99.165453,13.612963],[99.165684,13.612492],[99.166317,13.612136],[99.166626,13.61188],[99.166749,13.611638],[99.166796,13.611338],[99.166919,13.61111],[99.167012,13.609856],[99.167382,13.609016],[99.16766,13.608688],[99.168678,13.607734],[99.16928,13.606964],[99.169465,13.606622],[99.169512,13.605369],[99.169435,13.604428],[99.169496,13.603416],[99.169975,13.60269],[99.170268,13.602376],[99.170716,13.601493],[99.171101,13.600895],[99.171672,13.59967],[99.172166,13.598117],[99.17229,13.597533],[99.172876,13.596977],[99.173678,13.596464],[99.174681,13.595524],[99.175268,13.595054],[99.176117,13.594185],[99.176456,13.593344],[99.176935,13.591833],[99.177151,13.590523],[99.177336,13.588599],[99.177428,13.588358],[99.177444,13.588115],[99.177598,13.587716],[99.17786,13.587332],[99.178617,13.586491],[99.178848,13.586035],[99.178848,13.58575],[99.178833,13.585579],[99.178694,13.585237],[99.178551,13.584457],[99.177963,13.58401],[99.176341,13.583375],[99.175729,13.582999],[99.174554,13.581705],[99.174107,13.581306],[99.173496,13.581165],[99.172367,13.581094],[99.171719,13.579553],[99.171132,13.578983],[99.170793,13.578726],[99.170067,13.578399],[99.169712,13.578399],[99.169435,13.578456],[99.168879,13.57884],[99.168648,13.57894],[99.168401,13.579011],[99.167783,13.57904],[99.167197,13.578869],[99.166981,13.578712],[99.166734,13.578313],[99.16661,13.578],[99.166472,13.576989],[99.166194,13.57629],[99.165978,13.575977],[99.165777,13.575792],[99.165113,13.575535],[99.164404,13.575122],[99.163647,13.574495],[99.163586,13.574239],[99.163863,13.573797],[99.164203,13.573498],[99.164975,13.57307],[99.165453,13.572928],[99.166549,13.572401],[99.167598,13.571816],[99.168215,13.571389],[99.168756,13.570762],[99.169465,13.569865],[99.169944,13.569138],[99.169851,13.567713],[99.169867,13.567029],[99.170268,13.566303],[99.170976,13.564835],[99.171604,13.564036],[99.172518,13.563008],[99.173374,13.562665],[99.174574,13.562551],[99.175487,13.562665],[99.177657,13.563065],[99.178286,13.56198],[99.179142,13.560895],[99.179313,13.556383],[99.179599,13.555527],[99.180056,13.554613],[99.180969,13.553756],[99.181883,13.553014],[99.18234,13.552272],[99.182569,13.551529],[99.182854,13.550901],[99.1830923,13.5508218],[99.18354,13.550673],[99.184681,13.550673],[99.186338,13.551301],[99.187137,13.550844],[99.18788,13.550216],[99.188108,13.549359],[99.188165,13.548217],[99.188051,13.547532],[99.188337,13.546732],[99.188907,13.546332],[99.190164,13.546104],[99.191249,13.54599],[99.192105,13.545647],[99.192448,13.545019],[99.192677,13.543706],[99.192734,13.542278],[99.192848,13.541478],[99.192505,13.54045],[99.192219,13.539365],[99.192105,13.535539],[99.191877,13.534226],[99.191592,13.533369],[99.190849,13.53177],[99.189878,13.530057],[99.189536,13.529029],[99.189422,13.528287],[99.189536,13.527544],[99.189821,13.526973],[99.190278,13.526516],[99.190563,13.526059],[99.190792,13.52526],[99.190792,13.524175],[99.190278,13.521776],[99.190335,13.521262],[99.191078,13.519721],[99.191477,13.518578],[99.191934,13.516865],[99.191763,13.516009],[99.191649,13.514981],[99.191592,13.513896],[99.191763,13.513039],[99.19182,13.512468],[99.19182,13.51184],[99.19142,13.510812],[99.191192,13.509498],[99.190735,13.50887],[99.19005,13.508185],[99.189536,13.507443],[99.189136,13.506586],[99.188222,13.505901],[99.187594,13.505615],[99.187822,13.50453],[99.188108,13.503788],[99.188393,13.502189],[99.188679,13.501675],[99.189193,13.501275],[99.190963,13.500704],[99.190906,13.50019],[99.189993,13.500076],[99.18885,13.49979],[99.188108,13.499276],[99.187423,13.498191],[99.187194,13.497449],[99.187251,13.496821],[99.187537,13.496021],[99.188894,13.494681],[99.18945,13.493869],[99.189774,13.493485],[99.190175,13.492787],[99.19053,13.492402],[99.190669,13.492174],[99.1909,13.491476],[99.1909,13.490393],[99.19107,13.490123],[99.1910605,13.489878],[99.1913489,13.4896664],[99.1916405,13.4894268],[99.192151,13.489315],[99.192475,13.489339],[99.193061,13.488983],[99.193817,13.487857],[99.194558,13.486903],[99.194759,13.486518],[99.1955873,13.4854449],[99.196271,13.485478],[99.196919,13.485079],[99.197228,13.484752],[99.197321,13.48441],[99.197243,13.483897],[99.197259,13.483184],[99.197459,13.482842],[99.197737,13.482515],[99.1994696,13.4816566],[99.200268,13.481261],[99.200515,13.48109],[99.200978,13.480933],[99.202182,13.480705],[99.202583,13.480548],[99.203092,13.480221],[99.203293,13.480007],[99.203417,13.479708],[99.203648,13.479409],[99.203694,13.478796],[99.203494,13.478483],[99.203031,13.477998],[99.202321,13.476531],[99.20229,13.476317],[99.202244,13.475833],[99.202305,13.474906],[99.20246,13.47455],[99.202568,13.474009],[99.202738,13.473097],[99.20283,13.472114],[99.203031,13.471459],[99.203278,13.471059],[99.204296,13.469706],[99.205037,13.468609],[99.206163,13.467298],[99.206426,13.466885],[99.206781,13.466158],[99.206904,13.465546],[99.20692,13.464977],[99.206812,13.464093],[99.206518,13.463053],[99.206518,13.46197],[99.206673,13.461628],[99.20692,13.461386],[99.207367,13.460545],[99.207413,13.45989],[99.207491,13.459548],[99.207506,13.458337],[99.207413,13.458081],[99.207136,13.457981],[99.206133,13.45791],[99.205932,13.45781],[99.205793,13.45761],[99.2055,13.456884],[99.205253,13.456485],[99.205099,13.456115],[99.204559,13.455516],[99.204188,13.455203],[99.203895,13.454961],[99.203509,13.454747],[99.203185,13.454491],[99.202676,13.45422],[99.202182,13.454006],[99.200314,13.453336],[99.200021,13.453265],[99.199419,13.453009],[99.198725,13.452353],[99.197953,13.451855],[99.197598,13.451555],[99.197274,13.451228],[99.197182,13.450914],[99.198324,13.449874],[99.198555,13.449489],[99.199265,13.448022],[99.199404,13.447481],[99.199836,13.446555],[99.19999,13.446084],[99.19996,13.445472],[99.199836,13.445116],[99.199358,13.444204],[99.199358,13.44389],[99.199605,13.442694],[99.19979,13.442223],[99.19999,13.441782],[99.200268,13.44134],[99.200762,13.440841],[99.20121,13.440556],[99.201364,13.440229],[99.201456,13.439901],[99.201549,13.439018],[99.201734,13.438505],[99.203108,13.436396],[99.203787,13.435584],[99.204095,13.435114],[99.204327,13.433575],[99.204296,13.432848],[99.204234,13.432563],[99.203818,13.431865],[99.202799,13.430953],[99.202197,13.430312],[99.201997,13.42997],[99.20175,13.428888],[99.201441,13.428446],[99.201117,13.428147],[99.200839,13.42799],[99.200639,13.427719],[99.200639,13.427449],[99.201132,13.42638],[99.201395,13.425938],[99.201395,13.425696],[99.201549,13.425354],[99.20175,13.425141],[99.202166,13.424955],[99.202506,13.424713],[99.203293,13.424029],[99.203586,13.423716],[99.204497,13.423004],[99.204713,13.422918],[99.204975,13.422904],[99.206996,13.422933],[99.207321,13.422762],[99.207691,13.422078],[99.207722,13.421408],[99.207506,13.420653],[99.207259,13.420097],[99.206549,13.419171],[99.206472,13.418801],[99.206472,13.418544],[99.206642,13.418302],[99.207197,13.417761],[99.207922,13.417219],[99.208602,13.416806],[99.208987,13.416707],[99.209435,13.416522],[99.209666,13.416351],[99.209867,13.416123],[99.210222,13.415339],[99.210314,13.413629],[99.21033,13.41125],[99.210283,13.410936],[99.209713,13.410224],[99.209327,13.409825],[99.20891,13.409455],[99.207907,13.408714],[99.207583,13.408286],[99.20729,13.40813],[99.206997,13.407887],[99.20587,13.406819],[99.205345,13.40622],[99.205068,13.405821],[99.205006,13.405422],[99.204883,13.405038],[99.204713,13.404596],[99.204512,13.404268],[99.203987,13.402886],[99.203957,13.402459],[99.204018,13.40196],[99.204157,13.40159],[99.204589,13.400892],[99.204836,13.400393],[99.204852,13.399909],[99.204728,13.399339],[99.204728,13.398712],[99.204774,13.398555],[99.204975,13.398213],[99.205253,13.397942],[99.205716,13.397672],[99.205978,13.39743],[99.206132,13.396974],[99.206102,13.396062],[99.205916,13.395179],[99.205731,13.39468],[99.205608,13.394096],[99.205608,13.393483],[99.205623,13.393099],[99.205978,13.392044],[99.206132,13.391417],[99.206333,13.389993],[99.20621,13.389523],[99.2055,13.388597],[99.205237,13.387941],[99.205145,13.3874],[99.205222,13.386445],[99.204805,13.385491],[99.204636,13.38522],[99.204589,13.384907],[99.204697,13.384578],[99.20496,13.38435],[99.205608,13.383595],[99.205947,13.383367],[99.206163,13.382968],[99.206333,13.382014],[99.206703,13.380975],[99.20692,13.380519],[99.206935,13.380191],[99.206827,13.380006],[99.206102,13.379835],[99.205561,13.379806],[99.205037,13.379592],[99.204666,13.379322],[99.20442,13.379022],[99.204296,13.378453],[99.204342,13.37794],[99.204219,13.377655],[99.203926,13.377227],[99.203586,13.376899],[99.202645,13.376258],[99.202321,13.375859],[99.202197,13.375532],[99.202599,13.374292],[99.202722,13.37348],[99.202691,13.373053],[99.202398,13.372825],[99.202136,13.372483],[99.201503,13.371941],[99.201595,13.371628],[99.201827,13.371272],[99.202197,13.370916],[99.20246,13.370574],[99.203031,13.369676],[99.203247,13.36942],[99.203478,13.369007],[99.203571,13.368579],[99.203756,13.368223],[99.204435,13.367482],[99.205824,13.366371],[99.20587,13.366043],[99.205778,13.36402],[99.205886,13.363764],[99.206024,13.362895],[99.205978,13.361513],[99.205901,13.361142],[99.205623,13.360487],[99.205407,13.360188],[99.205237,13.35976],[99.205021,13.358905],[99.204836,13.358378],[99.204065,13.357181],[99.203833,13.35654],[99.203154,13.355543],[99.202691,13.35476],[99.203,13.354389],[99.203524,13.354061],[99.203879,13.353591],[99.204111,13.353064],[99.204466,13.352537],[99.204651,13.351953],[99.204744,13.351411],[99.205099,13.350585],[99.20516,13.350157],[99.205592,13.349117],[99.205824,13.348832],[99.20604,13.348419],[99.205839,13.347636],[99.205839,13.346581],[99.205916,13.346125],[99.205886,13.34567],[99.205824,13.345328],[99.205423,13.344245],[99.205623,13.34329],[99.206071,13.341894],[99.206302,13.340825],[99.206472,13.340555],[99.206765,13.340256],[99.206842,13.340056],[99.206796,13.339229],[99.206534,13.338545],[99.206457,13.338004],[99.206349,13.337662],[99.205963,13.337021],[99.205237,13.336978],[99.204666,13.336765],[99.204358,13.336579],[99.203293,13.33618],[99.202197,13.335554],[99.201858,13.33524],[99.201626,13.334927],[99.2007,13.333231],[99.20053,13.332847],[99.200129,13.33155],[99.199419,13.329883],[99.199203,13.3289],[99.2000311,13.3287682],[99.2004443,13.3284181],[99.2010074,13.3274238],[99.2011009,13.3269083],[99.2011006,13.3265034],[99.2010439,13.3261169],[99.2009492,13.3252151],[99.2009675,13.3246444],[99.2013053,13.3240368],[99.2016621,13.3236868],[99.2019062,13.3231598],[99.2018995,13.3229657],[99.2019377,13.3228233],[99.2022904,13.3223174],[99.2023536,13.3221374],[99.2023587,13.3215313],[99.2023236,13.3213779],[99.2022059,13.321057],[99.2020604,13.3208596],[99.2016827,13.3205498],[99.2015828,13.3204146],[99.2015339,13.3202313],[99.20154,13.3201713],[99.2015843,13.3200663],[99.2016524,13.3199828],[99.201982,13.3197694],[99.202206,13.3196639],[99.2023767,13.3194095],[99.2023656,13.3183453],[99.2023919,13.3182218],[99.2025912,13.3177771],[99.2026564,13.3176603],[99.2027996,13.3174917],[99.2028284,13.3174397],[99.2028691,13.3171903],[99.2028843,13.316814],[99.2028236,13.3164472],[99.2027779,13.3163175],[99.2026471,13.3160466],[99.2026161,13.3159207],[99.2026457,13.3157769],[99.2027071,13.3156601],[99.2027757,13.3155749],[99.2030436,13.315355],[99.2035195,13.3151009],[99.2042481,13.3147773],[99.2048163,13.3145847],[99.2059975,13.3139852],[99.2063443,13.3134407],[99.2063902,13.3130326],[99.2064359,13.3122616],[99.2068058,13.3117172],[99.2075231,13.3112405],[99.2081101,13.31106],[99.2098134,13.3104927],[99.2099053,13.3104195],[99.2099294,13.3103466],[99.2099292,13.3101442],[99.2099466,13.3100705],[99.2100266,13.3099271],[99.2104044,13.3095502],[99.210595,13.3094131],[99.2106544,13.3093507],[99.2107307,13.3092207],[99.2107527,13.309153],[99.2107401,13.3090747],[99.2104568,13.3086502],[99.2104513,13.3085548],[99.2105317,13.3081535],[99.2106002,13.3080361],[99.2109974,13.30777],[99.2111407,13.3076669],[99.2111774,13.3076209],[99.2112445,13.3073415],[99.2113077,13.3071836],[99.211368,13.3070996],[99.2114707,13.3070464],[99.211535,13.3070303],[99.2116815,13.3070143],[99.2119505,13.3070115],[99.2120072,13.3069883],[99.2120425,13.3069515],[99.2120956,13.3068054],[99.2121648,13.3066698],[99.212359,13.306494],[99.2126936,13.3062752],[99.2130674,13.3060777],[99.2133574,13.3059483],[99.2137596,13.3058089],[99.2140511,13.3057597],[99.2145341,13.3056369],[99.21527,13.3053678],[99.2155214,13.3052554],[99.215733,13.3050894],[99.2160891,13.3049062],[99.2171755,13.3044651],[99.2173369,13.3044317],[99.2173744,13.3044352],[99.2174215,13.3044677],[99.2175445,13.3046525],[99.2176008,13.3046807],[99.2176653,13.3046785],[99.2177903,13.304655],[99.2183772,13.3043673],[99.218678,13.3041857],[99.2187752,13.3041068],[99.2190448,13.3038619],[99.2192387,13.3035921],[99.2193049,13.3033655],[99.219325,13.3025448],[99.2193645,13.3022615],[99.2193972,13.3021526],[99.2194509,13.302043],[99.2195919,13.3019164],[99.2197215,13.3018486],[99.219858,13.3018019],[99.2202435,13.3017326],[99.2205398,13.3017093],[99.2208567,13.3017224],[99.2211497,13.3017064],[99.2213956,13.3016809],[99.2216511,13.3016193],[99.2220759,13.3014115],[99.2226604,13.3009784],[99.223039,13.3008384],[99.223203,13.3008044],[99.2237306,13.3008253],[99.2238888,13.3008502],[99.2239332,13.3008641],[99.224116,13.3010017],[99.224229,13.3010414],[99.224482,13.3010733],[99.2249835,13.3012839],[99.2254101,13.3016369],[99.2255321,13.3018157],[99.2256307,13.3020129],[99.2257153,13.3023432],[99.2257717,13.30249],[99.2258467,13.3025954],[99.2260671,13.3028063],[99.2262411,13.3029123],[99.226428,13.3029345],[99.2266933,13.3029298],[99.2271213,13.3028283],[99.227524,13.3026949],[99.2277957,13.3026534],[99.228591,13.3025708],[99.2286813,13.3025382],[99.2287984,13.3024644],[99.2288833,13.3024442],[99.2290892,13.3024478],[99.2291838,13.3024667],[99.2294131,13.302606],[99.2295253,13.3027025],[99.2295775,13.30279],[99.2296163,13.302944],[99.2296174,13.303083],[99.2295874,13.3033375],[99.2295589,13.3034132],[99.2294505,13.3035606],[99.2290216,13.3040622],[99.2289095,13.3042626],[99.2287691,13.3046862],[99.2287599,13.3050372],[99.2288274,13.3053625],[99.2289007,13.3055772],[99.2289723,13.3057373],[99.2290796,13.305926],[99.2291724,13.30605],[99.2292463,13.3061175],[99.2293137,13.3061593],[99.2295366,13.3062491],[99.2301833,13.3063689],[99.2302453,13.3063988],[99.2302918,13.306445],[99.2303571,13.3066101],[99.2303607,13.3067329],[99.2303376,13.3068353],[99.2302397,13.3070877],[99.2300811,13.3074054],[99.2300691,13.3074582],[99.2300731,13.3075731],[99.2301028,13.3076433],[99.2301821,13.3077291],[99.2303714,13.3078644],[99.2305972,13.3080566],[99.2306667,13.3081516],[99.2306801,13.3082279],[99.2306568,13.3082763],[99.2306139,13.3083184],[99.2304522,13.3083675],[99.2303509,13.3084305],[99.2303154,13.3084701],[99.2302601,13.3085769],[99.2302611,13.3086861],[99.2302797,13.3087664],[99.2303742,13.3089311],[99.2305675,13.3091204],[99.2308528,13.3092935],[99.2314725,13.3095384],[99.2315322,13.3095874],[99.2315811,13.3096592],[99.2316332,13.309826],[99.231681,13.3101048],[99.2316965,13.3104598],[99.2316563,13.310561],[99.2313643,13.3108682],[99.2312675,13.3110241],[99.231242,13.3111722],[99.2312484,13.3114548],[99.2312751,13.3115863],[99.2313291,13.3116985],[99.2314122,13.3117623],[99.2315435,13.3117852],[99.2325442,13.3118201],[99.2326419,13.3118398],[99.2327767,13.311896],[99.2329514,13.3119956],[99.2329968,13.3120269],[99.2331619,13.3122114],[99.2335614,13.3127767],[99.2337152,13.3130637],[99.233772,13.3132373],[99.2337702,13.3134879],[99.2336913,13.3137733],[99.2335799,13.3140871],[99.2335486,13.3143266],[99.2335429,13.3145945],[99.2335944,13.3146987],[99.2337324,13.31479],[99.233802,13.3148594],[99.2347287,13.3162656],[99.2347759,13.3163733],[99.2348663,13.3167776],[99.2348987,13.3173935],[99.2349679,13.3176255],[99.2350708,13.317846],[99.2350433,13.318101],[99.2351648,13.3185105],[99.2352513,13.3186584],[99.2353028,13.3186913],[99.2353493,13.318661],[99.2353675,13.3184533],[99.2354402,13.3182877],[99.2355049,13.3182087],[99.2355941,13.3181337],[99.2356925,13.3180903],[99.2357686,13.3180796],[99.2359028,13.3180795],[99.235979,13.3180936],[99.2362039,13.3181928],[99.2363454,13.3182744],[99.2366246,13.3184802],[99.2367449,13.3185112],[99.2368525,13.3185195],[99.2370636,13.3185223],[99.2382782,13.3184253],[99.2386516,13.3183468],[99.2391192,13.3182185],[99.2393367,13.3181082],[99.2394091,13.3180478],[99.2396554,13.3177564],[99.2397025,13.3176853],[99.2397604,13.3175503],[99.2398038,13.3175006],[99.2398437,13.3174757],[99.2399017,13.317465],[99.2401265,13.3174754],[99.2401809,13.3174434],[99.2404996,13.3170489],[99.240619,13.3167789],[99.2406658,13.3164131],[99.2407453,13.3161538],[99.2407518,13.3154365],[99.2407444,13.3152838],[99.2405478,13.3144318],[99.2404424,13.3141762],[99.2402499,13.3138426],[99.2395383,13.3129093],[99.2393531,13.3126964],[99.2390555,13.3124055],[99.2389249,13.3123133],[99.2385296,13.3122107],[99.2384026,13.3121931],[99.2378225,13.3121688],[99.237739,13.3121262],[99.2377172,13.3120552],[99.2377532,13.3117995],[99.2377422,13.3116859],[99.2377177,13.3116438],[99.2376088,13.3115693],[99.2375979,13.3115],[99.237625,13.3114441],[99.2376712,13.3113934],[99.2377391,13.3113321],[99.237818,13.3112868],[99.2379702,13.311228],[99.2381904,13.3111906],[99.2383482,13.3111904],[99.2392077,13.311384],[99.2404042,13.3113669],[99.2411519,13.3112091],[99.2418424,13.310982],[99.2434328,13.3104931],[99.2435225,13.3104691],[99.2436368,13.3104663],[99.2442567,13.3103725],[99.2443872,13.3103244],[99.2444633,13.3102658],[99.2445121,13.3101832],[99.2445528,13.3100393],[99.2444873,13.3098103],[99.2443701,13.3095707],[99.2440406,13.3091343],[99.2437763,13.3086232],[99.2434874,13.3079523],[99.2434382,13.307734],[99.243438,13.3075262],[99.243457,13.307417],[99.2435138,13.3071773],[99.2435898,13.3069934],[99.2440868,13.3063192],[99.2441465,13.3062552],[99.2443096,13.3061298],[99.244489,13.3060498],[99.2446684,13.3060043],[99.2448723,13.3059828],[99.2450273,13.3059827],[99.2452911,13.3059984],[99.2454244,13.3060249],[99.2455876,13.3060833],[99.2457536,13.3061711],[99.2459224,13.306336],[99.2459632,13.3063999],[99.2459878,13.3064771],[99.2460288,13.3066742],[99.2460289,13.3068553],[99.2460046,13.3069884],[99.2458988,13.3072149],[99.2458907,13.3072842],[99.2460163,13.3077768],[99.2460437,13.3079765],[99.2460928,13.3081549],[99.2463191,13.3087592],[99.2463709,13.3088391],[99.2465778,13.3090439],[99.2468444,13.3091476],[99.247342,13.3091577],[99.2478479,13.3092078],[99.2480083,13.309205],[99.2481307,13.3091543],[99.2481931,13.309101],[99.2482909,13.3089837],[99.2483398,13.3088744],[99.2483964,13.308395],[99.2484069,13.3079955],[99.2483656,13.3075694],[99.2482892,13.3072632],[99.2482292,13.3071328],[99.2482073,13.306965],[99.2482154,13.3069357],[99.248267,13.306893],[99.2484845,13.3067863],[99.2492377,13.306719],[99.249322,13.3067189],[99.2493818,13.3067375],[99.2495995,13.3068571],[99.2496213,13.3068864],[99.2496405,13.3070009],[99.2496351,13.3070888],[99.2495838,13.307451],[99.2496629,13.3076454],[99.2499079,13.3079487],[99.2499841,13.3080232],[99.250074,13.3080951],[99.2502127,13.3081562],[99.2503868,13.3082146],[99.2505609,13.3082384],[99.2506724,13.308241],[99.2508763,13.3082008],[99.2509823,13.3081528],[99.2510448,13.3080968],[99.2512484,13.3077477],[99.2513922,13.30742],[99.2514436,13.3072202],[99.2514651,13.3069432],[99.2514292,13.3064185],[99.25135,13.3061123],[99.2512819,13.3059526],[99.2510368,13.3055826],[99.250985,13.3054708],[99.2509549,13.305359],[99.2508865,13.3049223],[99.250886,13.3044669],[99.2509022,13.3043257],[99.2510106,13.3039661],[99.2512007,13.3037102],[99.2514099,13.3035449],[99.2516165,13.3034674],[99.2517715,13.3034433],[99.2518612,13.3034459],[99.2521169,13.3034989],[99.2521822,13.3035255],[99.2522856,13.3036159],[99.2523483,13.3037597],[99.2523675,13.3038395],[99.2523922,13.3040659],[99.2522434,13.3048224],[99.2522463,13.3050088],[99.2523171,13.3050754],[99.2523688,13.3050966],[99.2525047,13.3051098],[99.2526325,13.3050724],[99.2527684,13.3049897],[99.2528825,13.3048724],[99.2530834,13.3045366],[99.2533683,13.3039531],[99.2535771,13.3033962],[99.2538106,13.3030098],[99.2538785,13.3029432],[99.2540198,13.3028791],[99.2541884,13.3028656],[99.2544468,13.3028893],[99.2545665,13.3029159],[99.2548657,13.3030168],[99.2553146,13.303232],[99.2555459,13.3033863],[99.2558998,13.3037375],[99.2559163,13.3039159],[99.2559001,13.3040384],[99.2558622,13.3041503],[99.2556857,13.3044355],[99.2556641,13.3045553],[99.2556806,13.3047524],[99.2557106,13.3048269],[99.2557977,13.3049334],[99.2559637,13.3050477],[99.2560671,13.3050902],[99.2563228,13.3051752],[99.2564588,13.3052017],[99.2568423,13.305228],[99.2571795,13.3052356],[99.2573426,13.3052221],[99.2575384,13.305166],[99.2578454,13.3049633],[99.2581741,13.3046167],[99.2583669,13.3043449],[99.2585189,13.3040731],[99.2586165,13.3037827],[99.2586246,13.3037107],[99.2585671,13.3032096],[99.2584931,13.3030641],[99.2583655,13.3029231],[99.2594186,13.3026706],[99.2595795,13.3026124],[99.2597194,13.3025843],[99.2598795,13.3026039],[99.2601132,13.3027674],[99.260122,13.3028856],[99.260075,13.3030098],[99.2600629,13.3030972],[99.2600424,13.3037443],[99.2600824,13.3038538],[99.2602328,13.3040167],[99.2603543,13.3040574],[99.2604431,13.3040555],[99.2605155,13.3040288],[99.2606638,13.3039309],[99.2607226,13.3039433],[99.2607751,13.3040076],[99.2608011,13.3040182],[99.2609406,13.3040172],[99.2611905,13.3039796],[99.2612879,13.3039795],[99.2614447,13.3040084],[99.2619786,13.3042567],[99.2621146,13.3043366],[99.2622516,13.3043556],[99.2624132,13.3043245],[99.2626893,13.3042313],[99.2628751,13.304095],[99.2631785,13.3040806],[99.2634997,13.3040968],[99.2637797,13.3040005],[99.2639577,13.3039802],[99.2646411,13.304068],[99.2648332,13.3040733],[99.2649916,13.3041082],[99.2651268,13.3041723],[99.2652985,13.3041687],[99.2654385,13.304113],[99.2656519,13.3039508],[99.2658945,13.3037127],[99.2661414,13.3033861],[99.2664981,13.3031479],[99.2667222,13.3029587],[99.2671927,13.3027791],[99.267292,13.3027657],[99.2674352,13.3027985],[99.2678817,13.3031575],[99.2679723,13.3032902],[99.2683968,13.3041802],[99.2692912,13.3061483],[99.2696646,13.3067507],[99.2699502,13.3073937],[99.2700272,13.3074819],[99.2700855,13.3074991],[99.2702378,13.3075069],[99.2709607,13.3075283],[99.2718115,13.3074758],[99.272858,13.3073788],[99.2737767,13.307363],[99.2743661,13.3073833],[99.2745471,13.3074296],[99.2745885,13.3074599],[99.2747213,13.3076253],[99.2748514,13.3078737],[99.2748752,13.3079569],[99.2749299,13.3084016],[99.2750892,13.3094117],[99.2750837,13.3095547],[99.2749598,13.30975],[99.2745288,13.3102145],[99.274265,13.3104479],[99.2740213,13.3106371],[99.2735659,13.3110623],[99.273518,13.3111384],[99.2734919,13.3112433],[99.2735209,13.3113896],[99.2735699,13.3114907],[99.2742164,13.3123477],[99.2742952,13.3124823],[99.2744653,13.3126901],[99.2746199,13.3128315],[99.2747994,13.3129172],[99.2748441,13.3129184],[99.27496,13.3128928],[99.2750625,13.3128239],[99.2752099,13.3126924],[99.2752632,13.3126251],[99.2753265,13.3124989],[99.2755305,13.3118305],[99.2755751,13.3117351],[99.2756716,13.3115772],[99.2758587,13.311372],[99.275975,13.3113136],[99.2761292,13.3113021],[99.2762218,13.311317],[99.276334,13.3113901],[99.276384,13.3114728],[99.2764422,13.3116811],[99.2764581,13.3118012],[99.2764426,13.3119019],[99.276369,13.3121396],[99.2762754,13.3123564],[99.276222,13.3125388],[99.2762357,13.3128734],[99.2763184,13.3130495],[99.2766312,13.3133193],[99.2772831,13.3141215],[99.2774228,13.314347],[99.2774771,13.3144716],[99.2775922,13.3146173],[99.2779345,13.3151319],[99.2780151,13.3152237],[99.2781202,13.3153028],[99.2782887,13.3153504],[99.2784046,13.315409],[99.2785476,13.3155176],[99.2786315,13.3156093],[99.2788553,13.3159182],[99.2789176,13.3160911],[99.2789566,13.3164411],[99.2790984,13.3170826],[99.2791551,13.3171914],[99.2792309,13.3172524],[99.2793046,13.3172772],[99.2802687,13.3172968],[99.280332,13.3172782],[99.2804964,13.3171878],[99.2808705,13.3168417],[99.2809436,13.3167905],[99.2811163,13.3167193],[99.2813203,13.316723],[99.2813662,13.3167454],[99.2814331,13.3168338],[99.2815741,13.317229],[99.2817153,13.3178754],[99.2817634,13.3182023],[99.2818092,13.3183489],[99.2818327,13.3183853],[99.2819249,13.3184565],[99.2820565,13.3184976],[99.2821504,13.3184993],[99.2823511,13.3184302],[99.2825147,13.3184054],[99.282728,13.3184316],[99.2828878,13.3185331],[99.2829989,13.3186581],[99.2831497,13.3187833],[99.2834398,13.3189627],[99.2835713,13.318998],[99.2842042,13.3190181],[99.284671,13.3189733],[99.2851906,13.3189433],[99.2854675,13.3189128],[99.2856041,13.3188571],[99.2856649,13.3188174],[99.2858569,13.3186288],[99.2859287,13.3185261],[99.2859418,13.3184484],[99.2859349,13.3182434],[99.2858679,13.31804],[99.2857252,13.3178824],[99.2855203,13.3176007],[99.2853544,13.3173649],[99.2852532,13.3171711],[99.2851411,13.3166812],[99.2851389,13.3164221],[99.2851798,13.3161262],[99.2852171,13.3160365],[99.2852887,13.3159592],[99.2854054,13.3159121],[99.2858829,13.3157813],[99.2862003,13.3156587],[99.2865953,13.3154895],[99.286655,13.3154522],[99.2868052,13.3152394],[99.2869965,13.3149111],[99.2870515,13.3148671],[99.2871904,13.3148476],[99.2877587,13.3148404],[99.2878641,13.3148672],[99.2885301,13.3156431],[99.2888756,13.3159865],[99.2889321,13.3160193],[99.2890502,13.3160481],[99.289261,13.3160183],[99.2897278,13.3159072],[99.2899762,13.3158922],[99.2904582,13.3159121],[99.2905513,13.3159429],[99.2906842,13.3160241],[99.2908304,13.3161533],[99.2909638,13.3163635],[99.2910464,13.3166284],[99.2910998,13.3171593],[99.2910853,13.3176564],[99.2910966,13.3177453],[99.2911402,13.3178729],[99.2912455,13.3180214],[99.2913472,13.3181],[99.2917637,13.3182573],[99.2919821,13.3182792],[99.2921801,13.318279],[99.2926,13.3182197],[99.2932033,13.318041],[99.2943506,13.3176099],[99.2949117,13.3174986],[99.2955142,13.3176453],[99.2958462,13.3182348],[99.2957582,13.320152],[99.2958501,13.3214792],[99.2965143,13.3227761],[99.2996795,13.3251024],[99.3006445,13.3261336],[99.3010095,13.328994],[99.3016743,13.3308219],[99.302603,13.3327358],[99.3026971,13.3332128],[99.3029291,13.3341368],[99.3029805,13.3350806],[99.3031729,13.3363488],[99.3033252,13.3377055],[99.303326,13.338325],[99.3032967,13.3389838],[99.3032972,13.3394292],[99.3032059,13.3398719],[99.3031291,13.3407939],[99.303195,13.3413725],[99.3033101,13.3416878],[99.3035112,13.3419629],[99.3037124,13.3421888],[99.3042251,13.3426798],[99.3044865,13.3429646],[99.3047177,13.3431807],[99.3050095,13.343369],[99.3054093,13.3434612],[99.3055426,13.3434784],[99.3072085,13.343571],[99.3077459,13.3437116],[99.3078667,13.3437683],[99.3081326,13.3439681],[99.308183,13.3440295],[99.308317,13.344298],[99.3084929,13.344908],[99.3089342,13.345616],[99.3101993,13.3464881],[99.310671,13.3470943],[99.3106964,13.3475796],[99.3103016,13.3489877],[99.3095606,13.3509787],[99.3096608,13.351828],[99.3103309,13.352531],[99.3113975,13.3531849],[99.3125877,13.3535718],[99.3136544,13.3542257],[99.314919,13.3546853],[99.316332,13.3548777],[99.3171502,13.3550223],[99.3178197,13.3553127],[99.3180461,13.3555889],[99.3179786,13.356243],[99.3179177,13.3565232],[99.3179189,13.3574438],[99.3180122,13.3584842],[99.3179918,13.359086],[99.3180542,13.3594019],[99.3181978,13.3597347],[99.3185256,13.3603347],[99.318572,13.360478],[99.3185824,13.3605638],[99.3185568,13.3607749],[99.3185478,13.3616954],[99.3185081,13.362606],[99.31857,13.3630562],[99.3185706,13.3634784],[99.3185299,13.3637721],[99.3184792,13.3639568],[99.3182152,13.3646946],[99.31814,13.365206],[99.3181698,13.3654765],[99.3182288,13.3656319],[99.318335,13.3658564],[99.3185117,13.366121],[99.3188357,13.3665236],[99.31902,13.3671342],[99.3192179,13.3676462],[99.3193549,13.3678895],[99.3194739,13.3680638],[99.3196638,13.3682325],[99.3201179,13.3684207],[99.3202667,13.368506],[99.3204091,13.3686135],[99.3205104,13.3687155],[99.3205671,13.3688159],[99.3206186,13.3689819],[99.3207243,13.3691916],[99.3210199,13.3695388],[99.3211943,13.3698707],[99.3213038,13.3699908],[99.3213907,13.3700432],[99.3215589,13.3700525],[99.3216509,13.3700383],[99.3218674,13.369932],[99.3230041,13.3694523],[99.3234043,13.369379],[99.3235019,13.3693833],[99.3238199,13.3694493],[99.3241091,13.3695604],[99.3244421,13.3696972],[99.3247148,13.3698694],[99.3249153,13.3700884],[99.3251788,13.370468],[99.3252654,13.3706231],[99.3253266,13.370667],[99.3254578,13.3706736],[99.325705,13.3706244],[99.3257594,13.3705933],[99.3259322,13.3704179],[99.3260992,13.3703726],[99.3262321,13.3703889],[99.3263197,13.3704241],[99.3264581,13.3705151],[99.3265121,13.3705347],[99.3266281,13.3705348],[99.3267592,13.3704931],[99.3269157,13.3703361],[99.3269822,13.3698605],[99.3270293,13.3697709],[99.3270638,13.3697335],[99.3271292,13.3696978],[99.327679,13.3696602],[99.3277821,13.3696168],[99.3278283,13.3695549],[99.3279567,13.3696857],[99.3280776,13.3698763],[99.3282038,13.3701994],[99.3282339,13.3703648],[99.328273,13.371313],[99.3282467,13.3721991],[99.3281554,13.3736478],[99.3279036,13.3747444],[99.3277991,13.3762975],[99.3277334,13.3765672],[99.3276849,13.3766773],[99.3275242,13.3769482],[99.3274273,13.377342],[99.3274281,13.3779292],[99.32741,13.3784597],[99.3274983,13.3788927],[99.32757,13.3793972],[99.3282848,13.3823608],[99.328719,13.3840755],[99.3291527,13.3853147],[99.3295423,13.3869915],[99.3299612,13.3882598],[99.3304247,13.389499],[99.3311114,13.3905482],[99.3317682,13.3914662],[99.3322604,13.3919177],[99.3322709,13.39191],[99.3326156,13.392218],[99.3328663,13.3924104],[99.3331188,13.3924909],[99.3333869,13.3925124],[99.3337221,13.392501],[99.3341579,13.3924785],[99.3347835,13.392423],[99.3362022,13.3922133],[99.3362108,13.3922024],[99.3368056,13.3922016],[99.3369841,13.392218],[99.3371357,13.3923055],[99.3373311,13.3924743],[99.3376781,13.3929442],[99.3379805,13.393458],[99.3383055,13.3941248],[99.3385522,13.3947699],[99.3388433,13.3951851],[99.3389479,13.3952765],[99.3402508,13.3960472],[99.3423725,13.3968592],[99.3443548,13.3972057],[99.3460001,13.3975527],[99.3475467,13.3981132],[99.3490738,13.398829],[99.3503241,13.4000689],[99.3520711,13.4021619],[99.3535416,13.4048178],[99.3547956,13.4085605],[99.3549153,13.409123],[99.3548763,13.4095111],[99.3545403,13.4101712],[99.3532181,13.4121188],[99.352682,13.4128106],[99.3526422,13.4128086],[99.3522505,13.4136089],[99.3518154,13.4144092],[99.3513529,13.415564],[99.3512791,13.4159186],[99.3511966,13.4166003],[99.3511505,13.4168093],[99.3505393,13.4178462],[99.3504095,13.4179918],[99.3501035,13.4182103],[99.3497882,13.4184743],[99.3496492,13.4186471],[99.3495289,13.4189199],[99.3495203,13.4193834],[99.3494926,13.4195107],[99.3493445,13.4197653],[99.348983,13.4201566],[99.3485198,13.4208752],[99.3482046,13.4212402],[99.3467883,13.4234043],[99.346343,13.4237249],[99.3455559,13.4239442],[99.3448429,13.4241051],[99.3443679,13.4244112],[99.3439527,13.4249935],[99.3436572,13.4261429],[99.3432423,13.4269871],[99.3429076,13.4274674],[99.3424233,13.4283236],[99.3421302,13.4285298],[99.3420073,13.4286504],[99.3419403,13.4287264],[99.3418912,13.4288562],[99.3418607,13.4288982],[99.3417527,13.428987],[99.341622,13.4290648],[99.3415112,13.4291684],[99.341347,13.4292511],[99.3412217,13.4293519],[99.3411782,13.4295246],[99.3411728,13.4296261],[99.3413465,13.4301365],[99.3413637,13.4302067],[99.3413552,13.4302441],[99.3413385,13.4302741],[99.3412574,13.430312],[99.3408265,13.4303277],[99.3407567,13.4303489],[99.3407171,13.4303861],[99.3406869,13.4304612],[99.3406909,13.4305287],[99.3407833,13.4309345],[99.3407929,13.4310317],[99.3407838,13.4311654],[99.340759,13.4312217],[99.3406525,13.431315],[99.3404721,13.4313921],[99.3402376,13.431379],[99.3400387,13.4313285],[99.3398016,13.4313122],[99.3395312,13.431353],[99.3393922,13.4314274],[99.3393479,13.4314877],[99.3393211,13.431536],[99.3393112,13.4316438],[99.3394001,13.4322768],[99.33938,13.4325188],[99.3391611,13.4330607],[99.3387127,13.4339864],[99.3384295,13.4343413],[99.3383752,13.4343787],[99.3381046,13.4344881],[99.3380271,13.4346121],[99.3379093,13.4346897],[99.3376931,13.4347752],[99.337569,13.4347915],[99.3375519,13.4349373],[99.3373753,13.4349369],[99.3372662,13.4349759],[99.3371327,13.435376],[99.3370814,13.4354397],[99.3366267,13.4356297],[99.3364282,13.4358009],[99.3362192,13.4358295],[99.3359836,13.4359432],[99.3357663,13.4360145],[99.3353837,13.4361831],[99.3353216,13.4361994],[99.3351251,13.4362077],[99.3350241,13.4362434],[99.334788,13.4364067],[99.3345645,13.4366447],[99.334457,13.4368444],[99.3343879,13.4370552],[99.3341627,13.4394892],[99.3340933,13.4399395],[99.3337161,13.4412258],[99.3336235,13.4416172],[99.3331221,13.4432163],[99.3331255,13.445683],[99.3333122,13.4477897],[99.333944,13.4491249],[99.3359687,13.4515118],[99.3385976,13.4541805],[99.3392556,13.4553358],[99.3402828,13.457724],[99.3409146,13.4590079],[99.3415456,13.4596494],[99.3433856,13.4612913],[99.3440169,13.4621383],[99.3444124,13.4633197],[99.3447823,13.4649893],[99.3447843,13.4664025],[99.3447593,13.4672504],[99.3443932,13.468253],[99.3433722,13.47031],[99.3428742,13.4708759],[99.3418511,13.4714426],[99.3400008,13.4720988],[99.3397282,13.4721232],[99.3393786,13.4720709],[99.3392653,13.4720295],[99.3390449,13.4718991],[99.3388791,13.4717739],[99.3385205,13.471401],[99.338162,13.4711196],[99.3377032,13.4708858],[99.3375043,13.4708525],[99.3372091,13.4708624],[99.3365654,13.4709674],[99.3363704,13.470987],[99.3362565,13.4710196],[99.3360396,13.4711844],[99.3359023,13.4712652],[99.3357932,13.4713108],[99.3357013,13.4713433],[99.3352819,13.4713763],[99.3351637,13.4714127],[99.334978,13.4715676],[99.3349284,13.4716463],[99.3349038,13.4717712],[99.3348325,13.4727773],[99.3349193,13.4736458],[99.3349834,13.4749332],[99.3350596,13.4754923],[99.3352285,13.4765026],[99.3352428,13.476797],[99.335216,13.4768965],[99.3349913,13.4771807],[99.3349132,13.4773153],[99.3349102,13.4773942],[99.3350473,13.4774867],[99.3351236,13.4776513],[99.3353325,13.4777798],[99.3355639,13.4780117],[99.3356356,13.4780655],[99.335797,13.4781084],[99.3361858,13.4781335],[99.3366778,13.4782291],[99.3367349,13.4782609],[99.3368107,13.4783405],[99.3369448,13.4785568],[99.3370581,13.4787948],[99.3371969,13.4789963],[99.3372366,13.479084],[99.337188,13.4792595],[99.3370653,13.4795076],[99.3370192,13.4797528],[99.3370274,13.4799001],[99.3371138,13.4801154],[99.3372097,13.4802838],[99.3375547,13.4806392],[99.3382732,13.4812095],[99.3386565,13.4815368],[99.3397772,13.482322],[99.3408128,13.4832304],[99.3411372,13.4833905],[99.3413578,13.4834156],[99.341731,13.4834151],[99.3420276,13.4833866],[99.3423241,13.4832738],[99.342697,13.4830672],[99.3429458,13.4830013],[99.3432137,13.483001],[99.3434339,13.4830381],[99.3437498,13.4831032],[99.3440466,13.4832059],[99.3445442,13.4832052],[99.3449364,13.4831203],[99.3458929,13.4827819],[99.3461895,13.4827253],[99.3464574,13.4826968],[99.3469646,13.4827149],[99.3475103,13.4828827],[99.3477594,13.4830977],[99.3480563,13.4832565],[99.348181,13.4834062],[99.3483057,13.4836402],[99.3484687,13.4838272],[99.3486315,13.4839207],[99.3487656,13.4840328],[99.3488519,13.484117],[99.3489286,13.4842574],[99.3489288,13.484351],[99.3488906,13.484426],[99.3488141,13.4844729],[99.3487951,13.4845573],[99.3488048,13.4846603],[99.3488527,13.4847164],[99.3489485,13.4847444],[99.3490824,13.4847348],[99.3492259,13.4846878],[99.3493597,13.4845846],[99.349828,13.484125],[99.3500575,13.4840217],[99.350268,13.4839839],[99.350689,13.483974],[99.3510528,13.4840297],[99.3524218,13.4844492],[99.3526995,13.4845143],[99.3530633,13.484673],[99.3532645,13.4847851],[99.3534559,13.4848036],[99.3536569,13.4848033],[99.3538005,13.4848406],[99.3539252,13.4850371],[99.3540497,13.4851399],[99.3541646,13.4851398],[99.3542981,13.4850645],[99.3544582,13.48504],[99.3545382,13.4850507],[99.3546266,13.4851019],[99.3547208,13.4853313],[99.3547844,13.4854257],[99.3548507,13.4854796],[99.3550164,13.4855577],[99.3553035,13.4856437],[99.3555024,13.4857569],[99.3559469,13.4859237],[99.3560905,13.4859937],[99.3563502,13.4862067],[99.3565576,13.4864549],[99.3566846,13.4865249],[99.3570932,13.4865918],[99.35741,13.4867333],[99.3574999,13.4868085],[99.3575545,13.4868964],[99.3575793,13.4869646],[99.3575832,13.4870238],[99.3575475,13.4871447],[99.3574921,13.4872333],[99.3574677,13.4874796],[99.3573572,13.4876373],[99.3573355,13.4877198],[99.3573467,13.4878386],[99.3573862,13.4880027],[99.3574138,13.4880469],[99.3575356,13.4881358],[99.3575672,13.4881799],[99.3575805,13.4882529],[99.3575185,13.4883704],[99.3575138,13.4884057],[99.3575363,13.4884824],[99.3576292,13.4886175],[99.3578545,13.4887865],[99.3581426,13.4888936],[99.358386,13.4889096],[99.3584408,13.4889372],[99.358467,13.4889869],[99.3584685,13.4891238],[99.3584295,13.489267],[99.3584089,13.4894313],[99.358423,13.4896751],[99.3582716,13.4899918],[99.3582091,13.4903854],[99.3581732,13.4904618],[99.3578682,13.4907374],[99.3576558,13.4911337],[99.3576137,13.4914776],[99.3574656,13.4920823],[99.3574345,13.4926659],[99.3573286,13.4930621],[99.3572331,13.4933436],[99.3567016,13.4939384],[99.355733,13.4942836],[99.3548495,13.4945246],[99.3543809,13.4945357],[99.3539016,13.4945051],[99.3535181,13.4944118],[99.3524204,13.4938506],[99.3502466,13.4928949],[99.3488831,13.4925946],[99.3484357,13.4925431],[99.3481375,13.4925435],[99.3478394,13.4925856],[99.3475094,13.492659],[99.3471689,13.4928367],[99.3468604,13.4930664],[99.3463818,13.4935256],[99.3462437,13.4937237],[99.3459737,13.4943562],[99.3458488,13.4947323],[99.3455912,13.4961019],[99.3454097,13.4969324],[99.3453197,13.4978776],[99.3453446,13.4984194],[99.3455498,13.4995154],[99.3456761,13.4998493],[99.3456642,13.4999314],[99.3455685,13.5000077],[99.345293,13.5000198],[99.3452511,13.5000433],[99.3453113,13.5002777],[99.3454915,13.5006351],[99.3455157,13.5007875],[99.3454919,13.5009047],[99.3453365,13.5013006],[99.3453202,13.5017399],[99.3453276,13.5018356],[99.34536,13.5019457],[99.3454997,13.5022425],[99.3454988,13.5023419],[99.3454303,13.5026581],[99.3454632,13.5028767],[99.3454909,13.5029501],[99.3456093,13.5031285],[99.3456544,13.5032291],[99.3456578,13.5033078],[99.345524,13.5039626],[99.3455055,13.5041769],[99.3455312,13.5045676],[99.345596,13.5048444],[99.3457569,13.5051943],[99.3459807,13.5055297],[99.3461904,13.5056983],[99.3463143,13.5057663],[99.3464322,13.5058547],[99.3465916,13.5060244],[99.3466538,13.5061268],[99.3467369,13.5064184],[99.3467472,13.5068951],[99.3467246,13.5070173],[99.3466352,13.5071832],[99.3465592,13.507388],[99.346489,13.5074648],[99.3463148,13.5075787],[99.3462876,13.507625],[99.3462805,13.507717],[99.3462918,13.5077587],[99.3463895,13.50789],[99.3464143,13.5081624],[99.3464602,13.5082728],[99.3465489,13.508348],[99.3467354,13.5084337],[99.3468952,13.5085315],[99.3469447,13.5085772],[99.3469808,13.508652],[99.3469658,13.5087387],[99.3468289,13.508878],[99.3467803,13.508961],[99.3467849,13.5091061],[99.3467642,13.5093525],[99.346791,13.5094264],[99.3468914,13.5095663],[99.3468939,13.5096347],[99.3467226,13.5101652],[99.3465955,13.5108353],[99.3465995,13.5111775],[99.346637,13.51133],[99.3467098,13.5114668],[99.3468443,13.5116264],[99.3468724,13.5116805],[99.3469601,13.5120419],[99.3469874,13.5124483],[99.3471206,13.5129739],[99.3471907,13.5131286],[99.3473569,13.5132679],[99.347459,13.513307],[99.3476263,13.5133257],[99.3478643,13.5133008],[99.3480264,13.5129625],[99.3481685,13.5128131],[99.3483715,13.5126736],[99.3486458,13.5125539],[99.348859,13.5124342],[99.3490317,13.5123644],[99.3492858,13.5123441],[99.3496312,13.5122939],[99.3500377,13.5122635],[99.3503788,13.5122571],[99.3510218,13.5122959],[99.3516753,13.5121462],[99.3521236,13.5120043],[99.352534,13.5119442],[99.3526709,13.5119589],[99.352915,13.5120396],[99.3530732,13.5120311],[99.3531544,13.5119933],[99.3533422,13.5118006],[99.3534063,13.511767],[99.3535004,13.5117585],[99.3539065,13.511737],[99.354176,13.5117533],[99.3549287,13.5118527],[99.3552322,13.5118355],[99.3554203,13.5117976],[99.3560742,13.5115582],[99.3569501,13.5111344],[99.3574499,13.5107738],[99.3579112,13.5104677],[99.3582271,13.5101493],[99.3583168,13.5100362],[99.3587353,13.5097218],[99.3588421,13.5096045],[99.3588847,13.5095124],[99.3589483,13.5091901],[99.3589948,13.5088469],[99.3591569,13.5085245],[99.3592635,13.5083821],[99.3593915,13.5081644],[99.3594298,13.508043],[99.3594504,13.5075241],[99.3594152,13.506884],[99.359449,13.5065869],[99.3595685,13.5064194],[99.3596282,13.5063691],[99.3597223,13.5063396],[99.3598078,13.5063395],[99.3602611,13.5064184],[99.3604107,13.506347],[99.3604619,13.5062674],[99.3606408,13.5057986],[99.3608624,13.5053589],[99.3610029,13.5049654],[99.3610198,13.5048022],[99.3609803,13.5041245],[99.36101,13.5039403],[99.361146,13.5034422],[99.3612652,13.5030906],[99.3614953,13.5025714],[99.3616276,13.5024039],[99.3617643,13.5022949],[99.3619224,13.5022319],[99.3629867,13.5019709],[99.3631234,13.5018996],[99.3632558,13.5017948],[99.3633842,13.501595],[99.3635158,13.5015277],[99.363523,13.501503],[99.3634566,13.5011647],[99.3634563,13.5010081],[99.3634926,13.5008638],[99.3640936,13.5000487],[99.3642043,13.4999338],[99.3651667,13.4991477],[99.3654516,13.4988991],[99.3663282,13.4979829],[99.3665719,13.4977747],[99.3667651,13.4976503],[99.3670375,13.4975135],[99.367256,13.4973736],[99.3674428,13.4972461],[99.3677973,13.4969696],[99.3679937,13.4968483],[99.3684654,13.4965157],[99.3693267,13.4959841],[99.3697099,13.4957695],[99.3715145,13.4944083],[99.3717868,13.4942621],[99.3727625,13.4939102],[99.3731775,13.4937421],[99.3734245,13.4936083],[99.3737221,13.4934156],[99.373871,13.4933533],[99.3746568,13.493197],[99.3748011,13.4931554],[99.374908,13.4931016],[99.3752092,13.4928811],[99.3753899,13.4926877],[99.3755212,13.4924835],[99.3755622,13.4923869],[99.3756658,13.4920245],[99.3757723,13.4917667],[99.3758571,13.4915895],[99.3759254,13.4914848],[99.3760377,13.4913558],[99.3778644,13.4899926],[99.3802386,13.4881081],[99.3803262,13.4880006],[99.3821126,13.4854542],[99.3824455,13.4849169],[99.3832755,13.48379],[99.3835521,13.4833712],[99.3835967,13.4832836],[99.383691,13.4829928],[99.383696,13.4827197],[99.3837547,13.4825393],[99.3838027,13.4823222],[99.3836966,13.48196],[99.3835424,13.4817781],[99.383535,13.4817466],[99.3835412,13.4817065],[99.383597,13.4816614],[99.3837287,13.4816089],[99.3837846,13.4816015],[99.383991,13.4816413],[99.3841882,13.4821738],[99.3843658,13.4824529],[99.3844333,13.4825446],[99.3845133,13.4826221],[99.3846763,13.4827082],[99.3847697,13.4828419],[99.3849704,13.4832052],[99.3850501,13.4832915],[99.3852604,13.4834602],[99.3855631,13.4838903],[99.3856054,13.4839669],[99.3856093,13.4840289],[99.3855398,13.4841239],[99.3855288,13.4842005],[99.3855899,13.4843135],[99.3860642,13.4848054],[99.3868898,13.4858392],[99.386977,13.4859133],[99.3872255,13.4859105],[99.3874096,13.4859564],[99.3875128,13.4860025],[99.3875402,13.4860328],[99.3875727,13.486169],[99.3876139,13.4862516],[99.3878317,13.4864423],[99.3882535,13.4867226],[99.3883941,13.4868403],[99.3884227,13.4868671],[99.3885823,13.4871393],[99.3886744,13.487234],[99.3887217,13.4872643],[99.388754,13.4872643],[99.3889279,13.4872287],[99.3889863,13.4872311],[99.3890597,13.4872845],[99.3890947,13.4873927],[99.3891176,13.4877004],[99.3891614,13.4878888],[99.3891891,13.488115],[99.389234,13.4882232],[99.3893373,13.4883215],[99.389366,13.4883665],[99.389623,13.4888688],[99.3896741,13.4889303],[99.3897292,13.4889686],[99.3897999,13.4889877],[99.3898857,13.4889813],[99.3899305,13.4890185],[99.3899921,13.4891563],[99.3900702,13.4892827],[99.3902494,13.4894105],[99.3902908,13.4894478],[99.3903257,13.4895077],[99.3903375,13.4895807],[99.3903243,13.4896488],[99.3901142,13.4898859],[99.3900565,13.4900352],[99.3900582,13.4901049],[99.3901099,13.4902881],[99.3902046,13.4904371],[99.3903424,13.4905715],[99.3904054,13.4906055],[99.3905347,13.4906377],[99.3906342,13.4906911],[99.3909052,13.491195],[99.3912538,13.4915853],[99.3913517,13.4916565],[99.3914711,13.4917244],[99.3916038,13.4917534],[99.3918093,13.4917482],[99.3919948,13.4917171],[99.3921937,13.4917347],[99.3923297,13.4917734],[99.3924524,13.4918494],[99.392469,13.4918753],[99.3924791,13.4919548],[99.3924314,13.4921608],[99.3924315,13.4922484],[99.3924465,13.4923084],[99.3925678,13.4924866],[99.3926973,13.4926485],[99.3929164,13.4928623],[99.3933743,13.493147],[99.3935185,13.4931857],[99.3936445,13.4931871],[99.3936726,13.4931741],[99.393757,13.4930783],[99.3938779,13.4930667],[99.3940735,13.4930842],[99.3944946,13.4931582],[99.3946636,13.4931612],[99.3948399,13.4931881],[99.3948708,13.4931579],[99.3948773,13.49299],[99.394877,13.492802],[99.3948504,13.4925757],[99.3947764,13.4924569],[99.3945547,13.4923142],[99.3944923,13.4921798],[99.3944963,13.4919829],[99.394561,13.491752],[99.3946592,13.4915975],[99.3949382,13.4913988],[99.3952173,13.491285],[99.3956397,13.4911937],[99.3958754,13.4911183],[99.3959881,13.4910176],[99.3960458,13.490873],[99.3961075,13.490543],[99.396113,13.4903886],[99.3961663,13.4902243],[99.3961704,13.490077],[99.3962121,13.4899027],[99.3962119,13.4897993],[99.3961597,13.4897244],[99.3960075,13.4896085],[99.3959176,13.4894642],[99.3958812,13.4893198],[99.3958521,13.4892703],[99.3957232,13.4891784],[99.3956288,13.4890072],[99.3954564,13.4888446],[99.3953084,13.4886253],[99.3952749,13.4884739],[99.3952874,13.4881609],[99.3952711,13.4879272],[99.3952748,13.4875264],[99.39526,13.4873735],[99.3953463,13.4870519],[99.3953534,13.4869712],[99.3953272,13.4868693],[99.3952997,13.486824],[99.3951344,13.4866232],[99.3949329,13.4864436],[99.3948386,13.4862979],[99.3948369,13.486152],[99.3948816,13.4860174],[99.3951054,13.4857055],[99.3951573,13.4855992],[99.3952335,13.485306],[99.3951808,13.4849563],[99.395214,13.4848726],[99.3952819,13.4848074],[99.3956303,13.4846327],[99.3957778,13.4845729],[99.3959471,13.4845585],[99.3963755,13.4845663],[99.3965158,13.4845505],[99.3969092,13.4844211],[99.3973618,13.4842235],[99.3974298,13.4841809],[99.3975597,13.4840136],[99.3977058,13.4839383],[99.3977824,13.4839212],[99.3980487,13.4839349],[99.3981543,13.4839192],[99.3982093,13.4838879],[99.3984374,13.4836072],[99.3986021,13.4834341],[99.3987235,13.4833461],[99.3988493,13.4832893],[99.3990012,13.4832777],[99.3990533,13.4832791],[99.3991243,13.4833143],[99.3992983,13.483518],[99.399436,13.4836353],[99.3995287,13.4836805],[99.3997791,13.4837665],[99.39984,13.4838103],[99.3999067,13.4839235],[99.3999853,13.4841471],[99.400036,13.4842107],[99.4001186,13.4842715],[99.400275,13.4843336],[99.400857,13.4844941],[99.4009684,13.4844854],[99.4011128,13.4843209],[99.4011735,13.4842812],[99.4012198,13.4842754],[99.4013573,13.4842908],[99.4016398,13.484456],[99.4016832,13.4844644],[99.4017411,13.4844502],[99.4018148,13.4844019],[99.4019491,13.4842162],[99.4020473,13.484124],[99.402192,13.4840813],[99.402302,13.4841066],[99.4023469,13.4841348],[99.4024455,13.4842522],[99.4025845,13.4843086],[99.4028725,13.4843068],[99.4030127,13.4842499],[99.4031198,13.4842384],[99.4031878,13.4842468],[99.403282,13.4843061],[99.4034531,13.4844899],[99.4035283,13.4844926],[99.4036151,13.4844656],[99.4037697,13.4843421],[99.4038218,13.4843222],[99.4039028,13.4842994],[99.4041835,13.4842877],[99.404276,13.4842493],[99.4043498,13.4841939],[99.4044451,13.4840876],[99.4044913,13.4840634],[99.4045695,13.4840491],[99.4047098,13.4840531],[99.4049385,13.4840358],[99.4051194,13.4841006],[99.4052021,13.4841812],[99.4052878,13.4843652],[99.4053563,13.4846936],[99.4054259,13.4847799],[99.4057938,13.4849861],[99.4058764,13.4850157],[99.4059893,13.485024],[99.4060934,13.4849983],[99.4064028,13.4848463],[99.4064665,13.484832],[99.4067084,13.4850101],[99.406794,13.4851317],[99.4068867,13.485191],[99.4069808,13.4851881],[99.4071891,13.4851311],[99.4073048,13.4851337],[99.4075974,13.4852664],[99.4077378,13.4852803],[99.4078897,13.485273],[99.4079895,13.4852487],[99.4080618,13.4852132],[99.4080994,13.4851735],[99.4081438,13.4849412],[99.4081625,13.4848845],[99.408203,13.4848264],[99.4082883,13.4847724],[99.4084301,13.4847736],[99.4086242,13.4848937],[99.4088259,13.4852091],[99.4096612,13.4862798],[99.4098033,13.486417],[99.4098684,13.4864508],[99.4099784,13.4864436],[99.410295,13.4862745],[99.4105525,13.4861906],[99.4106841,13.4861677],[99.4109026,13.4861447],[99.4113585,13.4861807],[99.4115944,13.4861733],[99.4119517,13.4861302],[99.4120371,13.4861626],[99.4122836,13.4864256],[99.412356,13.4864765],[99.4124414,13.4864679],[99.412641,13.4864081],[99.4127525,13.4864334],[99.4129857,13.4865434],[99.4130797,13.4865532],[99.4133054,13.4865146],[99.4136076,13.4863881],[99.4138059,13.486375],[99.413913,13.486406],[99.4139888,13.4867386],[99.4140628,13.4868532],[99.4144423,13.4870282],[99.4147639,13.4872217],[99.4147944,13.4872825],[99.4147888,13.4874086],[99.4147256,13.487699],[99.4147358,13.4877542],[99.4147794,13.487815],[99.4148315,13.4878461],[99.4148662,13.4878475],[99.4149024,13.487846],[99.4149979,13.4878062],[99.4150992,13.4878131],[99.4151904,13.4878696],[99.4152311,13.4879771],[99.4152316,13.4882363],[99.4152448,13.4883227],[99.415355,13.4884981],[99.4155404,13.4885927],[99.415581,13.4886507],[99.4156,13.4887582],[99.4155656,13.4889127],[99.4155615,13.4890472],[99.4155935,13.4891364],[99.4156777,13.4892864],[99.4158836,13.4895409],[99.4159416,13.489589],[99.4161442,13.4896311],[99.4162297,13.489672],[99.4163152,13.4897555],[99.4164125,13.4899352],[99.4164227,13.4899974],[99.4163132,13.4902469],[99.4163336,13.4903615],[99.416428,13.4905469],[99.4167238,13.4908693],[99.4167702,13.4909429],[99.4167605,13.4912049],[99.4167723,13.4913011],[99.4168463,13.4914242],[99.4169057,13.4914666],[99.4169752,13.4914736],[99.4171227,13.4914464],[99.4177389,13.4912457],[99.4179603,13.4912336],[99.4204061,13.4979659],[99.4204365,13.498001],[99.4205479,13.498073],[99.420775,13.4981406],[99.4211375,13.4981505],[99.4215407,13.4982133],[99.4219206,13.4982262],[99.4221383,13.4981896],[99.4225005,13.4981935],[99.4226455,13.4982086],[99.4227254,13.49824],[99.4228905,13.4983412],[99.4230929,13.4983675],[99.4232512,13.4984937],[99.4235334,13.4985216],[99.4236713,13.4985612],[99.4237977,13.4986356],[99.4241879,13.4989377],[99.4243354,13.4990106],[99.4244887,13.4990153],[99.4246049,13.4989941],[99.4246848,13.4989334],[99.4247814,13.4987791],[99.4248238,13.4987616],[99.4249301,13.4987735],[99.4253736,13.4990501],[99.4255977,13.4992556],[99.4256568,13.4993624],[99.4257154,13.4995555],[99.425722,13.4997402],[99.4256945,13.499868],[99.4256942,13.5000448],[99.4257166,13.5001059],[99.4257548,13.500153],[99.4259225,13.5002526],[99.4260338,13.500341],[99.426173,13.5004677],[99.4262607,13.5005916],[99.4263494,13.5006851],[99.4264543,13.5007646],[99.4267165,13.500856],[99.4268735,13.5009607],[99.4270405,13.5011101],[99.427291,13.5012774],[99.4276202,13.5014219],[99.4299087,13.5039115],[99.4300662,13.5040253],[99.4301861,13.5040837],[99.4303347,13.5041308],[99.4308265,13.5041321],[99.4310861,13.5041996],[99.4312438,13.50429],[99.4314061,13.5044122],[99.431756,13.5049197],[99.4321015,13.5051442],[99.432734,13.5051243],[99.4335197,13.5050479],[99.4351109,13.5051765],[99.4358584,13.5051189],[99.4363946,13.5048741],[99.4369489,13.5039916],[99.4372936,13.5037847],[99.437887,13.5033522],[99.4382509,13.5031828],[99.438615,13.5031634],[99.4389794,13.5032753],[99.4396508,13.5035742],[99.4402267,13.5040421],[99.4408027,13.5045476],[99.4416081,13.5047525],[99.4427392,13.5048067],[99.4435061,13.5048992],[99.444388,13.5050289],[99.444963,13.5049904],[99.4482491,13.5043017],[99.4502956,13.5035532],[99.4519722,13.5029905],[99.4531526,13.5021676],[99.4535711,13.5016631],[99.4539566,13.5010697],[99.4546063,13.5007836],[99.4548524,13.5007355],[99.4551715,13.5007052],[99.4554753,13.5007309],[99.4555531,13.5007513],[99.4558664,13.5008998],[99.4559516,13.5009551],[99.4560085,13.5010264],[99.4560978,13.5010897],[99.4562235,13.501141],[99.4565052,13.50121],[99.4565527,13.501259],[99.4566371,13.5014041],[99.4568403,13.5015524],[99.456956,13.5016788],[99.4571975,13.5018016],[99.4572751,13.5018593],[99.4573693,13.5020224],[99.4574298,13.5022598],[99.4575309,13.5023998],[99.4576358,13.502491],[99.4576901,13.5025188],[99.4577825,13.5025342],[99.4580734,13.5025293],[99.4581392,13.5025613],[99.4582895,13.5027593],[99.4583544,13.5027949],[99.4585887,13.5028381],[99.458668,13.5028803],[99.4586906,13.502912],[99.4587196,13.5030198],[99.4587267,13.5031579],[99.4587543,13.5032199],[99.4587692,13.5032336],[99.4590615,13.5032734],[99.4591368,13.5033055],[99.4591604,13.5033423],[99.4591606,13.5034435],[99.4591419,13.5034757],[99.4591601,13.5035414],[99.4596292,13.5039467],[99.4596768,13.5040322],[99.4597051,13.5043585],[99.4597639,13.5044342],[99.4598563,13.5044847],[99.4602058,13.5045326],[99.4610032,13.5046085],[99.4617904,13.5045618],[99.4619326,13.5046009],[99.4621027,13.5047253],[99.4622352,13.5049274],[99.4622633,13.5049397],[99.4625188,13.5049482],[99.4626701,13.5050299],[99.4627317,13.505101],[99.4628769,13.5053952],[99.4629429,13.5054563],[99.4629525,13.5055326],[99.4630112,13.5055661],[99.4630155,13.5056122],[99.4629914,13.5056892],[99.4630475,13.5058736],[99.4630718,13.5058987],[99.4631905,13.5059404],[99.4632476,13.5059431],[99.4633204,13.5059038],[99.4633607,13.5057687],[99.4634257,13.5056995],[99.46366,13.5056935],[99.4637343,13.5056626],[99.4639484,13.5054782],[99.4640534,13.505477],[99.4641585,13.5054998],[99.4643247,13.5055939],[99.4643772,13.5055844],[99.4644294,13.5055067],[99.4645201,13.5052812],[99.4646065,13.5051271],[99.4647112,13.5050444],[99.4647818,13.5050108],[99.4648684,13.504995],[99.4651238,13.5050615],[99.4653427,13.5050544],[99.4653975,13.5050877],[99.465514,13.5052414],[99.4656442,13.5053639],[99.4657309,13.5054128],[99.4659568,13.5054949],[99.4663265,13.5056861],[99.4664637,13.5059112],[99.4665962,13.5060425],[99.4666876,13.5061695],[99.4666947,13.5062788],[99.4666359,13.50656],[99.4665473,13.5067208],[99.4665612,13.50681],[99.4666206,13.5068612],[99.4667781,13.5069568],[99.4671183,13.5074488],[99.467143,13.5076451],[99.4669979,13.508038],[99.4670165,13.5081652],[99.4670803,13.5082312],[99.4671533,13.5082667],[99.4675016,13.5083596],[99.4675941,13.5084402],[99.467631,13.5084979],[99.4676954,13.5087684],[99.467717,13.5089558],[99.4677719,13.5090508],[99.467839,13.5091281],[99.4679303,13.5092141],[99.4680337,13.5092377],[99.4686748,13.5091374],[99.4687631,13.5091442],[99.4688574,13.5091827],[99.4689548,13.5092687],[99.469564,13.5099101],[99.4705162,13.5106381],[99.4713961,13.5113907],[99.4718852,13.5116857],[99.4722018,13.5118308],[99.4724083,13.5119024],[99.4729075,13.5121971],[99.4732642,13.5127094],[99.4738276,13.5136059],[99.4748273,13.5145695]]]}}],"bbox":[99.163586,13.1487936,100.0714949,13.957609]}